!Copyright (C) 2018  Intel Corporation. All rights reserved.
!Your use of Intel Corporation's design tools, logic functions 
!and other software and tools, and its AMPP partner logic 
!functions, and any output files from any of the foregoing 
!(including device programming or simulation files), and any 
!associated documentation or information are expressly subject 
!to the terms and conditions of the Intel Program License 
!Subscription Agreement, the Intel Quartus Prime License Agreement,
!the Intel FPGA IP License Agreement, or other applicable license
!agreement, including, without limitation, that your use is for
!the sole purpose of programming logic devices manufactured by
!Intel and sold by Intel or its authorized distributors.  Please
!refer to the applicable agreement for further details.
!
!Quartus Prime SVF converter 18.1
!
!Device #1: 10M25SA - D:/DigitalLab26/lab7/output_files/Clock_Divider.sof Fri Sep 25 15:36:50 2026
!
!NOTE "USERCODE" "0016338D";
!
!NOTE "CHECKSUM" "0016338D";
!
!
!
FREQUENCY 2.50E+07 HZ;
!
!
!
TRST ABSENT;
ENDDR IDLE;
ENDIR IRPAUSE;
STATE IDLE;
!
!Max 10 Enable ISP
!
SIR 10 TDI (2CC);
RUNTEST IDLE 8750003 TCK ENDSTATE IDLE;
SIR 10 TDI (203);
RUNTEST 128 TCK;
SDR 23 TDI (480008);
SIR 10 TDI (205);
RUNTEST 128 TCK;
SDR 32 TDI (00000000) TDO (1E000000) MASK (FF800000);
!
!Max 10 DSM Clear
!
SIR 10 TDI (203);
RUNTEST 128 TCK;
SDR 23 TDI (000000);
SIR 10 TDI (3F2);
RUNTEST 8750003 TCK;
!
!Max 10 DSM Verify
!
SIR 10 TDI (307);
RUNTEST 128 TCK;
SDR 1 TDI (0) TDO (1) MASK (1);
!
!Max 10 Program ICB
!
SIR 10 TDI (203);
RUNTEST 128 TCK;
SDR 23 TDI (180000);
SIR 10 TDI (3F4);
RUNTEST 128 TCK;
SDR 32 TDI (6C48A50F);
RUNTEST 8000 TCK;
!
!Max 10 DSM Verify
!
SIR 10 TDI (307);
RUNTEST 128 TCK;
SDR 1 TDI (0) TDO (1) MASK (1);
!
!Max 10 Program ICB
!
SIR 10 TDI (203);
RUNTEST 128 TCK;
SDR 23 TDI (1C0000);
SIR 10 TDI (3F4);
RUNTEST 128 TCK;
SDR 32 TDI (FFF7FFFF);
RUNTEST 8000 TCK;
!
!Max 10 DSM Verify
!
SIR 10 TDI (307);
RUNTEST 128 TCK;
SDR 1 TDI (0) TDO (1) MASK (1);
!
!Max 10 Program ICB
!
SIR 10 TDI (203);
RUNTEST 128 TCK;
SDR 23 TDI (440000);
SIR 10 TDI (3F4);
RUNTEST 128 TCK;
SDR 32 TDI (6C48A50F);
RUNTEST 8000 TCK;
!
!Max 10 DSM Verify
!
SIR 10 TDI (307);
RUNTEST 128 TCK;
SDR 1 TDI (0) TDO (1) MASK (1);
!
!Max 10 Program ICB
!
SIR 10 TDI (203);
RUNTEST 128 TCK;
SDR 23 TDI (540000);
SIR 10 TDI (3F4);
RUNTEST 128 TCK;
SDR 32 TDI (6C48A50F);
RUNTEST 8000 TCK;
!
!Max 10 DSM Verify
!
SIR 10 TDI (307);
RUNTEST 128 TCK;
SDR 1 TDI (0) TDO (1) MASK (1);
!
!Max 10 Disable ISP
!
SIR 10 TDI (201);
RUNTEST 8750003 TCK;
SIR 10 TDI (002);
RUNTEST 2500000 TCK;
SDR 3665360 TDI (00000000FFFFFFFFFFFFFFFFFFFFFFFFFFFFFFFFFFFFFFFFFFFFFFFFFFFFFFFFFFFFFFFFFFFFFFFFFFFFFFFFFFFFFFFFFFFFFFFFFFFFFFFFFFFFFFFFFFFFFFFFFFFFFFFFFFFFFFFFFFFFFFFFFFFFFFFFFFFFFFFFFFFFFFFFFFFFFFFFFFFFFFFFFFFFFFFFFFFFFFFFFFFFFFFFFFFFFFFFFFFFFFFFFFFFFF
	FFFFFFFFFFFFFFFFFFFFFFFFFFFFFFFFFFFFFFFFFFFFFFFFFFFFFFFFFFFFFFFFFFFFFFFFFFFFFFFFFFFFFFFFFFFFFFFFFFFFFFFFFFFFFFFFFFFFFFFFFFFFFFFFFFFFFFFFFFFFFFFFFFFFFFFFFFFFFFFFFFFFFFFFFFFFFFFFFFFFFFFFFFFFFFFFFFFFFFFFFFFFFFFFFFFFFFFFFFFFFFFFFFFFFFFFFFFFFFFFFF5C1D00000000
	00000000000000000000000000000000000000000000000000000000000000000000000000000000400000000000000000000000000000000000000000000000000000000000000000000000000000000000000000000000000000000000000000000000000000000000000000000040000000000000000000000000000000
	00000000000000000000000000000000000000000000000000000100000000000000000000000000000000000000008000000000000000000000000000000000000000000000000000000000000000000000000000000000000000000000000000000000000000000000000000000000000000000000000000000000000000
	000000000000000000000040000000000000000000000000000000000000000000000000000000000000000000000000000000004E340000E5AF000000000000000000000000000000000000000000000000000000000000000000000000000000000000000000000000000000000000000000000000000000000000000000
	00000000000000000000000000000000000000000000000000000000000000000000000000000000000000000000000000000000000000000000000000000000000000000000000000000000000000000000000000000000000000000000000000000000000000000000000000000000000000000000000000000000000000
	0000000000000000000000000000000000000000000000000000000000000000000000000000000000000000000000000000000000000000000000000000000000000000000000000000000000000000000000000000000000000000000000000000000000000000000000000000000000004E340000E5AF00000000000000
	00000000000000000000000000000000000000000000000000000000000000000000000000000000000000000000000000000000000000000000000000000000000000000000000000000000000000000000000000000000000000000000000000000000000000000000000000000000000000000000000000000000000000
	00000000000000000000000000000000000000000000000000000000000000000000000000000000000000000000000000000000000000000000000000000000000000000000000000000000000000000000000000000000000000000000000000000000000000000000000000000000000000000000000000000000000000
	000000000000000000000000000000000000000000000000000000000000000000000000000000000000000000000000004E340000E5AF000000000000000000000000000000000000000000000000000000000000000000000000000000000000000000000000000000000000000000000000000000000000000000000000
	00000000000000000000000000000000000000000000000000000000000000000000000000000000000000000000000000000000000000000000000000000000000000000000000000000000000000000000000000000000000000000000000000000000000000000000000000000000000000000000000000000000000000
	0000000000000000000000000000000000000000000000000000000000000000000000000000000000000000000000000000000000000000000000000000000000000000000000000000000000000000000000000000000000000000000000000000000000000000000000000000004E340000E5AF00000000000000000000
	00000000000000000000000000000000000000000000000000000000000000000000000000000000000000000000000000000000000000000000000000000000000000000000000000000000000000000000000000000000000000000000000000000000000000000000000000000000000000000000000000000000000000
	00000000000000000000000000000000000000000000000000000000000000000000000000000000000000000000000000000000000000000000000000000000000000000000000000000000000000000000000000000000000000000000000000000000000000000000000000000000000000000000000000000000000000
	000000000000000000000000000000000000000000000000000000000000000000000000000000000000000000004E340000E5AF000000000000000000000000000000000000000000000000000000000000000000000000000000000000000000000000000000000000000000000000000000000000000000000000000000
	00000000000000000000000000000000000000000000000000000000000000000000000000000000000000000000000000000000000000000000000000000000000000000000000000000000000000000000000000000000000000000000000000000000000000000000000000000000000000000000000000000000000000
	0000000000000000000000000000000000000000000000000000000000000000000000000000000000000000000000000000000000000000000000000000000000000000000000000000000000000000000000000000000000000000000000000000000000000000000000004E340000E5AF00000000000000000000000000
	00000000000000000000000000000000000000000000000000000000000000000000000000000000000000000000000000000000000000000000000000000000000000000000000000000000000000000000000000000000000000000000000000000000000000000000000000000000000000000000000000000000000000
	00000000000000000000000000000000000000000000000000000000000000000000000000000000000000000000000000000000000000000000000000000000000000000000000000000000000000000000000000000000000000000000000000000000000000000000000000000000000000000000000000000000000000
	000000000000000000000000000000000000000000000000000000000000000000000000000000000000004E340000E5AF000000000000000000000000000000000000000000000000000000000000000000000000000000000000000000000000000000000000000000000000000000000000000000000000000000000000
	00000000000000000000000000000000000000000000000000000000000000000000000000000000000000000000000000000000000000000000000000000000000000000000000000000000000000000000000000000000000000000000000000000000000000000000000000000000000000000000000000000000000000
	0000000000000000000000000000000000000000000000000000000000000000000000000000000000000000000000000000000000000000000000000000000000000000000000000000000000000000000000000000000000000000000000000000000000000000004E340000829A00000000000000000000000000002000
	84200400000000100000000200000000000000000000100000000000020000080000000000000000004000000000080000000120000000040100000000000000000000008420240000000010000000000000000200800000000000000000100002000008000000000000000000000001000000000000090000000024010000
	00000000000000000000002000042004000000000000000002008000000000000000001000000002004210000000000000000000010000000000000800000000200000000001080000000000000000000004202400000000800000000000000002008000000000000000001200421000000000000000000000000000010800
	000000000800000000000108000000000000000000000000200000200480000000100000000200804E340000B198000000000000000020002000842004800000009000000002100000001000000000001000000002000210020800100000000000002840000028004800000041200000000401000000000000000000000084
	20240000000090000000800000000210800000300000002000120002100208001000000000000000000001080040000800490000000024010000000000000000000000200020000420048000000090000000121080000010000000000010000000020042100008000000080000000108000000080048000000412000000104
	0108000400000000000000000420240000000090000000100000000200800000000000000000120042100048000000480000000000000001080040001000490010000104010800040000000000000000100020000420048004000010000000020080000000004E340000F40A00008000000092000210120802100008000000
	00200000000840400008404900000009240100002401000000000000000000200084202480842004900000001230000002300000000000100000001200021002080210000800000000084000000840480000004920000001240100000421000000200000008420240084202490000000900000000210800002108000000000
	12002210120802100008000000000000000108004001080049002000092401000024010000000000000000002000042024800420049000000012108000021080000000001000000012004210020842100008000000010800000108004800000049200000012401080004010800000000000004202400042024900000009000
	000002108000021080000000001200421012485210004800000000000000010800000108004E3400007FE9000000000000000000002000842004000000001000000002000000000000000000001000000000000200000800000000000000000040000000000800000001200000000401000000000000000000000084202400
	00000010000000000000000200800000000000000000100002000008000000000000000000000001000000000000090000000024010000000000000000000000000020000420040000000000000000020080000000000000000010000000020042100000000000000000000100000000000008000000002000000000010800
	0000000000000000000420240000000080000000000000000200800000000000000000120042100000000000000000000000000001080000000000080000000000010800000000000000000000000020000020048000000010000000020080000000004E340000E5AF00000000000000000000000000000000000000000000
	00000000000000000000000000000000000000000000000000000000000000000000000000000000000000000000000000000000000000000000000000000000000000000000000000000000000000000000000000000000000000000000000000000000000000000000000000000000000000000000000000000000000000
	00000000000000000000000000000000000000000000000000000000000000000000000000000000000000000000000000000000000000000000000000000000000000000000000000000000000000000000000000000000000000000000000000000000000000000000000000000000000000000000000000000000000000
	000000000000000000000000000000000000000000000000000000000000000000004E34000035C5000000000000000000000000000000000000000000000000000000000000000000000000000000000000000000000000000000000000000000000000000000000000000000000000000000000000000000000000000000
	00000000000000000000000000000000000000000000000000000000000000000000000000000000000000000000000000000000000000000000000000000000000000000000000000000000000000000000000000000000000000000000000000000000000000000000000000000000000000000000000000000000000000
	000000000000000000000000000000000000000000000000000000000000100000000000000000000000000000000000000000000000000000000000000000000000000047320000A7170000000000000000000000000000000000000000000000000000000000000000000000000000000000000000000000000000000000
	00000000000000000000000000000000000000000000000000000000000000000000000000000000000000000000000000000000000000000000000000000000000000000000000000000000000000000000000000000000000000000000000000000000000000000000000000000000000000000000000000000000000000
	00000000000000000000000000000000000000000000000000000000000000000000000000000000000000000000000000000000000000000000000000000000000000000000000000000000000000000000000000000000000000000000000000000000000047320000A71700000000000000000000000000000000000000
	00000000000000000000000000000000000000000000000000000000000000000000000000000000000000000000000000000000000000000000000000000000000000000000000000000000000000000000000000000000000000000000000000000000000000000000000000000000000000000000000000000000000000
	00000000000000000000000000000000000000000000000000000000000000000000000000000000000000000000000000000000000000000000000000000000000000000000000000000000000000000000000000000000000000000000000000000000000000000000000000000000000000000000000000000000000000
	00000000000000000047320000A71700000000000000000000000000000000000000000000000000000000000000000000000000000000000000000000000000000000000000000000000000000000000000000000000000000000000000000000000000000000000000000000000000000000000000000000000000000000
	00000000000000000000000000000000000000000000000000000000000000000000000000000000000000000000000000000000000000000000000000000000000000000000000000000000000000000000000000000000000000000000000000000000000000000000000000000000000000000000000000000000000000
	0000000000000000000000000000000000000000000000000000000000000000000000000000000000000047320000A717000000000000000000000000000000000000000000000000000000000000000000000000000000000000000000000000000000000000000000000000000000000000000000000000000000000000
	00000000000000000000000000000000000000000000000000000000000000000000000000000000000000000000000000000000000000000000000000000000000000000000000000000000000000000000000000000000000000000000000000000000000000000000000000000000000000000000000000000000000000
	000000000000000000000000000000000000000000000000000000000000000000000000000000000000000000000000000000000000000000000000000000000000000000000000000000000047320000A7170000000000000000000000000000000000000000000000000000000000000000000000000000000000000000
	00000000000000000000000000000000000000000000000000000000000000000000000000000000000000000000000000000000000000000000000000000000000000000000000000000000000000000000000000000000000000000000000000000000000000000000000000000000000000000000000000000000000000
	0000000000000000000000000000000000000000000000000000000000000000000000000000000000000000000000000000000000000000000000000000000000000000000000000000000000000000000000000000000000000000000000000000000000000000000000000000004732000035C500000000000000000000
	00000000000000000000000000000000000000000000000000000000000000000000000000000000000000000000000000000000000000000000000000000000000000000000000000000000000000000000000000000000000000000000000000000000000000000000000000000000000000000000000000000000000000
	00000000000000000000000000000000000000000000000000000000000000000000000000000000000000000000000000000000000000000000000000000000000000000000000000000000000000000000000000000000000000000000000000000000000000000000001000000000000000000000000000000000000000
	00000000000000000000000000000000000047320000A71700000000000000000000000000000000000000000000000000000000000000000000000000000000000000000000000000000000000000000000000000000000000000000000000000000000000000000000000000000000000000000000000000000000000000
	00000000000000000000000000000000000000000000000000000000000000000000000000000000000000000000000000000000000000000000000000000000000000000000000000000000000000000000000000000000000000000000000000000000000000000000000000000000000000000000000000000000000000
	0000000000000000000000000000000000000000000000000000000000000000000000000000000000000000000000000000000047320000643C000000000000000000000000000000000000000000000000000000000000000000000000000000000000000000000000000000000000000000000000000000000000000000
	00000000000000000000000000000000000000000000000000000000000000000000000000000000000000000000000000000000000000000000000000000000000000000000000000000000000000000000000000000000000000000000000000000000000000000000000000000000000000000000000000000000000000
	000000000000000000000000000000000000000000000000000000000000000000000000000000000000000000000000000000000000000000000000000000000000000000000000000000000000451E0000643C00000000000000000000000000000000000000000000000000000000000000000000000000000000000000
	00000000000000000000000000000000000000000000000000000000000000000000000000000000000000000000000000000000000000000000000000000000000000000000000000000000000000000000000000000000000000000000000000000000000000000000000000000000000000000000000000000000000000
	0000000000000000000000000000000000000000000000000000000000000000000000000000000000000000000000000000000000000000000000000000000000000000000000000000000000000000000000000000000000000000000000000000000000000000451E0000643C0000000000000000000000000000000000
	00000000000000000000000000000000000000000000000000000000000000000000000000000000000000000000000000000000000000000000000000000000000000000000000000000000000000000000000000000000000000000000000000000000000000000000000000000000000000000000000000000000000000
	00000000000000000000000000000000000000000000000000000000000000000000000000000000000000000000000000000000000000000000000000000000000000000000000000000000000000000000000000000000000000000000000000000000000000000000000000000000000000000000000000000000000000
	000000451E0000A71700000000000000000000000000000000000000000000000000000000000000000000000000000000000000000000000000000000000000000000000000000000000000000000000000000000000000000000000000000000000000000000000000000000000000000000000000000000000000000000
	00000000000000000000000000000000000000000000000000000000000000000000000000000000000000000000000000000000000000000000000000000000000000000000000000000000000000000000000000000000000000000000000000000000000000000000000000000000000000000000000000000000000000
	00000000000000000000000000000000000000000000000000000000000000000000000000473200002BBD000000000000000000000000000000000000000000000000000000000000000000000000000000000000000000000000000000000000000000000000000000000000000000000000000000000000000000000000
	00000000000000000000000000000000000000000000000000000000000000000000000000000000000000000000000000000000000000000000000000000000000000000000000000000000000000000000000000000000000000000000000000000000000000000000000000000000000000000000000800000000000000
	00000000000000000000000000000000000000000000000000000000000000000000000000000000000000000000000000000000000000000000000000000000000000000000000000000000000000000000004A330000D4E20000000000000000000000000000000000000000000000000000000000000000000000000000
	00000000000000000000000000000000000000000000000000000000000000000000200000000000000000000000000000002000000000000000000000000000000000000000000000000000000000000000000000000000000000000000000000000000000000000000000000000000000000000000000000000000000000
	00000000000000000000000000000000000000000000000000000000000000000000000000000000000000000000000000000000000000000000000000000000000000000000000000000000000000000000000000000000000000000000000000000000000000000000000000000100000000000000000000000000000000
	00004A3300000F490000000000000000000000000000000000000000000000000000000000000000000000000000000000000000000000000000000000000000000000000000000000000000000000000000000000000000000000000000000000000000000000000000000000000000000000000000000000000000000000
	00000000000000000000000000000000000000000000000000000000000000000000000000000000000000000000000000000000000000000000000000000000000000000000000000000000000000000000000000000000000000000000000000000000000000000000000000000000000000000000000000000000000000
	0000000000000000000000000000000000000000000000000000000000000000000000000000000000000000000000004A330000280900000000000000000000000000000000000000000000000000000000000000000000000000000000000000000000000000000000000000000000000000000000000000000000000000
	00000020000000000000000000000000000000000000002000000000000000000000000000000000000000000000000000000000000000000000000000000000000000000000000000000000000000000000000000000000000000000000000000000000000000000000000000000000000000000000000000000000000000
	0000000000000000000000000000000000000000000000000000000000000000000000000000000000000000000000000000000000000000000000000000000000000000000000000000000100000000000047320000A717000000000000000000000000000000000000000000000000000000000000000000000000000000
	00000000000000000000000000000000000000000000000000000000000000000000000000000000000000000000000000000000000000000000000000000000000000000000000000000000000000000000000000000000000000000000000000000000000000000000000000000000000000000000000000000000000000
	000000000000000000000000000000000000000000000000000000000000000000000000000000000000000000000000000000000000000000000000000000000000000000000000000000000000000000000000000000000000000000000000000000000000000000000000000000000000000047320000A7170000000000
	00000000000000000000000000000000000000000000000000000000000000000000000000000000000000000000000000000000000000000000000000000000000000000000000000000000000000000000000000000000000000000000000000000000000000000000000000000000000000000000000000000000000000
	00000000000000000000000000000000000000000000000000000000000000000000000000000000000000000000000000000000000000000000000000000000000000000000000000000000000000000000000000000000000000000000000000000000000000000000000000000000000000000000000000000000000000
	000000000000000000000000000000000000000000000047320000A7170000000000000000000000000000000000000000000000000000000000000000000000000000000000000000000000000000000000000000000000000000000000000000000000000000000000000000000000000000000000000000000000000000
	00000000000000000000000000000000000000000000000000000000000000000000000000000000000000000000000000000000000000000000000000000000000000000000000000000000000000000000000000000000000000000000000000000000000000000000000000000000000000000000000000000000000000
	000000000000000000000000000000000000000000000000000000000000000000000000000000000000000000000000000000000000000000473200006EB600000000000000000000000000000000000000000000000000000000000000000000000000000000000000000000000000000000000000000000000000000000
	00000000000000000000000000000000000000000000000000000000000000000000000000000000000000000000000000000000000000000000000000000000000000000000000000000000000000000000000000000000000000000000000000000000000000000000000000000000000000000000000000000000000000
	00000000000000000000000000000000000000000000000000000000000000000000000000000000000000000000000000000000000000000000000000000000000000000000000000000000000000000000000000000000000000000000000000000000080000000000004B100000D5C80000000000000000000000000000
	00000000000000000000000000000000000000000000000000000000000000000000000000000000000000000000000000000000000000000000000000000000000000000000000000000000000000000000000000000000000000000000000000000000000000000000000000000000000000000000000000000000000000
	00000000000000000000000000000000000000000000000000000000000000000000000000000000000000000000000000000020000000000000000000000000000000000000002000000000000000000000000000000000000000000000000000000000000000000000000000000000000000000000001000000000000000
	0000000000000000000000000000000000000000000000000000000000004B100000235900000000000000000000000000000000000000000000000000000000000000000000000000000000000000000000000000000000000000000000000000000000000000000000000000000000000000000000000000000000000000
	00000000000000000000000000000000000000000000000000000000000000000000000000000000000000000000000000000000000000000000000000000000000000000000000000000000000000000000000000000000000000000000000000200000000000000000000000000000000000000000000000000000002000
	00000000000000000000000000000000000000000000000000000000000000000000000000000000000010000000000000000000000000000000000000000000000000000000000000080000000000004B1000000F790000000000000000000000000000000000000000000000000000000000000000000000000000000000
	0000000000000000000000000000000000000000000000000000000000000000000000000000000000000000000000000000000000000000000000000000000000000000000000000000000000000000000000000000000000000000000000000000000000000000000000000000000000000000002807000034C100000000
	00000000000000000000000000000000000000000000000000000000000000000000000000000000200000002000000000000000000000000000000000000000000000000000000000000000000000000000000020000000200000000000000000000000200000000000000000000000000000000000000000000000000000
	00000000000000000000000000000000000000000000000000000028070000E007000000FFFF06FFFF0082FF00807800807FFC807FFF867FFF8042FF80403880403FFC403FFFC63FFFC022FFC02018C0201FFC201FFFE61FFFE012FFE01008E0100FFC100FFFF60FFFF00BFFF00801F00807FC0807FFFE07FFF8037FF80405
	780403F80403FFFE03FFFC077FFC02017C0201FA0201FFFC01FFFE077FFE01037E0100F80100FFFD00FFFF067FFF00837F00807900807FFC0000000627080000483200000000000000000000010000000000000000008000000000000000004000000000000000000000000000800000000000000000400000000000000000
	00000000208000000000000000004000000000000000002000000000000000000000000000400000100000000000200000000000000000100000000000000000000000000020000000000000080010000000000000000008000000000000000000000000001000000000000000000800040000000000000400000000000000
	00000000000008000000000000000004000000000002000002000000000000000000000000000400000000000000000200000000000000000101000000000000000000000000020000000000000000010000000000000000008000000000000000000000000001000000000000000000800000000000000000400000000000
	000000500A0000EAF700000000000000008000000000010080004000000000800040000000000000400000000020204000200000000000002000000000000020001010000000000010000000000000100008000000000800080000000000000800040000000000000400040000000004000200000000000002000000000002
	0200010000000000000100000000000001001081000000000000800000000000008000400000000028090000511D000000004000000000200100000000000000000020000080001000000000000000000040100000000008000000000020000000000800000000040010000000000000800004000008200200000000400000
	0000042200000020012000000000020000000001001000000000000000000100000800008000000000000000000400800000000040000000000200000000004000000000200100000000000000280200008BBF0000000000000000000000000000000000000000000000000000000000000000000000000000000000000000
	000000000000000000000000000000002000000000000000000000000000000020000000200000000000000000000000000000000000000000000000000000000000000000000000000000000000000000000000000000000000000000000000000000000000000000000000000027030000E80C0000000000000000000000
	00000000000000000000000000000000000000000000000000000000000000000000000000000000000000000000000000000000002000000000000000000000002000000000000000000000000000000000000000000000000000000000000000100000001000000000000000000000000000000000000000000000000000
	0000000000000000250400004DAA0000000000000000000000000000000000000000000000000000000000000000000000000000000000000000000000000000000000000000000000000000000000000000200000002000000000000000000000000000000000000000000000000000000000000000000000001000000010
	00000000000000000000000000000000000000000000000000000000000000000025040000A73B00000000000000000001000000010000000000000000000000000000000000000000000000000000000000000000000000000000000000000000000000000000000000000000000000000000000000002000000000000000
	0000000000000000000000000000000000000000000000000000000000000000000000000000000010000000000000000000000000000000000000000000260E0000C7350000000000000000000000000000000000000000000000000000000000000000000000000000000000000000000000000000000000000000000000
	00000000000000000000000000000000000000000000000000200000002000000020000000000000000000000000000000000000000000000000000000000000000000000000000000000000000000000000000000000000000000260E00008C85000000000000000000000000000000000000000000000000000000000000
	00000000000000000000000000000000000000000000000000000000000000000000000000000000000000000000000000000000000000000000200000000000000000000000200000000000000000000000000000000000000000000000000000000000000000000000000000001000000000000000000000000000000000
	00280D0000BD62000040008100400001020000000200200000202040002000408000000080000000001010000010102000000020400000004008000000080800000008100000001020040000200400000000040000000408000200081002000010000020000002200001020400010004080000000800000000008100000081
	0200000002040000000400400000004080004000910040001102000000020020000000204000280D000080D90000000000000000000000000000000000000000000000000000000000000000000000000000000000000000000000000000000000000000000000000000000000000000000000000000000000000000000000
	000000000020000000200000002000000020000000200000002000000000000000000000000000000000000000000000000000000000000000100000000000000000000000000000000000280D0000700D00000000000000000000000000000000000000000000000000000000000000000000000000000000000000000000
	00000000000000000000000000000000000000000000000000000000000000000000000000000000000000000000000000000000000000000000000000000000000000000000000000000000000000000000000000000000000000000000000000000000000000000000000000000000000000000000000000000000000000
	00000000000000000000000000000020000000000000000000000000000000200000000000000000000000200000002000000000000000000000000000000000000000000000000000000000000000000000000000000000000000000000000000000000000000000000001000000000000000100000000000000000000000
	0000000000004D0C0000E86A00000000000000000000000000000000000000000000000000000000000000000000000000000000000000000000000000000000000000000000000000000000000000000000000000000000000000000000000000000000000000000000000000000000000000000000000000000000000000
	00000000000000000000000000000000000000000000000000000000000000000000000000000000000000000000000000000000000000000000000000000000000000000020000000000000000000000000000000200000000000000000000000000000000000000000000000000000000000000000000000000000000000
	000000000000000000000000000000000000000000000000000000000000000000001000000000000000100000000000000000000000000000000000000000004D0C000075DD000000000000000000000000000000000000000000000000000000000000000000000000000000000000000000000000000000000000000000
	00000000000000000000000000000000000000000000000000000000000000000000000000000000000000000000000000000000000000000000000000000000000000000000000000000000000000000000000000000000000000000000000000000000000000000000000000000000000000000000000000000000000000
	0000000000000000000000000000000000000000000000000000000000000000000000000000000000000000000000000000000000000000000000000000000000000000000000000000000000000000000000000000000000000000000000000000000000000000000000000000000000000000000000000000000000004E
	0B000075DD0000000000000000000000000000000000000000000000000000000000000000000000000000000000000000000000000000000000000000000000000000000000000000000000000000000000000000000000000000000000000000000000000000000000000000000000000000000000000000000000000000
	00000000000000000000000000000000000000000000000000000000000000000000000000000000000000000000000000000000000000000000000000000000000000000000000000000000000000000000000000000000000000000000000000000000000000000000000000000000000000000000000000000000000000
	000000000000000000000000000000000000000000000000000000000000000000000000000000000000000000000000000000000000000000000000004E0B0000A9C1000000000000000000000000000100000000000000000000000000000000000000000000000000000000000000000000000000000000000000000000
	00000000000000000000000000000000000000000000000000000000000000000000000000000000000000000000000000000000000000000000000000000000000000000000000000000000000000000000000000000000000000000000000000000000000000000000000000000000000000000000000000000000000000
	0000000000000000002000000000000000000000000000000000000000000000000000000000000000200000000000000000000000000000000000000000000000000000000000000000000000000000000000000000000000000000000000000000000000000000001000000000000000000000000000000000004E0B0000
	5D190000000000000000000000000000000000000000000000000000000000000000000000000000000000000000000000000000000000000000000000000000000000000000000000000000000000000000000000000000000000000000000000000000000000000000000000000000000000000000000000000000000000
	00000000000000000000000000000000000000000000000000000000000000000000000000000000000000000000000000000000000000000000000000000000000000000000000000000000000000000000000000000000000000000000000000000000000000000000000000000000000000000000000000000000000000
	0000000000000000000000000000000000000000000000000000000000000000000000000000000000000000000000000000000000004D000000C83F00000000000000000000000000000000000000000000000000000000000000000000000000000000000000000000000000000000000000000000000000000000000000
	00000000000000000000000000000000000000000000000000000000000000000000000000000000000000000000000000000000000000000000000000000000000000000000000000000000000000000000000000000000000000000000000000000000000000000000000000000000000000000020000000000000000000
	000020000000000000000000000000000000000000000000000000000000000000000000000000000000000000000000000000000000000000000000000010000000000000000000000000000000000000000000000000000000000000000000000000000000000000000000000000004D0000009827000000000000000000
	00000000000000000000000000000000000000000000000000000000000000000000000000000000000000000000000000000000000000000000000000000000000000000000000000000000000000000000000000000000000000000000000000000000000000000000000000000000000000000000000000000000000000
	00000000000000000000000000000000000000000000000000000000000000000000000000000000000000000000000000000000000000000000000000000000000000000000000000000000000000000000000000000000000000000000000000000000000000000000000000000000000000000000000000000000000000
	001000000000000000000000000000000000000000000000000000000000000000000000000000000000004D0000009320000000000000000000000000000000000000000000000000000000000000000000000000000000000000000000000000000000000000000000000000000000000000000000000000000000000000
	00000000000000000000000000002000000000000000000000000000000000000000000000000000000000000000000000000000000000000000000000000000000000000000000000000000000000000000000000000000000000000000000000000000000000000000000000000000000000000000000000000000000000
	00000000000000000000000000000000000000000000000000000000000000000000000000000000000000000000000000000000000000000000000000000000000000000000000000000000000000000000000000000000000000000000000000000000004D0000002DAD0000000000000000000100000001000000000000
	00000000000000000000000000000000000000000000000000000000000000000000000000000000000000000000000000000000000000000000000000000000000000000000000000000000000000000000000000000000000000000000000000000000000000000000000000000000000000000000000000000000000000
	00000000000000000000000000200000000000000000000000000000002000000000000000000000000000000000000000000000000000000000000000000000000000000000000000000000000000000000000000000000000000000000000000000000000000000000000000100000000000000000000000000000000000
	0000000000000000000000000000000000000000000000000000000000000000000000004E050000CEAE00000000000000000000000000000000000000000000000000000000000000000000000000000000000000000000000000000000000000000000000000000000000000000000000000000000000000000000000000
	00000000000000000000000000000000000000000000000000000000000000000000000000000000000000000000000000000000000000000000000000000000000000000000000000000000000000000000000000000000000000000000000000000000000000000000000000000000000000000000000000000000000000
	00000000000000000000000000000000000000000000000000000000000000000000000000000000000000000000000000000000000000000000000000000000000000000000000000000000000000000000000000000000000000000000000000004E05000063720000000000000000000000000000000000000000000000
	00000000000000000000000000000000000000000000000000000000000000000000000000000000000000000000000000000000000000000000000000000000000000000000000000000000000000000000000000000000000000000000000000000000000000000000000000000000000000000000000000000000000000
	00000000000000000001000000000000000100000000000000000000000000000000000000000000000000000000000000000000000000000000000000000000000000000000000000000000000000000000000000000000000000000000000000000000000000000000000000000000000000000000000000001000000000
	0000000000000010000000000000000000000000004B060000375500000000000000000000000000000000000000000000000000000000000000000000000000000000000000000000000000000000000000100000000000000000000000000000000000000000000000000000000000000000000000000000000000000000
	00000000000000000000000000000000000000000000000000000000000000000000000000000000000000000000000000000000000000000000000000000000000000000000000000000000000000000000000000000000000000000000000000000000000000000000000000000000000000000000000000000000000000
	00000000000000000000000000000000000000000000000000000000000000000000000000000000000000000000000000000000000000000000000000000000000000000000004B06000033D80000000000000000000100000000000000000000000000000000000000000000000000000000000000000000000000000000
	00000000000000000000000000000000000000000000000000000000000000000000000000000000000000000000000000000000000000000000000000000000000000000000000000000000000000000000000000000000000000000000000000000000000000000000000000000000000000000000000000000000000000
	000000200000000000000000000000000000000000000000000000000000000000000000000000000000000000000000000000000000000000000000000000000000000000000000000000000000000000000000000000000000000000000000000000000000000000000000000000000000000000000000004B06000004FB
	00000000000000000000000000000000000000000000000000000000000000000000000000000000000000000000000000000000000000000000000000000010000000000000000000000000000000000000000000000000000000000000000000000000000000000000000000000000000000000000000000000000000000
	00000000000000000000000000000000000000000100000000000000000000000100000000000000000000000000000000000000000000000000000000000000000000000000000000000000000000000000000000000000000000000000000000000000000000000000000000000000000000000000000000100000000000
	000000000000100000000000000000000000000000000000000000000000000048010000148A0000000000000000000000000001000000000000000000000000000000000000000000000000000000000000000000000000000000000000000000000000000000000000000000000000000000000000000000000000000000
	00000020000000000000000000000000000000000000000000000000000000000000000000000000000000000000000000000000000000000000000000000000000000000000000000000000000000000000000000000000000000000000000000000000000000000000000000000000000000000000000000000000000000
	000000002000000000000000000000000000000000000000000000000000000000000000000000000000000000000000000000000000000000000000000000000000000000000000000000000000000000000000000000000000000000000000000000000000500F00001BB300000000000000000000000000000000000000
	00000000000000000000000000000000000000000000000000000000000000000000000000000000000000000000000000000000000000000000000000000000000000000000000000000000000000000000000000000000000000000000000000000000000000000000000000000000000000000000000000000000000000
	00000000000000000000000000000000000000000000000000000000000000000000000000000000000000000000000000000000000000000000000000000000000000000000000000002000000000000000000000000000000000000000000000000000000000000000000000000000000000000000000000000000000000
	000000000000000000000000000000000000000000000000000000000000000000000000000000000000000000500F00007FC200000000000000000000000000000000000000000000000000000000000000000000000000000000000000000000000000000000000000000000000000000000000000000000000000000000
	00000000000000000000000000000000000000000000000000000000000000000000000000000000000000000000000000000000000000000000000000000000000000000000000000000000000000000000000000000000000000000000000000000000000000000000000000000000000000000000000000000000000000
	00000000000000000000000000000000000000000000000000000000000000000000000000000000000000000000000000000000000000000000000000000000000000000000000000000000000000000000000000000000000000000000000000000000000000000000000000000000000000500F00009B39000000000000
	00000000000000000000000000000000000000000000000000000000000000000000000000000000000000000000000000000000000000000000000000000000000000000000000000000000000000000000000000000000000000000000000000000000000000000000000000000000000000000000000000000000000000
	00000000000000000000000000000000000000000000000000000000000000000000000000000000000000000000000000000000000000000000000000000000000000000000000000000000000000000000000000000000000000000000000000000000000000000000000000000000000000000000000000000000000000
	00000000000000000000000000000000000000000000000000000000000000000000000000004B1000003B320000000000000000000000000000000000000000000000000000000000000000000000000000000000000000000000000000000000000000000000080000000000000000000000000000000000000000000000
	00000000000000000000000000000000000000000000000000000000000000000000000000000000000000000000000000000000000000000000000000000000000000000000000000000000000000000000000000000000000000000000000000000000000000000000000000000000000000000000000000000000000000
	000000000000000000000000000000000000000000000000000000000000000000000000000000000000000000000000000000000000000000000000000000000000000000000000000000000000000000000000000000004B1000003B32000000000000000000000000000000000000000000000000000000000000000000
	00000000000000000000000000000000000000000000000000000800000000000000000000000000000000000000000000000000000000000000000000000000000000000000000000000000000000000000000000000000000000000000000000000000000000000000000000000000000000000000000000000000000000
	00000000000000000000000000000000000000000000000000000000000000000000000000000000000000000000000000000000000000000000000000000000000000000000000000000000000000000000000000000000000000000000000000000000000000000000000000000000000000000000000000000000000000
	00000000000000000000004B1000000F790000000000000000000000000000000000000000000000000000000000000000000000000000000000000000000000000000000000000000000000000000000000000000000000000000000000000000000000000000000000000000000000000000000000000000000000000000
	000000000000000000000000000000000000000000000000000000000000000000000000000000000000000000000000280700000F7900000000000000000000000000000000000000000000000000000000000000000000000000000000000000000000000000000000000000000000000000000000000000000000000000
	0000000000000000000000000000000000000000000000000000000000000000000000000000000000000000000000000000000000000000000000000000000000000000000000000000000000000000000000000028070000E456000000FFFF06FFFF0083FF00807900807FFC807FFF867FFF8042FF80403880403FFC403F
	FFC63FFFC022FFC02018C0201FFC201FFFE61FFFE012FFE01008E0100FFC100FFFF60FFFF00BFFF00801F00807FC0807FFFE07FFF8037FF80405780403F80403FFFE03FFFC077FFC02017C0201FA0201FFFC01FFFE077FFE01037E0100F80100FFFD00FFFF067FFF00837F00807900807FFC00000006270800004832000000
	00000000000000010000000000000000008000000000000000004000000000000000000000000000800000000000000000400000000000000000000000002080000000000000000040000000000000000020000000000000000000000000004000001000000000002000000000000000001000000000000000000000000000
	20000000000000080010000000000000000008000000000000000000000000001000000000000000000800040000000000000400000000000000000000000000080000000000000000040000000000020000020000000000000000000000000004000000000000000002000000000000000001010000000000000000000000
	00020000000000000000010000000000000000008000000000000000000000000001000000000000000000800000000000000000400000000000000000500A00007816000000000000000080000000000000800040000000008000400000000000004000000000002040002000000000000020000000000000200010100000
	0000001000000000000010000800000000080008000000000000080004000000000000040004000000000400020000000000000200000000000202000100000000000001000000000000010000810000000000008000000000000080004000000000280900009C500000000040000000002001000000000000000000200000
	80001000000000000000000040100000000008000000000020000000000800000000040010000000000000800004000008000200000000400000000004020000000001200000000002000000000100100000000000000000010000080000800000000000000000040080000000004000000000020000000000400000000020
	01000000000000002802000031DD0000000000000000000100000000000000000000000000000000000000000000000000000000000000000000000000000000000000000000000000000000000000000000000000000000000000000000000000000000000000000000000000000000000000000000000000000000000000
	000000000000000000000000000000000000000000000000000000000000000000000000000000000027030000A7020000000000000000000000000000000000000000000000000000000000000000000000000000000000000000000000000000000000000000000000000000000000000000000000000000000000000000
	00000000000000000000000000000000000000000000000000000000000000000000000000000000000000000000000000000000000000000000000000000000000025040000660200000000000000000000000000010000000000000000000000000000000000000000000000000000000000000000000000000000000000
	0000000000000000000000000000000000000000000000000000000000000000000000000000000000000000000000000000000000000000000000000000000000000000000000000000000000000000000000000000000000000025040000AE26000000000000000000000000000000000000000000000000000000000000
	000000000000000000000000000000000000000000000000000000000000000000000000000000000000000000000000000000000000000000000000000000000000000000000000000000000000000000000000000000000000000000000000000000000000000000000000000000000000000000000000260E0000AE2600
	00000000000000000000000000000000000000000000000000000000000000000000000000000000000000000000000000000000000000000000000000000000000000000000000000000000000000000000000000000000000000000000000000000000000000000000000000000000000000000000000000000000000000
	00000000000000000000000000000000000000000000260E000046FA000000000000000000000000000000000000000000000000000000000000000000000000000000000000000000000000000000000000000000000000000000000000000000000000000000000000000000000000000000000000000000000000000000
	0000000000000000000000000000000000000000000000000000000000000000000000000000000000000000000000000000000000000000000000280D0000CEB10000400081004000010200000002002000002020400020004080000000800000000010100000101020000000204000000040080000000808000000081000
	000010200400002004000000000400000004080002000810020000100000000000020000010204000100040800000008000000000081000000810200000002040000000400400000004080004000810040000102000000020020000000204000280D000046FA00000000000000000000000000000000000000000000000000
	00000000000000000000000000000000000000000000000000000000000000000000000000000000000000000000000000000000000000000000000000000000000000000000000000000000000000000000000000000000000000000000000000000000000000000000000000000000000000000000000000000000000000
	000000000000280D0000E78100000000000000000000000000000000000000000000000000000000000000000000000000000000000000000000000000000000000000000000000000000000000000000000000000000000000000000000000000000000000000000000000000000000000000000000000000000000000000
	00000000000000000000000000000000000000000000000000000000000000000000000000000000000000000000000000000000000000000000000000000000000000000000000000000000000000000000000000000000000000000000000000000000000000000000000000000000000000000000000000000000000000
	000000000000000000000000000000000000000000000000000000000000000000000000000000000000000000000000000000000000000000000000000000004D0C0000E781000000000000000000000000000000000000000000000000000000000000000000000000000000000000000000000000000000000000000000
	00000000000000000000000000000000000000000000000000000000000000000000000000000000000000000000000000000000000000000000000000000000000000000000000000000000000000000000000000000000000000000000000000000000000000000000000000000000000000000000000000000000000000
	00000000000000000000000000000000000000000000000000000000000000000000000000000000000000000000000000000000000000000000000000000000000000000000000000000000000000000000000000000000000000000000000000000000000000000000000000000000000000000000000000004D0C000071
	8C000000000000000000010000000100000000000000000000000000000000000000000000000000000000000000000000000000000000000000000000000000000000000000000000000000000000000000000000000000000000000000000000000000000000000000000000000000000000000000000000000000000000
	00000000000000000000000000000000000000000000000000000000000000000000000000000000000000000000000000000000000000000000000000000000000000000000000000000000000000000000000000000000000000000000000000000000000000000000000000000000000000000000000000000000000000
	0000000000000000000000000000000000000000000000000000000000000000000000000000000000000000000000000000000000000000004E0B000075DD00000000000000000000000000000000000000000000000000000000000000000000000000000000000000000000000000000000000000000000000000000000
	00000000000000000000000000000000000000000000000000000000000000000000000000000000000000000000000000000000000000000000000000000000000000000000000000000000000000000000000000000000000000000000000000000000000000000000000000000000000000000000000000000000000000
	00000000000000000000000000000000000000000000000000000000000000000000000000000000000000000000000000000000000000000000000000000000000000000000000000000000000000000000000000000000000000000000000000000000000000000000000000000000000000000000004E0B000075DD0000
	00000000000000000000000000000000000000000000000000000000000000000000000000000000000000000000000000000000000000000000000000000000000000000000000000000000000000000000000000000000000000000000000000000000000000000000000000000000000000000000000000000000000000
	00000000000000000000000000000000000000000000000000000000000000000000000000000000000000000000000000000000000000000000000000000000000000000000000000000000000000000000000000000000000000000000000000000000000000000000000000000000000000000000000000000000000000
	0000000000000000000000000000000000000000000000000000000000000000000000000000000000000000000000000000000000004E0B00005D1900000000000000000000000000000000000000000000000000000000000000000000000000000000000000000000000000000000000000000000000000000000000000
	00000000000000000000000000000000000000000000000000000000000000000000000000000000000000000000000000000000000000000000000000000000000000000000000000000000000000000000000000000000000000000000000000000000000000000000000000000000000000000000000000000000000000
	000000000000000000000000000000000000000000000000000000000000000000000000000000000000000000000000000000000000000000000000000000000000000000000000000000000000000000000000000000000000000000000000000000000000000000000000000000004D0000005D19000000000000000000
	00000000000000000000000000000000000000000000000000000000000000000000000000000000000000000000000000000000000000000000000000000000000000000000000000000000000000000000000000000000000000000000000000000000000000000000000000000000000000000000000000000000000000
	00000000000000000000000000000000000000000000000000000000000000000000000000000000000000000000000000000000000000000000000000000000000000000000000000000000000000000000000000000000000000000000000000000000000000000000000000000000000000000000000000000000000000
	000000000000000000000000000000000000000000000000000000000000000000000000000000000000004D0000005D19000000000000000000000000000000000000000000000000000000000000000000000000000000000000000000000000000000000000000000000000000000000000000000000000000000000000
	00000000000000000000000000000000000000000000000000000000000000000000000000000000000000000000000000000000000000000000000000000000000000000000000000000000000000000000000000000000000000000000000000000000000000000000000000000000000000000000000000000000000000
	00000000000000000000000000000000000000000000000000000000000000000000000000000000000000000000000000000000000000000000000000000000000000000000000000000000000000000000000000000000000000000000000000000000004D0000005D190000000000000000000000000000000000000000
	00000000000000000000000000000000000000000000000000000000000000000000000000000000000000000000000000000000000000000000000000000000000000000000000000000000000000000000000000000000000000000000000000000000000000000000000000000000000000000000000000000000000000
	00000000000000000000000000000000000000000000000000000000000000000000000000000000000000000000000000000000000000000000000000000000000000000000000000000000000000000000000000000000000000000000000000000000000000000000000000000000000000000000000000000000000000
	00000000000000000000000000000000000000000000000000000000000000004D000000CEAE0000000000000000000000000000000000000000000000000000000000000000000000000000000000000000000000000000000000000000000000000000000000000000000000000000000000000000000000000000000000
	00000000000000000000000000000000000000000000000000000000000000000000000000000000000000000000000000000000000000000000000000000000000000000000000000000000000000000000000000000000000000000000000000000000000000000000000000000000000000000000000000000000000000
	000000000000000000000000000000000000000000000000000000000000000000000000000000000000000000000000000000000000000000000000000000000000000000000000000000000000000000000000000000000000000000004E050000CEAE000000000000000000000000000000000000000000000000000000
	00000000000000000000000000000000000000000000000000000000000000000000000000000000000000000000000000000000000000000000000000000000000000000000000000000000000000000000000000000000000000000000000000000000000000000000000000000000000000000000000000000000000000
	00000000000000000000000000000000000000000000000000000000000000000000000000000000000000000000000000000000000000000000000000000000000000000000000000000000000000000000000000000000000000000000000000000000000000000000000000000000000000000000000000000000000000
	00000000000000000000000000000000000000000000000000000000004E05000088EE0000000000000000000000000000000000000000000000000000000000000000000000000000000000000000000000000000000000000000000000000000000000000000000000000000000000000000000000000000000000000000
	00000000000000000000000000000000000000000000000000000000000000000000000000000000000000000000000000000000000000000000000000000000000000000000000000000000000000000000000000000000000000000000000000000000000000000000000000000000000000000000000000000000000000
	000000000000000000000000000000000000000000000000000000000000000000000000000000000000000000000000000000000000000000000000000000000000000000000000000000000000004B06000088EE000000000000000000000000000000000000000000000000000000000000000000000000000000000000
	00000000000000000000000000000000000000000000000000000000000000000000000000000000000000000000000000000000000000000000000000000000000000000000000000000000000000000000000000000000000000000000000000000000000000000000000000000000000000000000000000000000000000
	00000000000000000000000000000000000000000000000000000000000000000000000000000000000000000000000000000000000000000000000000000000000000000000000000000000000000000000000000000000000000000000000000000000000000000000000000000000000000000000000000000000000000
	00004B06000088EE0000000000000000000000000000000000000000000000000000000000000000000000000000000000000000000000000000000000000000000000000000000000000000000000000000000000000000000000000000000000000000000000000000000000000000000000000000000000000000000000
	00000000000000000000000000000000000000000000000000000000000000000000000000000000000000000000000000000000000000000000000000000000000000000000000000000000000000000000000000000000000000000000000000000000000000000000000000000000000000000000000000000000000000
	000000000000000000000000000000000000000000000000000000000000000000000000000000000000000000000000000000004B0600007BAB000000000000000000000000000000000000000000000000000000000000000000000000000000000000000000000000000000000000000000000000000000000000000000
	00000000000000000000000000000000000000000000000000000000000000000000000000000000000000000000000000000000000000000000000000000000000000000000000000000000000000000000000000000000000000000000000000000000000000000000000000000000000000000000000000000000000000
	000000000000000000000000000000000000000000000000000000000000000000000000000000000000000000000000000000000000000000000000000000000000000000000000000000000000000000000000000000000000480100007FC200000000000000000000000000000000000000000000000000000000000000
	00000000000000000000000000000000000000000000000000000000000000000000000000000000000000000000000000000000000000000000000000000000000000000000000000000000000000000000000000000000000000000000000000000000000000000000000000000000000000000000000000000000000000
	00000000000000000000000000000000000000000000000000000000000000000000000000000000000000000000000000000000000000000000000000000000000000000000000000000000000000000000000000000000000000000000000000000000000000000000000000000000000000000000000000000000000000
	000000000000000000000000000000000000000000000000000000000000000000500F00007FC200000000000000000000000000000000000000000000000000000000000000000000000000000000000000000000000000000000000000000000000000000000000000000000000000000000000000000000000000000000
	00000000000000000000000000000000000000000000000000000000000000000000000000000000000000000000000000000000000000000000000000000000000000000000000000000000000000000000000000000000000000000000000000000000000000000000000000000000000000000000000000000000000000
	00000000000000000000000000000000000000000000000000000000000000000000000000000000000000000000000000000000000000000000000000000000000000000000000000000000000000000000000000000000000000000000000000000000000000500F00007FC2000000000000000000000000000000000000
	00000000000000000000000000000000000000000000000000000000000000000000000000000000000000000000000000000000000000000000000000000000000000000000000000000000000000000000000000000000000000000000000000000000000000000000000000000000000000000000000000000000000000
	00000000000000000000000000000000000000000000000000000000000000000000000000000000000000000000000000000000000000000000000000000000000000000000000000000000000000000000000000000000000000000000000000000000000000000000000000000000000000000000000000000000000000
	00000000000000000000000000000000000000000000000000000000000000000000000000000000000000000000500F00009B39000000000000000000000000000000000000000000000000000000000000000000000000000000000000000000000000000000000000000000000000000000000000000000000000000000
	00000000000000000000000000000000000000000000000000000000000000000000000000000000000000000000000000000000000000000000000000000000000000000000000000000000000000000000000000000000000000000000000000000000000000000000000000000000000000000000000000000000000000
	0000000000000000000000000000000000000000000000000000000000000000000000000000000000000000000000000000000000000000000000000000000000000000000000000000000000000000000000000000000000000000000000004B1000009B3900000000000000000000000000000000000000000000000000
	00000000000000000000000000000000000000000000000000000000000000000000000000000000000000000000000000000000000000000000000000000000000000000000000000000000000000000000000000000000000000000000000000000000000000000000000000000000000000000000000000000000000000
	00000000000000000000000000000000000000000000000000000000000000000000000000000000000000000000000000000000000000000000000000000000000000000000000000000000000000000000000000000000000000000000000000000000000000000000000000000000000000000000000000000000000000
	000000000000000000000000000000000000004B1000005E68000000000000000000010000000000000000000000000000000000000000000000000000000000000000000000000000000000000000000000000000000000000000000000000000000000000000000000000000000000000000000000000000000000000000
	00000000000000000000000000000000000000000000000000000000000000000000000000000000000000000000000000000000000000000000000000000000000000000000000000000000000000000000000000000000000000000000000000000000000000000000000000000000000000000000000000000000000000
	0000000000000000000000000000000000000000000000000000000000000000000000000000000000000000000000000000000000000000000000000000000000000000004B1000000F7900000000000000000000000000000000000000000000000000000000000000000000000000000000000000000000000000000000
	0000000000000000000000000000000000000000000000000000000000000000000000000000000000000000000000000000000000000000000000000000000000000000000000000000000000000000000000000000000000000000000000000000000000000000000028070000CE79000000000000000000000000000100
	00000000000000000000000000000000000000000000000000000000000000000000000000000000000000000000000000000000000000000000000000000000000000000000000000000000000000000000000000000000000000000000000000000000000000000000000000000000000000000000000000000000000000
	0000000000000000000000000000000028070000E007000000FFFF06FFFF0082FF00807800807FFC807FFF867FFF8042FF80403880403FFC403FFFC63FFFC022FFC02018C0201FFC201FFFE61FFFE012FFE01008E0100FFC100FFFF60FFFF00BFFF00801F00807FC0807FFFE07FFF8037FF80405780403F80403FFFE03FFFC
	077FFC02017C0201FA0201FFFC01FFFE077FFE01037E0100F80100FFFD00FFFF067FFF00837F00807900807FFC00000006270800004832000000000000000000000100000000000000000080000000000000000040000000000000000000000000008000000000000000004000000000000000000000000020800000000000
	00000040000000000000000020000000000000000000000000004000001000000000002000000000000000001000000000000000000000000000200000000000000800100000000000000000080000000000000000000000000010000000000000000008000400000000000004000000000000000000000000000800000000
	0000000004000000000002000002000000000000000000000000000400000000000000000200000000000000000101000000000000000000000000020000000000000000010000000000000000008000000000000000000000000001000000000000000000800000000000000000400000000000000000500A000078160000
	00000000000080000000000000800040000000008000400000000000004000000000002040002000000000000020000000000000200010100000000000100000000000001000080000000008000800000000000008000400000000000004000400000000040002000000000000020000000000020200010000000000000100
	0000000000010000810000000000008000000000000080004000000000280900009C500000000040000000002001000000000000000000200000800010000000000000000000401000000000080000000000200000000008000000000400100000000000008000040000080002000000004000000000040200000000012000
	00000002000000000100100000000000000000010000080000800000000000000000040080000000004000000000020000000000400000000020010000000000000028020000F48C00000000000000000000000000000000000000000000000000000000000000000000000000000000000000000000000000000000000000
	00000000000000000000000000000000000000000000000000000000000000000000000000000000000000000000000000000000000000000000000000000000000000000000000000000000000000000000000000000000000000000000000000000027030000A70200000000000000000000000000000000000000000000
	00000000000000000000000000000000000000000000000000000000000000000000000000000000000000000000000000000000000000000000000000000000000000000000000000000000000000000000000000000000000000000000000000000000000000000000000000000000000000000000000000000000250400
	00A70200000000000000000000000000000000000000000000000000000000000000000000000000000000000000000000000000000000000000000000000000000000000000000000000000000000000000000000000000000000000000000000000000000000000000000000000000000000000000000000000000000000
	0000000000000000000000000000000000000000000025040000AA77000000000000000000010000000100000000000000000000000000000000000000000000000000000000000000000000000000000000000000000000000000000000000000000000000000000000000000000000000000000000000000000000000000
	000000000000000000000000000000000000000000000000000000000000000000000000000000000000000000000000000000260E0000AE2600000000000000000000000000000000000000000000000000000000000000000000000000000000000000000000000000000000000000000000000000000000000000000000
	0000000000000000000000000000000000000000000000000000000000000000000000000000000000000000000000000000000000000000000000000000000000000000000000000000000000000000260E000046FA0000000000000000000000000000000000000000000000000000000000000000000000000000000000
	000000000000000000000000000000000000000000000000000000000000000000000000000000000000000000000000000000000000000000000000000000000000000000000000000000000000000000000000000000000000000000000000000000000000000000000000000000000000000000280D0000CEB100004000
	81004000010200000002002000002020400020004080000000800000000010100000101020000000204000000040080000000808000000081000000010200400002004000000000400000004080002000810020000100000000000020000010204000100040800000008000000000081000000810200000002040000000400
	400000004080004000810040000102000000020020000000204000280D000083AB00000000000000000001000000000000000000000000000000000000000000000000000000000000000000000000000000000000000000000000000000000000000000000000000000000000000000000000000000000000000000000000
	00000000000000000000000000000000000000000000000000000000000000000000000000000000000000000000000000000000000000000000000000000000280D0000E781000000000000000000000000000000000000000000000000000000000000000000000000000000000000000000000000000000000000000000
	00000000000000000000000000000000000000000000000000000000000000000000000000000000000000000000000000000000000000000000000000000000000000000000000000000000000000000000000000000000000000000000000000000000000000000000000000000000000000000000000000000000000000
	00000000000000000000000000000000000000000000000000000000000000000000000000000000000000000000000000000000000000000000000000000000000000000000000000000000000000000000000000000000000000000000000000000000000000000000000000000000000000000000000000004D0C000026
	81000000000000000000000000000100000000000000000000000000000000000000000000000000000000000000000000000000000000000000000000000000000000000000000000000000000000000000000000000000000000000000000000000000000000000000000000000000000000000000000000000000000000
	00000000000000000000000000000000000000000000000000000000000000000000000000000000000000000000000000000000000000000000000000000000000000000000000000000000000000000000000000000000000000000000000000000000000000000000000000000000000000000000000000000000000000
	00000000000000000000000000000000000000000000000000000000000000000000000000000000000000000000000000000000004D0C000075DD0000000000000000000000000000000000000000000000000000000000000000000000000000000000000000000000000000000000000000000000000000000000000000
	00000000000000000000000000000000000000000000000000000000000000000000000000000000000000000000000000000000000000000000000000000000000000000000000000000000000000000000000000000000000000000000000000000000000000000000000000000000000000000000000000000000000000
	000000000000000000000000000000000000000000000000000000000000000000000000000000000000000000000000000000000000000000000000000000000000000000000000000000000000000000000000000000000000000000000000000000000000000000000000000000000000004E0B000075DD000000000000
	00000000000000000000000000000000000000000000000000000000000000000000000000000000000000000000000000000000000000000000000000000000000000000000000000000000000000000000000000000000000000000000000000000000000000000000000000000000000000000000000000000000000000
	00000000000000000000000000000000000000000000000000000000000000000000000000000000000000000000000000000000000000000000000000000000000000000000000000000000000000000000000000000000000000000000000000000000000000000000000000000000000000000000000000000000000000
	00000000000000000000000000000000000000000000000000000000000000000000000000000000000000000000000000004E0B000075DD0000000000000000000000000000000000000000000000000000000000000000000000000000000000000000000000000000000000000000000000000000000000000000000000
	00000000000000000000000000000000000000000000000000000000000000000000000000000000000000000000000000000000000000000000000000000000000000000000000000000000000000000000000000000000000000000000000000000000000000000000000000000000000000000000000000000000000000
	000000000000000000000000000000000000000000000000000000000000000000000000000000000000000000000000000000000000000000000000000000000000000000000000000000000000000000000000000000000000000000000000000000000000000000000000000000004E0B00005D19000000000000000000
	00000000000000000000000000000000000000000000000000000000000000000000000000000000000000000000000000000000000000000000000000000000000000000000000000000000000000000000000000000000000000000000000000000000000000000000000000000000000000000000000000000000000000
	00000000000000000000000000000000000000000000000000000000000000000000000000000000000000000000000000000000000000000000000000000000000000000000000000000000000000000000000000000000000000000000000000000000000000000000000000000000000000000000000000000000000000
	000000000000000000000000000000000000000000000000000000000000000000000000000000000000004D0000005D19000000000000000000000000000000000000000000000000000000000000000000000000000000000000000000000000000000000000000000000000000000000000000000000000000000000000
	00000000000000000000000000000000000000000000000000000000000000000000000000000000000000000000000000000000000000000000000000000000000000000000000000000000000000000000000000000000000000000000000000000000000000000000000000000000000000000000000000000000000000
	00000000000000000000000000000000000000000000000000000000000000000000000000000000000000000000000000000000000000000000000000000000000000000000000000000000000000000000000000000000000000000000000000000000004D0000005D190000000000000000000000000000000000000000
	00000000000000000000000000000000000000000000000000000000000000000000000000000000000000000000000000000000000000000000000000000000000000000000000000000000000000000000000000000000000000000000000000000000000000000000000000000000000000000000000000000000000000
	00000000000000000000000000000000000000000000000000000000000000000000000000000000000000000000000000000000000000000000000000000000000000000000000000000000000000000000000000000000000000000000000000000000000000000000000000000000000000000000000000000000000000
	00000000000000000000000000000000000000000000000000000000000000004D0000005D190000000000000000000000000000000000000000000000000000000000000000000000000000000000000000000000000000000000000000000000000000000000000000000000000000000000000000000000000000000000
	00000000000000000000000000000000000000000000000000000000000000000000000000000000000000000000000000000000000000000000000000000000000000000000000000000000000000000000000000000000000000000000000000000000000000000000000000000000000000000000000000000000000000
	0000000000000000000000000000000000000000000000000000000000000000000000000000000000000000000000000000000000000000000000000000000000000000000000000000000000000000000000000000000000004D000000CAFF00000000000000000001000000010000000000000000000000000000000000
	00000000000000000000000000000000000000000000000000000000000000000000000000000000000000000000000000000000000000000000000000000000000000000000000000000000000000000000000000000000000000000000000000000000000000000000000000000000000000000000000000000000000000
	00000000000000000000000000000000000000000000000000000000000000000000000000000000000000000000000000000000000000000000000000000000000000000000000000000000000000000000000000000000000000000000000000000000000000000000000000000000000000000000000000000000000000
	000000000000000000000000000000000000000000000000004E050000CEAE000000000000000000000000000000000000000000000000000000000000000000000000000000000000000000000000000000000000000000000000000000000000000000000000000000000000000000000000000000000000000000000000
	00000000000000000000000000000000000000000000000000000000000000000000000000000000000000000000000000000000000000000000000000000000000000000000000000000000000000000000000000000000000000000000000000000000000000000000000000000000000000000000000000000000000000
	0000000000000000000000000000000000000000000000000000000000000000000000000000000000000000000000000000000000000000000000000000000000000000000000000000000000000000000000000000004E05000071B300000000000000000000000000000000000000000000000000000000000000000000
	00000000000000000000000000000000000000000000000000000000000000000000000000000000000000000000000000000000000000000000000000000000000000000000000000000000000000000000000000000000000000000000000000000000000000000000000000010000000000000000000000000000000000
	00000000000000000000000000000000000000000000000000000000000000000000000000000000000000000000000000000000000000000000000000000000000000000000000000000000000000000000000000000000000000000000000000000000000000000000000000000000000000000000000000000000000000
	000000000000000000004B06000028E5000000000000000000000000000000000000000000000000000000000000000000000000000000000000000000000000000000000000000000000008000000000000000000000000000000000000000000000000000000000000000000000000000000000000000000000000000000
	00000000000000000000000000000000000000000000000000000000000000000000000000000000000000000000000000000000000000000000000000000000000000000000000000000000000000000000000000000000000000000000000000000000000000000000000000000000000000000000000000000000000000
	0000000000000000000000000000000000000000000000000000000000000000000000000000000000000000000000000000000000000000000000004B0600004DBF00000000000000000001000000000000000000000000000000000000000000000000000000000000000000000000000000000000000000000000000000
	00000000000000000000000000000000000000000000000000000000000000000000000000000000000000000000000000000000000000000000000000000000000000000000000000000000000000000000000000000000000000000000000000000000000000000000000000000000000000000000000000000000000000
	00000000000000000000000000000000000000000000000000000000000000000000000000000000000000000000000000000000000000000000000000000000000000000000000000000000000000000000000000000000000000000000000000000000000000000000000000004B060000DBA00000000000000000000000
	00000000000000000000000000000000000000000000000000000000000000000000000000000000000000000000000008000000000000000000000000000000000000000000000000000000000000000000000000000000000000000000000000000000000000000000000000000000000000000000000000000000000000
	00000000000000000000000000000000000000000000000000000000000000000000000000000000000000000000000000000000000000000000000000000000000000000000000000000000000000000000000000000000000000000000000000000000000000000000000000000000000000000000000000000000000000
	000000000000000000000000000000000000000000480100002F1900000000000000000000000000010000000000000000000000000000000000000000000000000000000000000000000000000000000000000000000000000000000000000000000000000000000000000000000000000000000000000000000000000000
	00000000000000000000000000000000000000000000000000000000000000000000000000000000000000000000000000000000000000000000000000000000000000000000000000000000000000000000000000000000000000000000000000000000000000000000000000000000000000000000000000000000000000
	00000000000000000000000000000000000000000000000000000000000000000000000000000000000000000000000000000000000000000000000000100000000000000000000000000000000000000000000000000000000000500F0000EE19000000000000000000000000000000000000000000000000000000000000
	00000000000000000000000000000000000000000000000000000000000000000000000000000000000000000000000000000000000000000000000000000000000000000000000000000000000000000000000000000000000000000000000000000000000000000000000000000000000000000000000000000000000000
	00000000000000000000000000000000000000000000000000000000000000000000000000000000000000000000000000000000000000000000000000000000000000000000000000000000000000000000000000000000000000000000000000000000000000000000000000000000000000000000000000000000000000
	00000000100000000000000000000000000000000000000000000000000000000000500F00007FC2000000000000000000000000000000000000000000000000000000000000000000000000000000000000000000000000000000000000000000000000000000000000000000000000000000000000000000000000000000
	00000000000000000000000000000000000000000000000000000000000000000000000000000000000000000000000000000000000000000000000000000000000000000000000000000000000000000000000000000000000000000000000000000000000000000000000000000000000000000000000000000000000000
	0000000000000000000000000000000000000000000000000000000000000000000000000000000000000000000000000000000000000000000000000000000000000000000000000000000000000000000000000000000000000000000000000000000000000000500F00009B390000000000000000000000000000000000
	00000000000000000000000000000000000000000000000000000000000000000000000000000000000000000000000000000000000000000000000000000000000000000000000000000000000000000000000000000000000000000000000000000000000000000000000000000000000000000000000000000000000000
	00000000000000000000000000000000000000000000000000000000000000000000000000000000000000000000000000000000000000000000000000000000000000000000000000000000000000000000000000000000000000000000000000000000000000000000000000000000000000000000000000000000000000
	0000000000000000000000000000000000000000000000000000004B1000009B3900000000000000000000000000000000000000000000000000000000000000000000000000000000000000000000000000000000000000000000000000000000000000000000000000000000000000000000000000000000000000000000
	00000000000000000000000000000000000000000000000000000000000000000000000000000000000000000000000000000000000000000000000000000000000000000000000000000000000000000000000000000000000000000000000000000000000000000000000000000000000000000000000000000000000000
	00000000000000000000000000000000000000000000000000000000000000000000000000000000000000000000000000000000000000000000000000000000000000000000000000000000004B1000009B390000000000000000000000000000000000000000000000000000000000000000000000000000000000000000
	00000000000000000000000000000000000000000000000000000000000000000000000000000000000000000000000000000000000000000000000000000000000000000000000000000000000000000000000000000000000000000000000000000000000000000000000000000000000000000000000000000000000000
	00000000000000000000000000000000000000000000000000000000000000000000000000000000000000000000000000000000000000000000000000000000000000000000000000000000000000000000000000000000000000000000000000000000000000000000000000000000000000000000000000000000000000
	4B1000000F7900000000000000000000000000000000000000000000000000000000000000000000000000000000000000000000000000000000000000000000000000000000000000000000000000000000000000000000000000000000000000000000000000000000000000000000000000000000000000000000000000
	00000000000000000000000000000000000000000000000000000000000000000000000000280700000F79000000000000000000000000000000000000000000000000000000000000000000000000000000000000000000000000000000000000000000000000000000000000000000000000000000000000000000000000
	000000000000000000000000000000000000000000000000000000000000000000000000000000000000000000000000000000000000000000000000000000000000000000000000000028070000E456000000FFFF06FFFF0083FF00807900807FFC807FFF867FFF8042FF80403880403FFC403FFFC63FFFC022FFC02018C0
	201FFC201FFFE61FFFE012FFE01008E0100FFC100FFFF60FFFF00BFFF00801F00807FC0807FFFE07FFF8037FF80405780403F80403FFFE03FFFC077FFC02017C0201FA0201FFFC01FFFE077FFE01037E0100F80100FFFD00FFFF067FFF00837F00807900807FFC000000062708000048320000000000000000000001000000
	00000000000080000000000000000040000000000000000000000000008000000000000000004000000000000000000000000020800000000000000000400000000000000000200000000000000000000000000040000010000000000020000000000000000010000000000000000000000000002000000000000008001000
	00000000000000080000000000000000000000000010000000000000000008000400000000000004000000000000000000000000000800000000000000000400000000000200000200000000000000000000000000040000000000000000020000000000000000010100000000000000000000000002000000000000000001
	0000000000000000008000000000000000000000000001000000000000000000800000000000000000400000000000000000500A000078160000000000000000800000000000008000400000000080004000000000000040000000000020400020000000000000200000000000002000101000000000001000000000000010
	000800000000080008000000000000080004000000000000040004000000000400020000000000000200000000000202000100000000000001000000000000010000810000000000008000000000000080004000000000280900009C5000000000400000000020010000000000000000002000008000100000000000000000
	00401000000000080000000000200000000008000000000400100000000000008000040000080002000000004000000000040200000000012000000000020000000001001000000000000000000100000800008000000000000000000400800000000040000000000200000000004000000000200100000000000000280200
	0031DD00000000000000000001000000000000000000000000000000000000000000000000000000000000000000000000000000000000000000000000000000000000000000000000000000000000000000000000000000000000000000000000000000000000000000000000000000000000000000000000000000000000
	00000000000000000000000000000000000000000000000000000000000027030000A70200000000000000000000000000000000000000000000000000000000000000000000000000000000000000000000000000000000000000000000000000000000000000000000000000000000000000000000000000000000000000
	00000000000000000000000000000000000000000000000000000000000000000000000000000000000000000000000000000000000000250400006602000000000000000000000000000100000000000000000000000000000000000000000000000000000000000000000000000000000000000000000000000000000000
	000000000000000000000000000000000000000000000000000000000000000000000000000000000000000000000000000000000000000000000000000000000000000000000000000000000000000025040000AE260000000000000000000000000000000000000000000000000000000000000000000000000000000000
	00000000000000000000000000000000000000000000000000000000000000000000000000000000000000000000000000000000000000000000000000000000000000000000000000000000000000000000000000000000000000000000000000000000000000000000000000260E0000AE26000000000000000000000000
	00000000000000000000000000000000000000000000000000000000000000000000000000000000000000000000000000000000000000000000000000000000000000000000000000000000000000000000000000000000000000000000000000000000000000000000000000000000000000000000000000000000000000
	0000000000000000000000260E000046FA0000000000000000000000000000000000000000000000000000000000000000000000000000000000000000000000000000000000000000000000000000000000000000000000000000000000000000000000000000000000000000000000000000000000000000000000000000
	000000000000000000000000000000000000000000000000000000000000000000000000000000000000000000000000280D0000CEB100004000810040000102000000020020000020204000200040800000008000000000101000001010200000002040000000400800000008080000000810000000102004000020040000
	00000400000004080002000810020000100000000000020000010204000100040800000008000000000081000000810200000002040000000400400000004080004000810040000102000000020020000000204000280D000046FA000000000000000000000000000000000000000000000000000000000000000000000000
	0000000000000000000000000000000000000000000000000000000000000000000000000000000000000000000000000000000000000000000000000000000000000000000000000000000000000000000000000000000000000000000000000000000000000000000000000000000000000000000000000000280D0000E7
	81000000000000000000000000000000000000000000000000000000000000000000000000000000000000000000000000000000000000000000000000000000000000000000000000000000000000000000000000000000000000000000000000000000000000000000000000000000000000000000000000000000000000
	00000000000000000000000000000000000000000000000000000000000000000000000000000000000000000000000000000000000000000000000000000000000000000000000000000000000000000000000000000000000000000000000000000000000000000000000000000000000000000000000000000000000000
	00000000000000000000000000000000000000000000000000000000000000000000000000000000000000000000000000000000004D0C0000E7810000000000000000000000000000000000000000000000000000000000000000000000000000000000000000000000000000000000000000000000000000000000000000
	00000000000000000000000000000000000000000000000000000000000000000000000000000000000000000000000000000000000000000000000000000000000000000000000000000000000000000000000000000000000000000000000000000000000000000000000000000000000000000000000000000000000000
	0000000000000000000000000000000000000000000000000000000000000000000000000000000000000000000000000000000000000000000000000000000000000000000000000000000000000000000000000000000000000000000000000000000000000000000000000000004D0C0000718C00000000000000000001
	00000001000000000000000000000000000000000000000000000000000000000000000000000000000000000000000000000000000000000000000000000000000000000000000000000000000000000000000000000000000000000000000000000000000000000000000000000000000000000000000000000000000000
	00000000000000000000000000000000000000000000000000000000000000000000000000000000000000000000000000000000000000000000000000000000000000000000000000000000000000000000000000000000000000000000000000000000000000000000000000000000000000000000000000000000000000
	000000000000000000000000000000000000000000000000000000000000000000000000000000000000000000004E0B000075DD000000000000000000000000000000000000000000000000000000000000000000000000000000000000000000000000000000000000000000000000000000000000000000000000000000
	00000000000000000000000000000000000000000000000000000000000000000000000000000000000000000000000000000000000000000000000000000000000000000000000000000000000000000000000000000000000000000000000000000000000000000000000000000000000000000000000000000000000000
	0000000000000000000000000000000000000000000000000000000000000000000000000000000000000000000000000000000000000000000000000000000000000000000000000000000000000000000000000000000000000000000000000000000000000000000000004E0B000075DD00000000000000000000000000
	00000000000000000000000000000000000000000000000000000000000000000000000000000000000000000000000000000000000000000000000000000000000000000000000000000000000000000000000000000000000000000000000000000000000000000000000000000000000000000000000000000000000000
	00000000000000000000000000000000000000000000000000000000000000000000000000000000000000000000000000000000000000000000000000000000000000000000000000000000000000000000000000000000000000000000000000000000000000000000000000000000000000000000000000000000000000
	000000000000000000000000000000000000000000000000000000000000000000000000000000000000004E0B00005D19000000000000000000000000000000000000000000000000000000000000000000000000000000000000000000000000000000000000000000000000000000000000000000000000000000000000
	00000000000000000000000000000000000000000000000000000000000000000000000000000000000000000000000000000000000000000000000000000000000000000000000000000000000000000000000000000000000000000000000000000000000000000000000000000000000000000000000000000000000000
	00000000000000000000000000000000000000000000000000000000000000000000000000000000000000000000000000000000000000000000000000000000000000000000000000000000000000000000000000000000000000000000000000000000004D0000005D190000000000000000000000000000000000000000
	00000000000000000000000000000000000000000000000000000000000000000000000000000000000000000000000000000000000000000000000000000000000000000000000000000000000000000000000000000000000000000000000000000000000000000000000000000000000000000000000000000000000000
	00000000000000000000000000000000000000000000000000000000000000000000000000000000000000000000000000000000000000000000000000000000000000000000000000000000000000000000000000000000000000000000000000000000000000000000000000000000000000000000000000000000000000
	00000000000000000000000000000000000000000000000000000000000000004D0000005D190000000000000000000000000000000000000000000000000000000000000000000000000000000000000000000000000000000000000000000000000000000000000000000000000000000000000000000000000000000000
	00000000000000000000000000000000000000000000000000000000000000000000000000000000000000000000000000000000000000000000000000000000000000000000000000000000000000000000000000000000000000000000000000000000000000000000000000000000000000000000000000000000000000
	0000000000000000000000000000000000000000000000000000000000000000000000000000000000000000000000000000000000000000000000000000000000000000000000000000000000000000000000000000000000004D0000005D1900000000000000000000000000000000000000000000000000000000000000
	00000000000000000000000000000000000000000000000000000000000000000000000000000000000000000000000000000000000000000000000000000000000000000000000000000000000000000000000000000000000000000000000000000000000000000000000000000000000000000000000000000000000000
	00000000000000000000000000000000000000000000000000000000000000000000000000000000000000000000000000000000000000000000000000000000000000000000000000000000000000000000000000000000000000000000000000000000000000000000000000000000000000000000000000000000000000
	0000000000000000000000000000000000000000004D000000CEAE00000000000000000000000000000000000000000000000000000000000000000000000000000000000000000000000000000000000000000000000000000000000000000000000000000000000000000000000000000000000000000000000000000000
	00000000000000000000000000000000000000000000000000000000000000000000000000000000000000000000000000000000000000000000000000000000000000000000000000000000000000000000000000000000000000000000000000000000000000000000000000000000000000000000000000000000000000
	00000000000000000000000000000000000000000000000000000000000000000000000000000000000000000000000000000000000000000000000000000000000000000000000000000000000000000000004E050000CEAE0000000000000000000000000000000000000000000000000000000000000000000000000000
	00000000000000000000000000000000000000000000000000000000000000000000000000000000000000000000000000000000000000000000000000000000000000000000000000000000000000000000000000000000000000000000000000000000000000000000000000000000000000000000000000000000000000
	00000000000000000000000000000000000000000000000000000000000000000000000000000000000000000000000000000000000000000000000000000000000000000000000000000000000000000000000000000000000000000000000000000000000000000000000000000000000000000000000000000000000000
	0000000000000000000000000000000000004E05000088EE00000000000000000000000000000000000000000000000000000000000000000000000000000000000000000000000000000000000000000000000000000000000000000000000000000000000000000000000000000000000000000000000000000000000000
	00000000000000000000000000000000000000000000000000000000000000000000000000000000000000000000000000000000000000000000000000000000000000000000000000000000000000000000000000000000000000000000000000000000000000000000000000000000000000000000000000000000000000
	00000000000000000000000000000000000000000000000000000000000000000000000000000000000000000000000000000000000000000000000000000000000000004B06000088EE0000000000000000000000000000000000000000000000000000000000000000000000000000000000000000000000000000000000
	00000000000000000000000000000000000000000000000000000000000000000000000000000000000000000000000000000000000000000000000000000000000000000000000000000000000000000000000000000000000000000000000000000000000000000000000000000000000000000000000000000000000000
	000000000000000000000000000000000000000000000000000000000000000000000000000000000000000000000000000000000000000000000000000000000000000000000000000000000000000000000000000000000000000000000000000000000000000000000000000000000000000000004B06000088EE000000
	00000000000000000000000000000000000000000000000000000000000000000000000000000000000000000000000000000000000000000000000000000000000000000000000000000000000000000000000000000000000000000000000000000000000000000000000000000000000000000000000000000000000000
	00000000000000000000000000000000000000000000000000000000000000000000000000000000000000000000000000000000000000000000000000000000000000000000000000000000000000000000000000000000000000000000000000000000000000000000000000000000000000000000000000000000000000
	00000000000000000000000000000000000000000000000000000000000000000000000000000000004B0600007BAB0000000000000000000000000000000000000000000000000000000000000000000000000000000000000000000000000000000000000000000000000000000000000000000000000000000000000000
	00000000000000000000000000000000000000000000000000000000000000000000000000000000000000000000000000000000000000000000000000000000000000000000000000000000000000000000000000000000000000000000000000000000000000000000000000000000000000000000000000000000000000
	00000000000000000000000000000000000000000000000000000000000000000000000000000000000000000000000000000000000000000000000000000000000000000000000000000000000000480100007FC2000000000000000000000000000000000000000000000000000000000000000000000000000000000000
	00000000000000000000000000000000000000000000000000000000000000000000000000000000000000000000000000000000000000000000000000000000000000000000000000000000000000000000000000000000000000000000000000000000000000000000000000000000000000000000000000000000000000
	00000000000000000000000000000000000000000000000000000000000000000000000000000000000000000000000000000000000000000000000000000000000000000000000000000000000000000000000000000000000000000000000000000000000000000000000000000000000000000000000000000000000000
	00000000000000000000000000000000000000000000500F00007FC2000000000000000000000000000000000000000000000000000000000000000000000000000000000000000000000000000000000000000000000000000000000000000000000000000000000000000000000000000000000000000000000000000000
	00000000000000000000000000000000000000000000000000000000000000000000000000000000000000000000000000000000000000000000000000000000000000000000000000000000000000000000000000000000000000000000000000000000000000000000000000000000000000000000000000000000000000
	0000000000000000000000000000000000000000000000000000000000000000000000000000000000000000000000000000000000000000000000000000000000000000000000000000000000000000000000000000000000000000500F00007FC20000000000000000000000000000000000000000000000000000000000
	00000000000000000000000000000000000000000000000000000000000000000000000000000000000000000000000000000000000000000000000000000000000000000000000000000000000000000000000000000000000000000000000000000000000000000000000000000000000000000000000000000000000000
	00000000000000000000000000000000000000000000000000000000000000000000000000000000000000000000000000000000000000000000000000000000000000000000000000000000000000000000000000000000000000000000000000000000000000000000000000000000000000000000000000000000000000
	0000000000000000000000000000000000000000000000000000000000000000000000500F00000F490000000000000000000000000000000000000000000000000000000000000000000000000000000000000000000000000000000000000000000000000000000000000000000000000000000000000000000000000000
	00000000000000000000000000000000000000000000000000000000000000000000000000000000000000000000000000000000000000000000000000000000000000000000000000000000000000000000000000000000000000000000000000000000000000000000000000000000000000000000000000000000000000
	0000000000000000000000000000000000000000000000000000000000000000000000000000000000000000000000000000000000000000000000000000000000000000000000000000000000000000004A3300000F4900000000000000000000000000000000000000000000000000000000000000000000000000000000
	00000000000000000000000000000000000000000000000000000000000000000000000000000000000000000000000000000000000000000000000000000000000000000000000000000000000000000000000000000000000000000000000000000000000000000000000000000000000000000000000000000000000000
	00000000000000000000000000000000000000000000000000000000000000000000000000000000000000000000000000000000000000000000000000000000000000000000000000000000000000000000000000000000000000000000000000000000000000000000000000000000000000000000000000000000000000
	4A3300000F4900000000000000000000000000000000000000000000000000000000000000000000000000000000000000000000000000000000000000000000000000000000000000000000000000000000000000000000000000000000000000000000000000000000000000000000000000000000000000000000000000
	00000000000000000000000000000000000000000000000000000000000000000000000000000000000000000000000000000000000000000000000000000000000000000000000000000000000000000000000000000000000000000000000000000000000000000000000000000000000000000000000000000000000000
	000000000000000000000000000000000000000000000000000000000000000000000000000000000000000000004A3300008894000000000000000000000000000000000000000000000000000000000000000000000000000000000000000000000000000000000000000000000000000000000000000000000000000000
	00000000000000000000000000000000000000000000000000000000000000000000000000000000000000000000000000000000000000000000000000000000000000000000000000000000000000271600007543000000000000000000000000000000000000000000000000000000000000000000000000000000000000
	00000000000000000000000000000000000000000000000000000000000000000000000000000000000000000000000000000000000000000000000000000000000000000000000000000000000000000000000000000000000000000000000000000000000000000000000000000000000000000000000000000000000000
	00000000000000000000000000000000000000000000000000000000000000000000000000000000000000000000000000000000000000000000000000000000000000000000000000000000000000000000000000000000000000000000000000000000000000000000000000000000000000000000000000000000000000
	00000000000000000000000000000000000000000000501100009C6F000000000000000000000000000000000000000000000000000000000000000000000000000000000000000000000000000000000000000000000000000000000000000000000000000000000000000000000000000000000000000000000000000000
	000000000000000000000000000000000000000000000000000000000000000000000000000000000000000000000000000000000000000000000000000000000000000000000000000000000000000000000000000000000000000000000000000000321300009C6F00000000000000000000000000000000000000000000
	00000000000000000000000000000000000000000000000000000000000000000000000000000000000000000000000000000000000000000000000000000000000000000000000000000000000000000000000000000000000000000000000000000000000000000000000000000000000000000000000000000000000000
	00000000000000000000000000000000000000000000000000000000000000000000000000000000000000000000000000321300009C6F000000000000000000000000000000000000000000000000000000000000000000000000000000000000000000000000000000000000000000000000000000000000000000000000
	00000000000000000000000000000000000000000000000000000000000000000000000000000000000000000000000000000000000000000000000000000000000000000000000000000000000000000000000000000000000000000000000000000000000000000000000000000000000000000000000000000000000032
	130000EA800000000000000000000000000000000000000000000000000000000000000000000000000000000000000000000000000000000000000000000000000000000000000000000000000000000000000000000000000000000000000000000000000000000000000000000000000000000000000000000000000000
	00000000000000000000000000000000000000000000000000000000000000000000000000000000000000000000000000000000000000000000000000000000000000000000000000000000000000000000000000000000000000000000000000000000000000000000000000000000000000000000000000000000000000
	00000000000000000000000000000000000000000000000000000000000000000047180000EA8000000000000000000000000000000000000000000000000000000000000000000000000000000000000000000000000000000000000000000000000000000000000000000000000000000000000000000000000000000000
	00000000000000000000000000000000000000000000000000000000000000000000000000000000000000000000000000000000000000000000000000000000000000000000000000000000000000000000000000000000000000000000000000000000000000000000000000000000000000000000000000000000000000
	0000000000000000000000000000000000000000000000000000000000000000000000000000000000000000000000000000000000000000000000000000000000000047180000EA80000000000000000000000000000000000000000000000000000000000000000000000000000000000000000000000000000000000000
	00000000000000000000000000000000000000000000000000000000000000000000000000000000000000000000000000000000000000000000000000000000000000000000000000000000000000000000000000000000000000000000000000000000000000000000000000000000000000000000000000000000000000
	0000000000000000000000000000000000000000000000000000000000000000000000000000000000000000000000000000000000000000000000000000000000000000000000000000000000000000000000000000000000000000000000000000000000471800004B720000D0102C0081600182000D01216808160440B0
	00C08006808134040B1020580042C00340601A020580102C00086001A0210D0102F008160000B000D00406808150040B00385800680003404082020580282C00341C01A020400102C00116001A1400D0100E808160200B000D000068080A4040B0070580069000340400A020580502C00343001A0208D0102C008160018200
	0D012100000004271900008F91000080000000000001000008000040000000000000800004000020000000000000400002000010000000000000000001002008000000000000000000800004000010000000000000400002000000000000080000200001000000000000000000100400800000000000000000080000400002
	0000000000000400002000000000000100000200001000008000000000000100000800000000000027190000FD8C0000B140188600C50162280B142458A00C400062808314058A312C500612803140608A02C501162803184018A009C50162B00B140180A00C500C6280B144058A00D8500628003140588602C50062280314
	2C18A02C400162800314018A310C50161680B140208A00C50106280B184058A00BC500629003140580A02C500C62803145018A02C850162800B140188600C50162280B1424000000002719000067CF000000000000000000000000000000000000000000000000000000000000000000000000000000000000000000000000
	00000000000000000000000000000000000000000000000000000000000000000000000000000000000000000000000000000000000000000000000000000000000000000000000000000000000000000000000000000000000000000000000000000000000000000000000000000000000000000000000000000000000000
	000000000000000000000000000000000000000000000000000000000000000000000000000000000000000000000000000000000000003A1A000067CF000000000000000000000000000000000000000000000000000000000000000000000000000000000000000000000000000000000000000000000000000000000000
	00000000000000000000000000000000000000000000000000000000000000000000000000000000000000000000000000000000000000000000000000000000000000000000000000000000000000000000000000000000000000000000000000000000000000000000000000000000000000000000000000000000000000
	000000000000000000000000000000000000000000000000000000000000000000000000003A1A000067CF000000000000000000000000000000000000000000000000000000000000000000000000000000000000000000000000000000000000000000000000000000000000000000000000000000000000000000000000
	00000000000000000000000000000000000000000000000000000000000000000000000000000000000000000000000000000000000000000000000000000000000000000000000000000000000000000000000000000000000000000000000000000000000000000000000000000000000000000000000000000000000000
	000000000000000000000000000000000000003A1A0000D4DA000000000000000040000000000000000010020000000000000000000000000020000000000001000008000000000000000000000000000010000080000000000004000000000000000000000000004008000000000000000002000000000000000000200000
	00000400000000000000000100000000001000000000000000000200800000000000000000080000000000000000000040000100000000000004000000000000000000002000000000000080000200000000000000000000100000000000000000010040000000000000000008000000000000000000800000000020000000
	0004000000000000000000400000000000000000100200000000000000411B0000E6480000040040000000400000004010020000100200001002000000000020000000200001002008010000080100000800000000000010000080100000801004008000040000000400000000004008000040080000400802000000020000
	00020020000000200400002004000000040100000001001000010010000000100200800002008000020080080000000800000008000040000100400001004004010000040000000400002000000020000080200200800002008000020000100000001000000010010040000100400001004008000000080000000800800000
	008020000080200400002004000000040040000000400000004010020000100200001000000000411B0000933100000400000000000000000040000000000000000010020000000000000000000000000020000000000001000008000000000000000000000000000010000080000000000004000000000000000000000000
	00400800000000000000000200000000000000000020000000000400000000000000000100000000001000000000000000000200800000000000000000080000000000000000000040000100000000000004000000000000000000002000000000000080000200000000000000000000100000000000000000010040000000
	00000000000800000000000000000080000000002000000000040000000000000000004000000000000000001000000000411B0000D4DA000000000000000040000000000000000010020000000000000000000000000020000000000001000008000000000000000000000000000010000080000000000004000000000000
	00000000000000400800000000000000000200000000000000000020000000000400000000000000000100000000001000000000000000000200800000000000000000080000000000000000000040000100000000000004000000000000000000002000000000000080000200000000000000000000100000000000000000
	0100400000000000000000080000000000000000008000000000200000000004000000000000000000400000000000000000100200000000000000411B0000D62E0000000040000400400000000010020040100200000000000010020020000000200001000008010020080000000001000008000010000080100000800004
	00001004008000000000000400400800004008000000000200400802000000000020000200200400000004000020000100000401001000000010000100000200801002008000000000080200800800000000000040080100400001000004000040040100000000002004000020000080000200802002000000000080100200
	001000000000010040100100400000000008010040080000000000800008008020000000200400800004000020000040000400400000000010020040100200000000000010411B0000820A00000000000000000000000000000000000000000000000000000000000000000000000000000000000000000000000000000000
	00000000000000000000000000000000000000000000000000000000000000000000000000000000000000000000000000000000000000000000000000000000000000000000000000000000000000000000000000000000000000000000000000000000000000000000000000000000000000000000000000000000000000
	00000000000000000000000000000000000000000000000000000000000000000000000000000000000000000000000000000000000000000000000000000000000000000000000000000000000000411B0000FBF300000000C000000040200000001006000010020000000000400000002000000020100300000801000008
	000000000000200000001000018010080080000400000004000000000000100000C008000040080400000002000000020000000000600800002004000000040200000001000000010030000000100400000002008000020180000000001800000008000000000200C000010040000100000C00000004000000000000600001
	0020000080000600800002000000000000300000001000008000030040000100400000000018000000080000000001804000008020000000200C000000040000000000C0000000402000000010060000100200000000000000411B00008E8A0000000080000000002000000000040000000000000000004000000000000000
	00100200000000000000000000000000200000000000010000080000000000000000000000000000100000800000000000040000000000000000000000000040080000000000000000020000000000000000002000000000040000000000000000010000000000100000000000000000020080000000000000000008000000
	000000000000004000010000000000000400000000000000000000200000000000008000020000000000000000000010000000000000000001004000000000000000000800000000000000000080000000002000000000040000000000000000000000411B0000820A00000000000000000000000000000000000000000000
	00000000000000000000000000000000000000000000000000000000000000000000000000000000000000000000000000000000000000000000000000000000000000000000000000000000000000000000000000000000000000000000000000000000000000000000000000000000000000000000000000000000000000
	00000000000000000000000000000000000000000000000000000000000000000000000000000000000000000000000000000000000000000000000000000000000000000000000000000000000000000000000000000000000000000000000000000000000000000000000000411B0000C283000000000000000000000000
	00000000000000000000000000000000000000000000000000000000000000000000000000000000000000000000000000000000000000000000000000000000000000000000000000000000000000000000000000000000000000000000000000000000000000000000000000000000000000000000000000000000000000
	00000000000000000000000000000000000000000000000000000000000000000000000000000000000000000000000000000000000000000000000000000000000000000000000000000000000000000000000000000000000000000000000000000000000000000000000000000000000000000000000000000000000000
	000000000000000000000000000000000000000000000000000000004A1F0000E5AF000000000000000000000000000000000000000000000000000000000000000000000000000000000000000000000000000000000000000000000000000000000000000000000000000000000000000000000000000000000000000000
	00000000000000000000000000000000000000000000000000000000000000000000000000000000000000000000000000000000000000000000000000000000000000000000000000000000000000000000000000000000000000000000000000000000000000000000000000000000000000000000000000000000000000
	0000000000000000000000000000000000000000000000000000000000000000000000000000000000000000000000000000000000000000000000000000000000000000000000000000000000000000000000000000000000004E340000E5AF00000000000000000000000000000000000000000000000000000000000000
	00000000000000000000000000000000000000000000000000000000000000000000000000000000000000000000000000000000000000000000000000000000000000000000000000000000000000000000000000000000000000000000000000000000000000000000000000000000000000000000000000000000000000
	00000000000000000000000000000000000000000000000000000000000000000000000000000000000000000000000000000000000000000000000000000000000000000000000000000000000000000000000000000000000000000000000000000000000000000000000000000000000000000000000000000000000000
	000000000000000000000000000000000000000000000000004E340000E5AF000000000000000000000000000000000000000000000000000000000000000000000000000000000000000000000000000000000000000000000000000000000000000000000000000000000000000000000000000000000000000000000000
	00000000000000000000000000000000000000000000000000000000000000000000000000000000000000000000000000000000000000000000000000000000000000000000000000000000000000000000000000000000000000000000000000000000000000000000000000000000000000000000000000000000000000
	0000000000000000000000000000000000000000000000000000000000000000000000000000000000000000000000000000000000000000000000000000000000000000000000000000000000000000000000000000004E3400000F4900000000000000000000000000000000000000000000000000000000000000000000
	00000000000000000000000000000000000000000000000000000000000000000000000000000000000000000000000000000000000000000000000000000000000000000000000000000000000000000000000000000000000000000000000000000000000000000000000000000000000000000000000000000000000000
	00000000000000000000000000000000000000000000000000000000000000000000000000000000000000000000000000000000000000000000000000000000000000000000000000000000000000000000000000000000000000000000000000000000000000000000000000000000000000000000000000000000000000
	0000000000004A3300000F4900000000000000000000000000000000000000000000000000000000000000000000000000000000000000000000000000000000000000000000000000000000000000000000000000000000000000000000000000000000000000000000000000000000000000000000000000000000000000
	00000000000000000000000000000000000000000000000000000000000000000000000000000000000000000000000000000000000000000000000000000000000000000000000000000000000000000000000000000000000000000000000000000000000000000000000000000000000000000000000000000000000000
	000000000000000000000000000000000000000000000000000000000000000000000000000000000000000000000000000000004A3300000F49000000000000000000000000000000000000000000000000000000000000000000000000000000000000000000000000000000000000000000000000000000000000000000
	00000000000000000000000000000000000000000000000000000000000000000000000000000000000000000000000000000000000000000000000000000000000000000000000000000000000000000000000000000000000000000000000000000000000000000000000000000000000000000000000000000000000000
	00000000000000000000000000000000000000000000000000000000000000000000000000000000000000000000000000000000000000000000000000000000000000000000000000000000000000000000000000000000000000000000000000004A330000A7170000000000000000000000000000000000000000000000
	00000000000000000000000000000000000000000000000000000000000000000000000000000000000000000000000000000000000000000000000000000000000000000000000000000000000000000000000000000000000000000000000000000000000000000000000000000000000000000000000000000000000000
	00000000000000000000000000000000000000000000000000000000000000000000000000000000000000000000000000000000000000000000000000000000000000000000000000000000000000000000000000000000000000000000000000000000000000000000000000000000000000000000000000000000000000
	000000000047320000E5AF0000000000000000000000000000000000000000000000000000000000000000000000000000000000000000000000000000000000000000000000000000000000000000000000000000000000000000000000000000000000000000000000000000000000000000000000000000000000000000
	00000000000000000000000000000000000000000000000000000000000000000000000000000000000000000000000000000000000000000000000000000000000000000000000000000000000000000000000000000000000000000000000000000000000000000000000000000000000000000000000000000000000000
	000000000000000000000000000000000000000000000000000000000000000000000000000000000000000000000000000000000000000000000000000000000000004E340000E5AF000000000000000000000000000000000000000000000000000000000000000000000000000000000000000000000000000000000000
	00000000000000000000000000000000000000000000000000000000000000000000000000000000000000000000000000000000000000000000000000000000000000000000000000000000000000000000000000000000000000000000000000000000000000000000000000000000000000000000000000000000000000
	00000000000000000000000000000000000000000000000000000000000000000000000000000000000000000000000000000000000000000000000000000000000000000000000000000000000000000000000000000000000000000000000000000000000000000000000000000000000000000000000000000000000000
	00004E340000E5AF0000000000000000000000000000000000000000000000000000000000000000000000000000000000000000000000000000000000000000000000000000000000000000000000000000000000000000000000000000000000000000000000000000000000000000000000000000000000000000000000
	00000000000000000000000000000000000000000000000000000000000000000000000000000000000000000000000000000000000000000000000000000000000000000000000000000000000000000000000000000000000000000000000000000000000000000000000000000000000000000000000000000000000000
	000000000000000000000000000000000000000000000000000000000000000000000000000000000000000000000000000000000000000000000000000000004E3400009B39000000000000000000000000000000000000000000000000000000000000000000000000000000000000000000000000000000000000000000
	00000000000000000000000000000000000000000000000000000000000000000000000000000000000000000000000000000000000000000000000000000000000000000000000000000000000000000000000000000000000000000000000000000000000000000000000000000000000000000000000000000000000000
	0000000000000000000000000000000000000000000000000000000000000000000000000000000000000000000000000000000000000000000000000000000000000000000000000000000000000000000000000000000000000000000000000000000000000000000000000000000000004B1000009B3900000000000000
	00000000000000000000000000000000000000000000000000000000000000000000000000000000000000000000000000000000000000000000000000000000000000000000000000000000000000000000000000000000000000000000000000000000000000000000000000000000000000000000000000000000000000
	00000000000000000000000000000000000000000000000000000000000000000000000000000000000000000000000000000000000000000000000000000000000000000000000000000000000000000000000000000000000000000000000000000000000000000000000000000000000000000000000000000000000000
	000000000000000000000000000000000000000000000000000000000000000000000000004B1000005E68000000000000000000010000000000000000000000000000000000000000000000000000000000000000000000000000000000000000000000000000000000000000000000000000000000000000000000000000
	00000000000000000000000000000000000000000000000000000000000000000000000000000000000000000000000000000000000000000000000000000000000000000000000000000000000000000000000000000000000000000000000000000000000000000000000000000000000000000000000000000000000000
	0000000000000000000000000000000000000000000000000000000000000000000000000000000000000000000000000000000000000000000000000000000000000000000000000000000000000000000000000000004B1000000F7900000000000000000000000000000000000000000000000000000000000000000000
	00000000000000000000000000000000000000000000000000000000000000000000000000000000000000000000000000000000000000000000000000000000000000000000000000000000000000000000000000000000000000000000000000000000000000000000000000000000000000000000000000000000280700
	00CE7900000000000000000000000000010000000000000000000000000000000000000000000000000000000000000000000000000000000000000000000000000000000000000000000000000000000000000000000000000000000000000000000000000000000000000000000000000000000000000000000000000000
	0000000000000000000000000000000000000000000000000000000000000000000028070000E007000000FFFF06FFFF0082FF00807800807FFC807FFF867FFF8042FF80403880403FFC403FFFC63FFFC022FFC02018C0201FFC201FFFE61FFFE012FFE01008E0100FFC100FFFF60FFFF00BFFF00801F00807FC0807FFFE07
	FFF8037FF80405780403F80403FFFE03FFFC077FFC02017C0201FA0201FFFC01FFFE077FFE01037E0100F80100FFFD00FFFF067FFF00837F00807900807FFC00000006270800004832000000000000000000000100000000000000000080000000000000000040000000000000000000000000008000000000000000004000
	00000000000000000000002080000000000000000040000000000000000020000000000000000000000000004000001000000000002000000000000000001000000000000000000000000000200000000000000800100000000000000000080000000000000000000000000010000000000000000008000400000000000004
	00000000000000000000000000080000000000000000040000000000020000020000000000000000000000000004000000000000000002000000000000000001010000000000000000000000000200000000000000000100000000000000000080000000000000000000000000010000000000000000008000000000000000
	00400000000000000000500A0000567E000000000000000080000000000000800040000000008000400000000000004000000000002040002000000000000020000000000000200010100000000000100000000000001000080000000008000800000000000008000400000000000004000400000000040002000000000000
	0200000000000202000100000000000001000000000000010000810000000080008000000000000080004000000000280900009C500000000040000000002001000000000000000000200000800010000000000000000000401000000000080000000000200000000008000000000400100000000000008000040000080002
	00000000400000000004020000000001200000000002000000000100100000000000000000010000080000800000000000000000040080000000004000000000020000000000400000000020010000000000000028020000F48C00000000000000000000000000000000000000000000000000000000000000000000000000
	00000000000000000000000000000000000000000000000000000000000000000000000000000000000000000000000000000000000000000000000000000000000000000000000000000000000000000000000000000000000000000000000000000000000000000000000000000000000000000027030000A70200000000
	00000000000000000000000000000000000000000000000000000000000000000000000000000000000000000000000000000000000000000000000000000000000000000000000000000000000000000000000000000000000000000000000000000000000000000000000000000000000000000000000000000000000000
	00000000000000000000000000000025040000A70200000000000000000000000000000000000000000000000000000000000000000000000000000000000000000000000000000000000000000000000000000000000000000000000000000000000000000000000000000000000000000000000000000000000000000000
	00000000000000000000000000000000000000000000000000000000000000000000000000000000250400000D4A000000000000000000010000000100000000000000000000000000000000000000000000000000000000000000000000000000000000000000000000000000000000000000000000000000000000000000
	000000000000000000000000000000000000000000000000000000000000000000000000000000000000000000000000000000000080000000800000000000000000000000260E0000AE2600000000000000000000000000000000000000000000000000000000000000000000000000000000000000000000000000000000
	0000000000000000000000000000000000000000000000000000000000000000000000000000000000000000000000000000000000000000000000000000000000000000000000000000000000000000000000000000000000000000000000000000260E000046FA0000000000000000000000000000000000000000000000
	00000000000000000000000000000000000000000000000000000000000000000000000000000000000000000000000000000000000000000000000000000000000000000000000000000000000000000000000000000000000000000000000000000000000000000000000000000000000000000000000000000000000000
	0000000000000000280D0000CEB10000400081004000010200000002002000002020400020004080000000800000000010100000101020000000204000000040080000000808000000081000000010200400002004000000000400000004080002000810020000100000000000020000010204000100040800000008000000
	000081000000810200000002040000000400400000004080004000810040000102000000020020000000204000280D000083AB00000000000000000001000000000000000000000000000000000000000000000000000000000000000000000000000000000000000000000000000000000000000000000000000000000000
	00000000000000000000000000000000000000000000000000000000000000000000000000000000000000000000000000000000000000000000000000000000000000000000000000000000000000000000280D0000E781000000000000000000000000000000000000000000000000000000000000000000000000000000
	00000000000000000000000000000000000000000000000000000000000000000000000000000000000000000000000000000000000000000000000000000000000000000000000000000000000000000000000000000000000000000000000000000000000000000000000000000000000000000000000000000000000000
	00000000000000000000000000000000000000000000000000000000000000000000000000000000000000000000000000000000000000000000000000000000000000000000000000000000000000000000000000000000000000000000000000000000000000000000000000000000000000000000000000000000000000
	000000000000000000000000004D0C00002681000000000000000000000000000100000000000000000000000000000000000000000000000000000000000000000000000000000000000000000000000000000000000000000000000000000000000000000000000000000000000000000000000000000000000000000000
	00000000000000000000000000000000000000000000000000000000000000000000000000000000000000000000000000000000000000000000000000000000000000000000000000000000000000000000000000000000000000000000000000000000000000000000000000000000000000000000000000000000000000
	00000000000000000000000000000000000000000000000000000000000000000000000000000000000000000000000000000000000000000000000000000000000000000000004D0C000075DD0000000000000000000000000000000000000000000000000000000000000000000000000000000000000000000000000000
	00000000000000000000000000000000000000000000000000000000000000000000000000000000000000000000000000000000000000000000000000000000000000000000000000000000000000000000000000000000000000000000000000000000000000000000000000000000000000000000000000000000000000
	00000000000000000000000000000000000000000000000000000000000000000000000000000000000000000000000000000000000000000000000000000000000000000000000000000000000000000000000000000000000000000000000000000000000000000000000000000000000000000000000000000000000000
	0000000000004E0B000075DD00000000000000000000000000000000000000000000000000000000000000000000000000000000000000000000000000000000000000000000000000000000000000000000000000000000000000000000000000000000000000000000000000000000000000000000000000000000000000
	00000000000000000000000000000000000000000000000000000000000000000000000000000000000000000000000000000000000000000000000000000000000000000000000000000000000000000000000000000000000000000000000000000000000000000000000000000000000000000000000000000000000000
	00000000000000000000000000000000000000000000000000000000000000000000000000000000000000000000000000000000000000000000000000000000000000004E0B000082A60000000000000000000000000000000000000000000000000000000000000000000000000000000000000000000000000000000000
	00000000000000000000000000000000000000000000000000000000000000000000000000000000000000000000000000000000000000000000000000000000000000000000000000000000000000000000000000000000000000000000000000000000000000000000000000000000000000000000000000000000000000
	00000000000000000000000000000000000000000000000000000000000000000000000000000000000000000000000000000000000000000000000000000000000000000000000000000000000000000000000000000000000000000000000000000000000000000000000000000000000080000000000000000000000000
	0000004E0B00005D1900000000000000000000000000000000000000000000000000000000000000000000000000000000000000000000000000000000000000000000000000000000000000000000000000000000000000000000000000000000000000000000000000000000000000000000000000000000000000000000
	00000000000000000000000000000000000000000000000000000000000000000000000000000000000000000000000000000000000000000000000000000000000000000000000000000000000000000000000000000000000000000000000000000000000000000000000000000000000000000000000000000000000000
	000000000000000000000000000000000000000000000000000000000000000000000000000000000000000000000000000000000000000000000000004D0000005D19000000000000000000000000000000000000000000000000000000000000000000000000000000000000000000000000000000000000000000000000
	00000000000000000000000000000000000000000000000000000000000000000000000000000000000000000000000000000000000000000000000000000000000000000000000000000000000000000000000000000000000000000000000000000000000000000000000000000000000000000000000000000000000000
	00000000000000000000000000000000000000000000000000000000000000000000000000000000000000000000000000000000000000000000000000000000000000000000000000000000000000000000000000000000000000000000000000000000000000000000000000000000000000000000004D0000005D190000
	00000000000000000000000000000000000000000000000000000000000000000000000000000000000000000000000000000000000000000000000000000000000000000000000000000000000000000000000000000000000000000000000000000000000000000000000000000000000000000000000000000000000000
	00000000000000000000000000000000000000000000000000000000000000000000000000000000000000000000000000000000000000000000000000000000000000000000000000000000000000000000000000000000000000000000000000000000000000000000000000000000000000000000000000000000000000
	00000000000000000000000000000000000000000000000000000000000000000000000000000000000000000000000000004D0000005D190000000000000000000000000000000000000000000000000000000000000000000000000000000000000000000000000000000000000000000000000000000000000000000000
	00000000000000000000000000000000000000000000000000000000000000000000000000000000000000000000000000000000000000000000000000000000000000000000000000000000000000000000000000000000000000000000000000000000000000000000000000000000000000000000000000000000000000
	0000000000000000000000000000000000000000000000000000000000000000000000000000000000000000000000000000000000000000000000000000000000000000000000000000000000000000000000000000000000000000000000000000000000000000000000004D0000002B2D00000000000000000001000000
	01000000000000000000000000000000000000000000000000000000000000000000000000000000000000000000000000000000000000000000000000000000000000000000000000000000000000000000000000000000000000000000000000000000000000000000000000000000000000000000000000000000000000
	00000000000000000000000000000000000000000000000000000000000000000000000000000000000000000000000000000000000000000000000000000000000000000000000000000000000000000000000000000000000000000000000000000000000000000000000000000000000000000000000000000000000000
	000000000000000000000000000000000000000000000000000000800000008000000000000000000000004E050000CEAE000000000000000000000000000000000000000000000000000000000000000000000000000000000000000000000000000000000000000000000000000000000000000000000000000000000000
	00000000000000000000000000000000000000000000000000000000000000000000000000000000000000000000000000000000000000000000000000000000000000000000000000000000000000000000000000000000000000000000000000000000000000000000000000000000000000000000000000000000000000
	0000000000000000000000000000000000000000000000000000000000000000000000000000000000000000000000000000000000000000000000000000000000000000000000000000000000000000000000000000000000000000000000000000000000000000004E05000088EE00000000000000000000000000000000
	00000000000000000000000000000000000000000000000000000000000000000000000000000000000000000000000000000000000000000000000000000000000000000000000000000000000000000000000000000000000000000000000000000000000000000000000000000000000000000000000000000000000000
	00000000000000000000000000000000000000000000000000000000000000000000000000000000000000000000000000000000000000000000000000000000000000000000000000000000000000000000000000000000000000000000000000000000000000000000000000000000000000000000000000000000000000
	000000000000000000000000000000000000000000000000000000004B06000088EE000000000000000000000000000000000000000000000000000000000000000000000000000000000000000000000000000000000000000000000000000000000000000000000000000000000000000000000000000000000000000000
	00000000000000000000000000000000000000000000000000000000000000000000000000000000000000000000000000000000000000000000000000000000000000000000000000000000000000000000000000000000000000000000000000000000000000000000000000000000000000000000000000000000000000
	0000000000000000000000000000000000000000000000000000000000000000000000000000000000000000000000000000000000000000000000000000000000000000000000000000000000004B0600009B7600000000000000000001000000000000000000000000000000000000000000000000000000000000000000
	00000000000000000000000000000000000000000000000000000000000000000000000000000000000000000000000000000000000000000000000000000000000000000000000000000000000000000000000000000000000000000000000000000000000000000000000000000000000000000000000000000000000000
	00000000000000000000000000000000000000000000000000000000000000000000000000000000000000000000000000000000000000000000000000000000000000000000000000000000000000000000000000000000000000000000000000000000000000000000000000000000000000008000000000000000000000
	004B0600007BAB000000000000000000000000000000000000000000000000000000000000000000000000000000000000000000000000000000000000000000000000000000000000000000000000000000000000000000000000000000000000000000000000000000000000000000000000000000000000000000000000
	00000000000000000000000000000000000000000000000000000000000000000000000000000000000000000000000000000000000000000000000000000000000000000000000000000000000000000000000000000000000000000000000000000000000000000000000000000000000000000000000000000000000000
	00000000000000000000000000000000000000000000000000000000000000000000000000000048010000E60200000000000000000000000000010000000000000000000000000000000000000000000000000000000000000000000000000000000000000000000000000000000000000000000000000000000000000000
	00000000000000000000000000000000000000000000000000000000000000000000000000000000000000000000000000000000000000000000000000000000000000000000000000000000000000000000000000000000000000000000000000000000000000000000000000000000000000000000000000000000000000
	00000000000000000000000000000000000000000000000000000000000000000000000000000000000000000000000000000000000000000000000000000000000000000000000000000000000000000000000000000000000000000080000000000000000000000000000000500F00007FC2000000000000000000000000
	00000000000000000000000000000000000000000000000000000000000000000000000000000000000000000000000000000000000000000000000000000000000000000000000000000000000000000000000000000000000000000000000000000000000000000000000000000000000000000000000000000000000000
	00000000000000000000000000000000000000000000000000000000000000000000000000000000000000000000000000000000000000000000000000000000000000000000000000000000000000000000000000000000000000000000000000000000000000000000000000000000000000000000000000000000000000
	00000000000000000000000000000000000000000000000000000000000000000000000000000000000000000000000000000000500F00007FC2000000000000000000000000000000000000000000000000000000000000000000000000000000000000000000000000000000000000000000000000000000000000000000
	00000000000000000000000000000000000000000000000000000000000000000000000000000000000000000000000000000000000000000000000000000000000000000000000000000000000000000000000000000000000000000000000000000000000000000000000000000000000000000000000000000000000000
	0000000000000000000000000000000000000000000000000000000000000000000000000000000000000000000000000000000000000000000000000000000000000000000000000000000000000000000000000000000000000000000000000000000000000000000000000000000000000000000000000000500F00009B
	39000000000000000000000000000000000000000000000000000000000000000000000000000000000000000000000000000000000000000000000000000000000000000000000000000000000000000000000000000000000000000000000000000000000000000000000000000000000000000000000000000000000000
	00000000000000000000000000000000000000000000000000000000000000000000000000000000000000000000000000000000000000000000000000000000000000000000000000000000000000000000000000000000000000000000000000000000000000000000000000000000000000000000000000000000000000
	0000000000000000000000000000000000000000000000000000000000000000000000000000000000000000004B1000009B3900000000000000000000000000000000000000000000000000000000000000000000000000000000000000000000000000000000000000000000000000000000000000000000000000000000
	00000000000000000000000000000000000000000000000000000000000000000000000000000000000000000000000000000000000000000000000000000000000000000000000000000000000000000000000000000000000000000000000000000000000000000000000000000000000000000000000000000000000000
	00000000000000000000000000000000000000000000000000000000000000000000000000000000000000000000000000000000000000000000000000000000000000000000000000000000000000000000000000000000000000000000004B1000009B390000000000000000000000000000000000000000000000000000
	00000000000000000000000000000000000000000000000000000000000000000000000000000000000000000000000000000000000000000000000000000000000000000000000000000000000000000000000000000000000000000000000000000000000000000000000000000000000000000000000000000000000000
	00000000000000000000000000000000000000000000000000000000000000000000000000000000000000000000000000000000000000000000000000000000000000000000000000000000000000000000000000000000000000000000000000000000000000000000000000000000000000000000000000000000000000
	0000000000000000000000000000000000004B1000000F7900000000000000000000000000000000000000000000000000000000000000000000000000000000000000000000000000000000000000000000000000000000000000000000000000000000000000000000000000000000000000000000000000000000000000
	00000000000000000000000000000000000000000000000000000000000000000000000000000000000000000000000000000000000000280700000F79000000000000000000000000000000000000000000000000000000000000000000000000000000000000000000000000000000000000000000000000000000000000
	000000000000000000000000000000000000000000000000000000000000000000000000000000000000000000000000000000000000000000000000000000000000000000000000000000000000000000000000000000000000000028070000ABEA000000FFFF06FFFF0083FF00807900807FFC807FFF867FFF8042FF8040
	3880403FFC403FFFC63FFFC022FFC02018C0201FFC201FFFE61FFFE012FFE01008E0100FFC100FFFF60FFFF00BFFF00801F00807FC0807FFFE07FFF8037FF80405780403F80403FFFE03FFFC077FFC02017C0201FA0201FFFC01FFFE077FFE01037E0100F80100FFFD00FFFF06FFFF0083FF00807900807FFC000000062708
	00004832000000000000000000000100000000000000000080000000000000000040000000000000000000000000008000000000000000004000000000000000000000000020800000000000000000400000000000000000200000000000000000000000000040000010000000000020000000000000000010000000000000
	00000000000000200000000000000800100000000000000000080000000000000000000000000010000000000000000008000400000000000004000000000000000000000000000800000000000000000400000000000200000200000000000000000000000000040000000000000000020000000000000000010100000000
	0000000000000000020000000000000000010000000000000000008000000000000000000000000001000000000000000000800000000000000000400000000000000000500A000078160000000000000000800000000000008000400000000080004000000000000040000000000020400020000000000000200000000000
	002000101000000000001000000000000010000800000000080008000000000000080004000000000000040004000000000400020000000000000200000000000202000100000000000001000000000000010000810000000000008000000000000080004000000000280900009C5000000000400000000020010000000000
	00000000200000800010000000000000000000401000000000080000000000200000000008000000000400100000000000008000040000080002000000004000000000040200000000012000000000020000000001001000000000000000000100000800008000000000000000000400800000000040000000000200000000
	004000000000200100000000000000280200001FB500000000000000000001000000000000000000000000000000000000000000000000000000000000000000000000000000000000000000000000000000000000000000000000000000000000000000000000000000000000000000000000000000000000000000000000
	00000000000000000000000000000000000000000000000000000000000000000000000080000000000000000000000027030000A70200000000000000000000000000000000000000000000000000000000000000000000000000000000000000000000000000000000000000000000000000000000000000000000000000
	0000000000000000000000000000000000000000000000000000000000000000000000000000000000000000000000000000000000000000000000000000000000000000000000000025040000BA83000000000000000000000000000100000000000000000000000000000000000000000000000000000000000000000000
	000000000000000000000000000000000000000000000000000000000000000000000000000000000000000000000000000000000000000000000000000000000000000000000000000000000000000000008000000000000000000000000000000025040000AE260000000000000000000000000000000000000000000000
	00000000000000000000000000000000000000000000000000000000000000000000000000000000000000000000000000000000000000000000000000000000000000000000000000000000000000000000000000000000000000000000000000000000000000000000000000000000000000000000000000000000000000
	260E0000AE2600000000000000000000000000000000000000000000000000000000000000000000000000000000000000000000000000000000000000000000000000000000000000000000000000000000000000000000000000000000000000000000000000000000000000000000000000000000000000000000000000
	0000000000000000000000000000000000000000000000000000000000260E000046FA0000000000000000000000000000000000000000000000000000000000000000000000000000000000000000000000000000000000000000000000000000000000000000000000000000000000000000000000000000000000000000
	000000000000000000000000000000000000000000000000000000000000000000000000000000000000000000000000000000000000000000000000000000000000280D0000CEB100004000810040000102000000020020000020204000200040800000008000000000101000001010200000002040000000400800000008
	08000000081000000010200400002004000000000400000004080002000810020000100000000000020000010204000100040800000008000000000081000000810200000002040000000400400000004080004000810040000102000000020020000000204000280D000046FA000000000000000000000000000000000000
	00000000000000000000000000000000000000000000000000000000000000000000000000000000000000000000000000000000000000000000000000000000000000000000000000000000000000000000000000000000000000000000000000000000000000000000000000000000000000000000000000000000000000
	00000000000000000000000000280D0000E781000000000000000000000000000000000000000000000000000000000000000000000000000000000000000000000000000000000000000000000000000000000000000000000000000000000000000000000000000000000000000000000000000000000000000000000000
	00000000000000000000000000000000000000000000000000000000000000000000000000000000000000000000000000000000000000000000000000000000000000000000000000000000000000000000000000000000000000000000000000000000000000000000000000000000000000000000000000000000000000
	00000000000000000000000000000000000000000000000000000000000000000000000000000000000000000000000000000000000000000000000000000000000000000000004D0C0000E7810000000000000000000000000000000000000000000000000000000000000000000000000000000000000000000000000000
	00000000000000000000000000000000000000000000000000000000000000000000000000000000000000000000000000000000000000000000000000000000000000000000000000000000000000000000000000000000000000000000000000000000000000000000000000000000000000000000000000000000000000
	00000000000000000000000000000000000000000000000000000000000000000000000000000000000000000000000000000000000000000000000000000000000000000000000000000000000000000000000000000000000000000000000000000000000000000000000000000000000000000000000000000000000000
	00004D0C0000905E0000000000000000000100000001000000000000000000000000000000000000000000000000000000000000000000000000000000000000000000000000000000000000000000000000000000000000000000000000000000000000000000000000000000000000000000000000000000000000000000
	00000000000000000000000000000000000000000000000000000000000000000000000000000000000000000000000000000000000000000000000000000000000000000000000000000000000000000000000000000000000000000000000000000000000000000000000000000000000000000000000000000000000000
	000000000000000000000000000000000000000000000000000000000000000000000000000000000000000000000000800000008000000000000000000000004E0B000075DD000000000000000000000000000000000000000000000000000000000000000000000000000000000000000000000000000000000000000000
	00000000000000000000000000000000000000000000000000000000000000000000000000000000000000000000000000000000000000000000000000000000000000000000000000000000000000000000000000000000000000000000000000000000000000000000000000000000000000000000000000000000000000
	0000000000000000000000000000000000000000000000000000000000000000000000000000000000000000000000000000000000000000000000000000000000000000000000000000000000000000000000000000000000000000000000000000000000000000000000000000000000000000000000000000000000004E
	0B000075DD0000000000000000000000000000000000000000000000000000000000000000000000000000000000000000000000000000000000000000000000000000000000000000000000000000000000000000000000000000000000000000000000000000000000000000000000000000000000000000000000000000
	00000000000000000000000000000000000000000000000000000000000000000000000000000000000000000000000000000000000000000000000000000000000000000000000000000000000000000000000000000000000000000000000000000000000000000000000000000000000000000000000000000000000000
	000000000000000000000000000000000000000000000000000000000000000000000000000000000000000000000000000000000000000000000000004E0B00005D19000000000000000000000000000000000000000000000000000000000000000000000000000000000000000000000000000000000000000000000000
	00000000000000000000000000000000000000000000000000000000000000000000000000000000000000000000000000000000000000000000000000000000000000000000000000000000000000000000000000000000000000000000000000000000000000000000000000000000000000000000000000000000000000
	00000000000000000000000000000000000000000000000000000000000000000000000000000000000000000000000000000000000000000000000000000000000000000000000000000000000000000000000000000000000000000000000000000000000000000000000000000000000000000000004D000000AA620000
	00000000000000000000000000000000000000000000000000000000000000000000000000000000000000000000000000000000000000000000000000000000000000000000000000000000000000000000000000000000000000000000000000000000000000000000000000000000000000000000000000000000000000
	00000000000000000000000000000000000000000000000000000000000000000000000000000000000000000000000000000000000000000000000000000000000000000000000000000000000000000000000000000000000000000000000000000000000000000000000000000000000000000000000000000000000000
	00000000000000000000000000000000000000000000000000000000000000000000000000008000000000000000000000004D0000005D190000000000000000000000000000000000000000000000000000000000000000000000000000000000000000000000000000000000000000000000000000000000000000000000
	00000000000000000000000000000000000000000000000000000000000000000000000000000000000000000000000000000000000000000000000000000000000000000000000000000000000000000000000000000000000000000000000000000000000000000000000000000000000000000000000000000000000000
	0000000000000000000000000000000000000000000000000000000000000000000000000000000000000000000000000000000000000000000000000000000000000000000000000000000000000000000000000000000000000000000000000000000000000000000000004D00000039C700000000000000000000000000
	00000000000000000000000000000000000000000000000000000000000000000000000000000000000000000000000000000000000000000000000000000000000000000000000000000000000000000000000000000000000000000000000000000000000000000000000000000000000000000000000000000000000000
	00000000000000000000000000000000000000000000000000000000000000000000000000000000000000000000000000000000000000000000000000000000000000000000000000000000000000000000000000000000000000000000000000000000000000000000000000000000000000000000000000000000000000
	0000000000000000000000000000000000000000000000800000000000000000000000000000004D000000CEAE00000000000000000000000000000000000000000000000000000000000000000000000000000000000000000000000000000000000000000000000000000000000000000000000000000000000000000000
	00000000000000000000000000000000000000000000000000000000000000000000000000000000000000000000000000000000000000000000000000000000000000000000000000000000000000000000000000000000000000000000000000000000000000000000000000000000000000000000000000000000000000
	00000000000000000000000000000000000000000000000000000000000000000000000000000000000000000000000000000000000000000000000000000000000000000000000000000000000000000000000000000000000000000000000000000000004E050000CEAE0000000000000000000000000000000000000000
	00000000000000000000000000000000000000000000000000000000000000000000000000000000000000000000000000000000000000000000000000000000000000000000000000000000000000000000000000000000000000000000000000000000000000000000000000000000000000000000000000000000000000
	00000000000000000000000000000000000000000000000000000000000000000000000000000000000000000000000000000000000000000000000000000000000000000000000000000000000000000000000000000000000000000000000000000000000000000000000000000000000000000000000000000000000000
	0000000000000000000000000000000000000000000000000000000000000000000000004E05000088EE00000000000000000000000000000000000000000000000000000000000000000000000000000000000000000000000000000000000000000000000000000000000000000000000000000000000000000000000000
	00000000000000000000000000000000000000000000000000000000000000000000000000000000000000000000000000000000000000000000000000000000000000000000000000000000000000000000000000000000000000000000000000000000000000000000000000000000000000000000000000000000000000
	00000000000000000000000000000000000000000000000000000000000000000000000000000000000000000000000000000000000000000000000000000000000000000000000000000000000000000000000000004B06000088EE0000000000000000000000000000000000000000000000000000000000000000000000
	00000000000000000000000000000000000000000000000000000000000000000000000000000000000000000000000000000000000000000000000000000000000000000000000000000000000000000000000000000000000000000000000000000000000000000000000000000000000000000000000000000000000000
	00000000000000000000000000000000000000000000000000000000000000000000000000000000000000000000000000000000000000000000000000000000000000000000000000000000000000000000000000000000000000000000000000000000000000000000000000000000000000000000000000000000000000
	0000000000000000004B06000088EE00000000000000000000000000000000000000000000000000000000000000000000000000000000000000000000000000000000000000000000000000000000000000000000000000000000000000000000000000000000000000000000000000000000000000000000000000000000
	00000000000000000000000000000000000000000000000000000000000000000000000000000000000000000000000000000000000000000000000000000000000000000000000000000000000000000000000000000000000000000000000000000000000000000000000000000000000000000000000000000000000000
	00000000000000000000000000000000000000000000000000000000000000000000000000000000000000000000000000000000000000000000004B0600007BAB0000000000000000000000000000000000000000000000000000000000000000000000000000000000000000000000000000000000000000000000000000
	00000000000000000000000000000000000000000000000000000000000000000000000000000000000000000000000000000000000000000000000000000000000000000000000000000000000000000000000000000000000000000000000000000000000000000000000000000000000000000000000000000000000000
	00000000000000000000000000000000000000000000000000000000000000000000000000000000000000000000000000000000000000000000000000000000000000000000000000000000000000000000000000000000000000000000000000480100007FC2000000000000000000000000000000000000000000000000
	00000000000000000000000000000000000000000000000000000000000000000000000000000000000000000000000000000000000000000000000000000000000000000000000000000000000000000000000000000000000000000000000000000000000000000000000000000000000000000000000000000000000000
	00000000000000000000000000000000000000000000000000000000000000000000000000000000000000000000000000000000000000000000000000000000000000000000000000000000000000000000000000000000000000000000000000000000000000000000000000000000000000000000000000000000000000
	00000000000000000000000000000000000000000000000000000000000000000000000000000000500F0000F4BF000000000000000000000000000000000000000000000000000000000000000000000000000000000000000000000000000000000000000000000000000000000000000000000000000000000000000000
	00000000000000000000000000000000000000000000000000000000000000000000000000000000000000000000000000000000000000000000000000000000000000000000000000000000000000000000000000000000000000000000000000000000000000000000000000000000000000000000000000000000000000
	0000000000000000000000000000000000000000000000000000000000000000000000000000000000000000000000000000000000000000000000000000000000000000000000000000000000000000000000000000000000000000000080000000800000000000000000000000500F00007FC20000000000000000000000
	00000000000000000000000000000000000000000000000000000000000000000000000000000000000000000000000000000000000000000000000000000000000000000000000000000000000000000000000000000000000000000000000000000000000000000000000000000000000000000000000000000000000000
	00000000000000000000000000000000000000000000000000000000000000000000000000000000000000000000000000000000000000000000000000000000000000000000000000000000000000000000000000000000000000000000000000000000000000000000000000000000000000000000000000000000000000
	0000000000000000000000000000000000000000000000000000000000000000000000000000000000000000000000000000000000500F00009B390000000000000000000000000000000000000000000000000000000000000000000000000000000000000000000000000000000000000000000000000000000000000000
	00000000000000000000000000000000000000000000000000000000000000000000000000000000000000000000000000000000000000000000000000000000000000000000000000000000000000000000000000000000000000000000000000000000000000000000000000000000000000000000000000000000000000
	000000000000000000000000000000000000000000000000000000000000000000000000000000000000000000000000000000000000000000000000000000000000000000000000000000000000000000000000000000000000000000000000000000000000004B1000009B39000000000000000000000000000000000000
	00000000000000000000000000000000000000000000000000000000000000000000000000000000000000000000000000000000000000000000000000000000000000000000000000000000000000000000000000000000000000000000000000000000000000000000000000000000000000000000000000000000000000
	00000000000000000000000000000000000000000000000000000000000000000000000000000000000000000000000000000000000000000000000000000000000000000000000000000000000000000000000000000000000000000000000000000000000000000000000000000000000000000000000000000000000000
	00000000000000000000000000000000000000000000000000004B10000088A10000000000000000000100000000000000000000000000000000000000000000000000000000000000000000000000000000000000000000000000000000000000000000000000000000000000000000000000000000000000000000000000
	00000000000000000000000000000000000000000000000000000000000000000000000000000000000000000000000000000000000000000000000000000000000000000000000000000000000000000000000000000000000000000000000000000000000000000000000000000000000000000000000000000000000000
	000000000000000000000000000000000000000000000000000000000000000000000000000000000000000000000000000000000000000000000000000000008000000000000000000000004B1000000F79000000000000000000000000000000000000000000000000000000000000000000000000000000000000000000
	000000000000000000000000000000000000000000000000000000000000000000000000000000000000000000000000000000000000000000000000000000000000000000000000000000000000000000000000000000000000000000000000000000000000000000000000000000000028070000E0110000000000000000
	00000000000100000000000000000000000000000000000000000000000000000000000000000000000000000000000000000000000000000000000000000000000000000000000000000000000000000000000000000000000000000000000000000000000000000000000000000000000000000000000000000000000000
	000000000000008000000000000000000000000000000028070000E007000000FFFF06FFFF0082FF00807800807FFC807FFF867FFF8042FF80403880403FFC403FFFC63FFFC022FFC02018C0201FFC201FFFE61FFFE012FFE01008E0100FFC100FFFF60FFFF00BFFF00801F00807FC0807FFFE07FFF8037FF80405780403F8
	0403FFFE03FFFC077FFC02017C0201FA0201FFFC01FFFE077FFE01037E0100F80100FFFD00FFFF067FFF00837F00807900807FFC000000062708000048320000000000000000000001000000000000000000800000000000000000400000000000000000000000000080000000000000000040000000000000000000000000
	20800000000000000000400000000000000000200000000000000000000000000040000010000000000020000000000000000010000000000000000000000000002000000000000008001000000000000000000800000000000000000000000000100000000000000000080004000000000000040000000000000000000000
	00000800000000000000000400000000000200000200000000000000000000000000040000000000000000020000000000000000010100000000000000000000000002000000000000000001000000000000000000800000000000000000000000000100000000000000000080000000000000000040000000000000000050
	0A000078160000000000000000800000000000008000400000000080004000000000000040000000000020400020000000000000200000000000002000101000000000001000000000000010000800000000080008000000000000080004000000000000040004000000000400020000000000000200000000000202000100
	000000000001000000000000010000810000000000008000000000000080004000000000280900009C5000000000400000000020010000000000000000002000008000100000000000000000004010000000000800000000002000000000080000000004001000000000000080000400000800020000000040000000000402
	0000000001200000000002000000000100100000000000000000010000080000800000000000000000040080000000004000000000020000000000400000000020010000000000000028020000F48C000000000000000000000000000000000000000000000000000000000000000000000000000000000000000000000000
	0000000000000000000000000000000000000000000000000000000000000000000000000000000000000000000000000000000000000000000000000000000000000000000000000000000000000000000000000000000000000000000000000000000000000000000027030000A702000000000000000000000000000000
	00000000000000000000000000000000000000000000000000000000000000000000000000000000000000000000000000000000000000000000000000000000000000000000000000000000000000000000000000000000000000000000000000000000000000000000000000000000000000000000000000000000000000
	0000000025040000A702000000000000000000000000000000000000000000000000000000000000000000000000000000000000000000000000000000000000000000000000000000000000000000000000000000000000000000000000000000000000000000000000000000000000000000000000000000000000000000
	0000000000000000000000000000000000000000000000000000000000250400000D4A0000000000000000000100000001000000000000000000000000000000000000000000000000000000000000000000000000000000000000000000000000000000000000000000000000000000000000000000000000000000000000
	00000000000000000000000000000000000000000000000000000000000000000000000000000000000080000000800000000000000000000000260E0000AE26000000000000000000000000000000000000000000000000000000000000000000000000000000000000000000000000000000000000000000000000000000
	000000000000000000000000000000000000000000000000000000000000000000000000000000000000000000000000000000000000000000000000000000000000000000000000000000000000000000000000000000260E000046FA00000000000000000000000000000000000000000000000000000000000000000000
	00000000000000000000000000000000000000000000000000000000000000000000000000000000000000000000000000000000000000000000000000000000000000000000000000000000000000000000000000000000000000000000000000000000000000000000000000000000000000000000000000000000280D00
	00CEB100004000810040000102000000020020000020204000200040800000008000000000101000001010200000002040000000400800000008080000000810000000102004000020040000000004000000040800020008100200001000000000000200000102040001000408000000080000000000810000008102000000
	02040000000400400000004080004000810040000102000000020020000000204000280D0000EAD7000000000000000000010000000000000000000000000000000000000000000000000000000000000000000000000000000000000000000000000000000000000000000000000000000000000000000000000000000000
	0000000000000000000000000000000000000000000000000000000000000000000000000000000000000000000000000000000000000000000000800000000000000000000000280D0000E7810000000000000000000000000000000000000000000000000000000000000000000000000000000000000000000000000000
	00000000000000000000000000000000000000000000000000000000000000000000000000000000000000000000000000000000000000000000000000000000000000000000000000000000000000000000000000000000000000000000000000000000000000000000000000000000000000000000000000000000000000
	00000000000000000000000000000000000000000000000000000000000000000000000000000000000000000000000000000000000000000000000000000000000000000000000000000000000000000000000000000000000000000000000000000000000000000000000000000000000000000000000000000000000000
	00004D0C0000425F0000000000000000000000000001000000000000000000000000000000000000000000000000000000000000000000000000000000000000000000000000000000000000000000000000000000000000000000000000000000000000000000000000000000000000000000000000000000000000000000
	00000000000000000000000000000000000000000000000000000000000000000000000000000000000000000000000000000000000000000000000000000000000000000000000000000000000000000000000000000000000000000000000000000000000000000000000000000000000000000000000000000000000000
	0000000000000000000000000000000000000000000000000000000000000000000000000000000000000000800000000000000000000000000000004D0C000075DD00000000000000000000000000000000000000000000000000000000000000000000000000000000000000000000000000000000000000000000000000
	00000000000000000000000000000000000000000000000000000000000000000000000000000000000000000000000000000000000000000000000000000000000000000000000000000000000000000000000000000000000000000000000000000000000000000000000000000000000000000000000000000000000000
	00000000000000000000000000000000000000000000000000000000000000000000000000000000000000000000000000000000000000000000000000000000000000000000000000000000000000000000000000000000000000000000000000000000000000000000000000000000000000000000000000004E0B000075
	DD000000000000000000000000000000000000000000000000000000000000000000000000000000000000000000000000000000000000000000000000000000000000000000000000000000000000000000000000000000000000000000000000000000000000000000000000000000000000000000000000000000000000
	00000000000000000000000000000000000000000000000000000000000000000000000000000000000000000000000000000000000000000000000000000000000000000000000000000000000000000000000000000000000000000000000000000000000000000000000000000000000000000000000000000000000000
	0000000000000000000000000000000000000000000000000000000000000000000000000000000000000000000000000000000000000000004E0B000075DD00000000000000000000000000000000000000000000000000000000000000000000000000000000000000000000000000000000000000000000000000000000
	00000000000000000000000000000000000000000000000000000000000000000000000000000000000000000000000000000000000000000000000000000000000000000000000000000000000000000000000000000000000000000000000000000000000000000000000000000000000000000000000000000000000000
	00000000000000000000000000000000000000000000000000000000000000000000000000000000000000000000000000000000000000000000000000000000000000000000000000000000000000000000000000000000000000000000000000000000000000000000000000000000000000000000004E0B00005D190000
	00000000000000000000000000000000000000000000000000000000000000000000000000000000000000000000000000000000000000000000000000000000000000000000000000000000000000000000000000000000000000000000000000000000000000000000000000000000000000000000000000000000000000
	00000000000000000000000000000000000000000000000000000000000000000000000000000000000000000000000000000000000000000000000000000000000000000000000000000000000000000000000000000000000000000000000000000000000000000000000000000000000000000000000000000000000000
	00000000000000000000000000000000000000000000000000000000000000000000000000000000000000000000000000004D0000005D190000000000000000000000000000000000000000000000000000000000000000000000000000000000000000000000000000000000000000000000000000000000000000000000
	00000000000000000000000000000000000000000000000000000000000000000000000000000000000000000000000000000000000000000000000000000000000000000000000000000000000000000000000000000000000000000000000000000000000000000000000000000000000000000000000000000000000000
	0000000000000000000000000000000000000000000000000000000000000000000000000000000000000000000000000000000000000000000000000000000000000000000000000000000000000000000000000000000000000000000000000000000000000000000000004D0000005D1900000000000000000000000000
	00000000000000000000000000000000000000000000000000000000000000000000000000000000000000000000000000000000000000000000000000000000000000000000000000000000000000000000000000000000000000000000000000000000000000000000000000000000000000000000000000000000000000
	00000000000000000000000000000000000000000000000000000000000000000000000000000000000000000000000000000000000000000000000000000000000000000000000000000000000000000000000000000000000000000000000000000000000000000000000000000000000000000000000000000000000000
	0000000000000000000000000000000000000000000000000000000000000000000000000000004D0000005D1900000000000000000000000000000000000000000000000000000000000000000000000000000000000000000000000000000000000000000000000000000000000000000000000000000000000000000000
	00000000000000000000000000000000000000000000000000000000000000000000000000000000000000000000000000000000000000000000000000000000000000000000000000000000000000000000000000000000000000000000000000000000000000000000000000000000000000000000000000000000000000
	000000000000000000000000000000000000000000000000000000000000000000000000000000000000000000000000000000000000000000000000000000000000000000000000000000000000000000000000000000000000000000000000004D0000002B2D000000000000000000010000000100000000000000000000
	00000000000000000000000000000000000000000000000000000000000000000000000000000000000000000000000000000000000000000000000000000000000000000000000000000000000000000000000000000000000000000000000000000000000000000000000000000000000000000000000000000000000000
	00000000000000000000000000000000000000000000000000000000000000000000000000000000000000000000000000000000000000000000000000000000000000000000000000000000000000000000000000000000000000000000000000000000000000000000000000000000000000000000000000000000000000
	00000000000000000000000000000000800000008000000000000000000000004E050000CEAE0000000000000000000000000000000000000000000000000000000000000000000000000000000000000000000000000000000000000000000000000000000000000000000000000000000000000000000000000000000000
	00000000000000000000000000000000000000000000000000000000000000000000000000000000000000000000000000000000000000000000000000000000000000000000000000000000000000000000000000000000000000000000000000000000000000000000000000000000000000000000000000000000000000
	000000000000000000000000000000000000000000000000000000000000000000000000000000000000000000000000000000000000000000000000000000000000000000000000000000000000000000000000000000000000000000004E05000088EE000000000000000000000000000000000000000000000000000000
	00000000000000000000000000000000000000000000000000000000000000000000000000000000000000000000000000000000000000000000000000000000000000000000000000000000000000000000000000000000000000000000000000000000000000000000000000000000000000000000000000000000000000
	00000000000000000000000000000000000000000000000000000000000000000000000000000000000000000000000000000000000000000000000000000000000000000000000000000000000000000000000000000000000000000000000000000000000000000000000000000000000000000000000000000000000000
	00000000000000000000000000000000004B06000088EE0000000000000000000000000000000000000000000000000000000000000000000000000000000000000000000000000000000000000000000000000000000000000000000000000000000000000000000000000000000000000000000000000000000000000000
	00000000000000000000000000000000000000000000000000000000000000000000000000000000000000000000000000000000000000000000000000000000000000000000000000000000000000000000000000000000000000000000000000000000000000000000000000000000000000000000000000000000000000
	000000000000000000000000000000000000000000000000000000000000000000000000000000000000000000000000000000000000000000000000000000000000004B0600009B76000000000000000000010000000000000000000000000000000000000000000000000000000000000000000000000000000000000000
	00000000000000000000000000000000000000000000000000000000000000000000000000000000000000000000000000000000000000000000000000000000000000000000000000000000000000000000000000000000000000000000000000000000000000000000000000000000000000000000000000000000000000
	0000000000000000000000000000000000000000000000000000000000000000000000000000000000000000000000000000000000000000000000000000000000000000000000000000000000000000000000000000000000000000000000000000000000000000008000000000000000000000004B0600007BAB00000000
	00000000000000000000000000000000000000000000000000000000000000000000000000000000000000000000000000000000000000000000000000000000000000000000000000000000000000000000000000000000000000000000000000000000000000000000000000000000000000000000000000000000000000
	00000000000000000000000000000000000000000000000000000000000000000000000000000000000000000000000000000000000000000000000000000000000000000000000000000000000000000000000000000000000000000000000000000000000000000000000000000000000000000000000000000000000000
	0000000000000000000000000000000000000000000000000000000048010000E602000000000000000000000000000100000000000000000000000000000000000000000000000000000000000000000000000000000000000000000000000000000000000000000000000000000000000000000000000000000000000000
	00000000000000000000000000000000000000000000000000000000000000000000000000000000000000000000000000000000000000000000000000000000000000000000000000000000000000000000000000000000000000000000000000000000000000000000000000000000000000000000000000000000000000
	0000000000000000000000000000000000000000000000000000000000000000000000000000000000000000000000000000000000000000000000000000000000000000000000000000000000000000000080000000000000000000000000000000500F00007FC20000000000000000000000000000000000000000000000
	00000000000000000000000000000000000000000000000000000000000000000000000000000000000000000000000000000000000000000000000000000000000000000000000000000000000000000000000000000000000000000000000000000000000000000000000000000000000000000000000000000000000000
	00000000000000000000000000000000000000000000000000000000000000000000000000000000000000000000000000000000000000000000000000000000000000000000000000000000000000000000000000000000000000000000000000000000000000000000000000000000000000000000000000000000000000
	0000000000000000000000000000000000000000000000000000000000000000000000000000000000500F00007FC20000000000000000000000000000000000000000000000000000000000000000000000000000000000000000000000000000000000000000000000000000000000000000000000000000000000000000
	00000000000000000000000000000000000000000000000000000000000000000000000000000000000000000000000000000000000000000000000000000000000000000000000000000000000000000000000000000000000000000000000000000000000000000000000000000000000000000000000000000000000000
	000000000000000000000000000000000000000000000000000000000000000000000000000000000000000000000000000000000000000000000000000000000000000000000000000000000000000000000000000000000000000000000000000000000000000000000000000000500F00009B3900000000000000000000
	00000000000000000000000000000000000000000000000000000000000000000000000000000000000000000000000000000000000000000000000000000000000000000000000000000000000000000000000000000000000000000000000000000000000000000000000000000000000000000000000000000000000000
	00000000000000000000000000000000000000000000000000000000000000000000000000000000000000000000000000000000000000000000000000000000000000000000000000000000000000000000000000000000000000000000000000000000000000000000000000000000000000000000000000000000000000
	000000000000000000000000000000000000000000000000000000000000000000004B1000009B39000000000000000000000000000000000000000000000000000000000000000000000000000000000000000000000000000000000000000000000000000000000000000000000000000000000000000000000000000000
	00000000000000000000000000000000000000000000000000000000000000000000000000000000000000000000000000000000000000000000000000000000000000000000000000000000000000000000000000000000000000000000000000000000000000000000000000000000000000000000000000000000000000
	0000000000000000000000000000000000000000000000000000000000000000000000000000000000000000000000000000000000000000000000000000000000000000000000000000000000000000000000004B1000009B3900000000000000000000000000000000000000000000000000000000000000000000000000
	00000000000000000000000000000000000000000000000000000000000000000000000000000000000000000000000000000000000000000000000000000000000000000000000000000000000000000000000000000000000000000000000000000000000000000000000000000000000000000000000000000000000000
	00000000000000000000000000000000000000000000000000000000000000000000000000000000000000000000000000000000000000000000000000000000000000000000000000000000000000000000000000000000000000000000000000000000000000000000000000000000000000000000000000000000000000
	000000000000004B1000000F79000000000000000000000000000000000000000000000000000000000000000000000000000000000000000000000000000000000000000000000000000000000000000000000000000000000000000000000000000000000000000000000000000000000000000000000000000000000000
	0000000000000000000000000000000000000000000000000000000000000000000000000000000000000000280700000F790000000000000000000000000000000000000000000000000000000000000000000000000000000000000000000000000000000000000000000000000000000000000000000000000000000000
	00000000000000000000000000000000000000000000000000000000000000000000000000000000000000000000000000000000000000000000000000000000000000000000000000000000000000000028070000ABEA000000FFFF06FFFF0083FF00807900807FFC807FFF867FFF8042FF80403880403FFC403FFFC63FFF
	C022FFC02018C0201FFC201FFFE61FFFE012FFE01008E0100FFC100FFFF60FFFF00BFFF00801F00807FC0807FFFE07FFF8037FF80405780403F80403FFFE03FFFC077FFC02017C0201FA0201FFFC01FFFE077FFE01037E0100F80100FFFD00FFFF06FFFF0083FF00807900807FFC0000000627080000483200000000000000
	00000001000000000000000000800000000000000000400000000000000000000000000080000000000000000040000000000000000000000000208000000000000000004000000000000000002000000000000000000000000000400000100000000000200000000000000000100000000000000000000000000020000000
	00000008001000000000000000000800000000000000000000000000100000000000000000080004000000000000040000000000000000000000000008000000000000000004000000000002000002000000000000000000000000000400000000000000000200000000000000000101000000000000000000000000020000
	000000000000010000000000000000008000000000000000000000000001000000000000000000800000000000000000400000000000000000500A0000781600000000000000008000000000000080004000000000800040000000000000400000000000204000200000000000002000000000000020001010000000000010
	00000000000010000800000000080008000000000000080004000000000000040004000000000400020000000000000200000000000202000100000000000001000000000000010000810000000000008000000000000080004000000000280900009C50000000004000000000200100000000000000000020000080001000
	00000000000000004010000000000800000000002000000000080000000004001000000000000080000400000800020000000040000000000402000000000120000000000200000000010010000000000000000001000008000080000000000000000004008000000000400000000002000000000040000000002001000000
	00000000280200001FB5000000000000000000010000000000000000000000000000000000000000000000000000000000000000000000000000000000000000000000000000000000000000000000000000000000000000000000000000000000000000000000000000000000000000000000000000000000000000000000
	0000000000000000000000000000000000000000000000000080000000000000000000000027030000A702000000000000000000000000000000000000000000000000000000000000000000000000000000000000000000000000000000000000000000000000000000000000000000000000000000000000000000000000
	000000000000000000000000000000000000000000000000000000000000000000000000000000000000000000000000000000000000000000000000000025040000BA830000000000000000000000000001000000000000000000000000000000000000000000000000000000000000000000000000000000000000000000
	00000000000000000000000000000000000000000000000000000000000000000000000000000000000000000000000000000000000000000000000000000000000000000000008000000000000000000000000000000025040000AE2600000000000000000000000000000000000000000000000000000000000000000000
	0000000000000000000000000000000000000000000000000000000000000000000000000000000000000000000000000000000000000000000000000000000000000000000000000000000000000000000000000000000000000000000000000000000000000000000000000000000000000000260E0000AE260000000000
	00000000000000000000000000000000000000000000000000000000000000000000000000000000000000000000000000000000000000000000000000000000000000000000000000000000000000000000000000000000000000000000000000000000000000000000000000000000000000000000000000000000000000
	000000000000000000000000000000000000260E000046FA00000000000000000000000000000000000000000000000000000000000000000000000000000000000000000000000000000000000000000000000000000000000000000000000000000000000000000000000000000000000000000000000000000000000000
	00000000000000000000000000000000000000000000000000000000000000000000000000000000000000000000000000000000000000280D0000CEB1000040008100400001020000000200200000202040002000408000000080000000001010000010102000000020400000004008000000080800000008100000001020
	0400002004000000000400000004080002000810020000100000000000020000010204000100040800000008000000000081000000810200000002040000000400400000004080004000810040000102000000020020000000204000280D000046FA0000000000000000000000000000000000000000000000000000000000
	00000000000000000000000000000000000000000000000000000000000000000000000000000000000000000000000000000000000000000000000000000000000000000000000000000000000000000000000000000000000000000000000000000000000000000000000000000000000000000000000000000000000000
	0000280D0000E7810000000000000000000000000000000000000000000000000000000000000000000000000000000000000000000000000000000000000000000000000000000000000000000000000000000000000000000000000000000000000000000000000000000000000000000000000000000000000000000000
	00000000000000000000000000000000000000000000000000000000000000000000000000000000000000000000000000000000000000000000000000000000000000000000000000000000000000000000000000000000000000000000000000000000000000000000000000000000000000000000000000000000000000
	0000000000000000000000000000000000000000000000000000000000000000000000000000000000000000000000000000000000000000000000004D0C0000E78100000000000000000000000000000000000000000000000000000000000000000000000000000000000000000000000000000000000000000000000000
	00000000000000000000000000000000000000000000000000000000000000000000000000000000000000000000000000000000000000000000000000000000000000000000000000000000000000000000000000000000000000000000000000000000000000000000000000000000000000000000000000000000000000
	000000000000000000000000000000000000000000000000000000000000000000000000000000000000000000000000000000000000000000000000000000000000000000000000000000000000000000000000000000000000000000000000000000000000000000000000000000000000000000004D0C0000905E000000
	00000000000001000000010000000000000000000000000000000000000000000000000000000000000000000000000000000000000000000000000000000000000000000000000000000000000000000000000000000000000000000000000000000000000000000000000000000000000000000000000000000000000000
	00000000000000000000000000000000000000000000000000000000000000000000000000000000000000000000000000000000000000000000000000000000000000000000000000000000000000000000000000000000000000000000000000000000000000000000000000000000000000000000000000000000000000
	00000000000000000000000000000000000000000000000000000000000000000000000000800000008000000000000000000000004E0B000075DD0000000000000000000000000000000000000000000000000000000000000000000000000000000000000000000000000000000000000000000000000000000000000000
	00000000000000000000000000000000000000000000000000000000000000000000000000000000000000000000000000000000000000000000000000000000000000000000000000000000000000000000000000000000000000000000000000000000000000000000000000000000000000000000000000000000000000
	000000000000000000000000000000000000000000000000000000000000000000000000000000000000000000000000000000000000000000000000000000000000000000000000000000000000000000000000000000000000000000000000000000000000000000000000000000000000004E0B000075DD000000000000
	00000000000000000000000000000000000000000000000000000000000000000000000000000000000000000000000000000000000000000000000000000000000000000000000000000000000000000000000000000000000000000000000000000000000000000000000000000000000000000000000000000000000000
	00000000000000000000000000000000000000000000000000000000000000000000000000000000000000000000000000000000000000000000000000000000000000000000000000000000000000000000000000000000000000000000000000000000000000000000000000000000000000000000000000000000000000
	00000000000000000000000000000000000000000000000000000000000000000000000000000000000000000000000000004E0B00005D190000000000000000000000000000000000000000000000000000000000000000000000000000000000000000000000000000000000000000000000000000000000000000000000
	00000000000000000000000000000000000000000000000000000000000000000000000000000000000000000000000000000000000000000000000000000000000000000000000000000000000000000000000000000000000000000000000000000000000000000000000000000000000000000000000000000000000000
	0000000000000000000000000000000000000000000000000000000000000000000000000000000000000000000000000000000000000000000000000000000000000000000000000000000000000000000000000000000000000000000000000000000000000000000000004D000000AA6200000000000000000000000000
	00000000000000000000000000000000000000000000000000000000000000000000000000000000000000000000000000000000000000000000000000000000000000000000000000000000000000000000000000000000000000000000000000000000000000000000000000000000000000000000000000000000000000
	00000000000000000000000000000000000000000000000000000000000000000000000000000000000000000000000000000000000000000000000000000000000000000000000000000000000000000000000000000000000000000000000000000000000000000000000000000000000000000000000000000000000000
	0000000000000000000000000000000000000000000000000000008000000000000000000000004D0000005D1900000000000000000000000000000000000000000000000000000000000000000000000000000000000000000000000000000000000000000000000000000000000000000000000000000000000000000000
	00000000000000000000000000000000000000000000000000000000000000000000000000000000000000000000000000000000000000000000000000000000000000000000000000000000000000000000000000000000000000000000000000000000000000000000000000000000000000000000000000000000000000
	000000000000000000000000000000000000000000000000000000000000000000000000000000000000000000000000000000000000000000000000000000000000000000000000000000000000000000000000000000000000000000000000004D00000039C7000000000000000000000000000000000000000000000000
	00000000000000000000000000000000000000000000000000000000000000000000000000000000000000000000000000000000000000000000000000000000000000000000000000000000000000000000000000000000000000000000000000000000000000000000000000000000000000000000000000000000000000
	00000000000000000000000000000000000000000000000000000000000000000000000000000000000000000000000000000000000000000000000000000000000000000000000000000000000000000000000000000000000000000000000000000000000000000000000000000000000000000000000000000000000000
	000000000000000000000000800000000000000000000000000000004D000000CEAE000000000000000000000000000000000000000000000000000000000000000000000000000000000000000000000000000000000000000000000000000000000000000000000000000000000000000000000000000000000000000000
	00000000000000000000000000000000000000000000000000000000000000000000000000000000000000000000000000000000000000000000000000000000000000000000000000000000000000000000000000000000000000000000000000000000000000000000000000000000000000000000000000000000000000
	0000000000000000000000000000000000000000000000000000000000000000000000000000000000000000000000000000000000000000000000000000000000000000000000000000000000000000000000000000000000004E050000CEAE00000000000000000000000000000000000000000000000000000000000000
	00000000000000000000000000000000000000000000000000000000000000000000000000000000000000000000000000000000000000000000000000000000000000000000000000000000000000000000000000000000000000000000000000000000000000000000000000000000000000000000000000000000000000
	00000000000000000000000000000000000000000000000000000000000000000000000000000000000000000000000000000000000000000000000000000000000000000000000000000000000000000000000000000000000000000000000000000000000000000000000000000000000000000000000000000000000000
	000000000000000000000000000000000000000000000000004E05000088EE000000000000000000000000000000000000000000000000000000000000000000000000000000000000000000000000000000000000000000000000000000000000000000000000000000000000000000000000000000000000000000000000
	00000000000000000000000000000000000000000000000000000000000000000000000000000000000000000000000000000000000000000000000000000000000000000000000000000000000000000000000000000000000000000000000000000000000000000000000000000000000000000000000000000000000000
	0000000000000000000000000000000000000000000000000000000000000000000000000000000000000000000000000000000000000000000000000000000000000000000000000000004B06000088EE00000000000000000000000000000000000000000000000000000000000000000000000000000000000000000000
	00000000000000000000000000000000000000000000000000000000000000000000000000000000000000000000000000000000000000000000000000000000000000000000000000000000000000000000000000000000000000000000000000000000000000000000000000000000000000000000000000000000000000
	00000000000000000000000000000000000000000000000000000000000000000000000000000000000000000000000000000000000000000000000000000000000000000000000000000000000000000000000000000000000000000000000000000000000000000000000000000000000000000000000000000000004B06
	000088EE000000000000000000000000000000000000000000000000000000000000000000000000000000000000000000000000000000000000000000000000000000000000000000000000000000000000000000000000000000000000000000000000000000000000000000000000000000000000000000000000000000
	00000000000000000000000000000000000000000000000000000000000000000000000000000000000000000000000000000000000000000000000000000000000000000000000000000000000000000000000000000000000000000000000000000000000000000000000000000000000000000000000000000000000000
	0000000000000000000000000000000000000000000000000000000000000000000000000000000000000000000000004B0600007BAB00000000000000000000000000000000000000000000000000000000000000000000000000000000000000000000000000000000000000000000000000000000000000000000000000
	00000000000000000000000000000000000000000000000000000000000000000000000000000000000000000000000000000000000000000000000000000000000000000000000000000000000000000000000000000000000000000000000000000000000000000000000000000000000000000000000000000000000000
	0000000000000000000000000000000000000000000000000000000000000000000000000000000000000000000000000000000000000000000000000000000000000000000000000000000000000000000000000000480100007FC20000000000000000000000000000000000000000000000000000000000000000000000
	00000000000000000000000000000000000000000000000000000000000000000000000000000000000000000000000000000000000000000000000000000000000000000000000000000000000000000000000000000000000000000000000000000000000000000000000000000000000000000000000000000000000000
	00000000000000000000000000000000000000000000000000000000000000000000000000000000000000000000000000000000000000000000000000000000000000000000000000000000000000000000000000000000000000000000000000000000000000000000000000000000000000000000000000000000000000
	0000000000000000000000000000000000000000000000000000000000500F0000F4BF0000000000000000000000000000000000000000000000000000000000000000000000000000000000000000000000000000000000000000000000000000000000000000000000000000000000000000000000000000000000000000
	00000000000000000000000000000000000000000000000000000000000000000000000000000000000000000000000000000000000000000000000000000000000000000000000000000000000000000000000000000000000000000000000000000000000000000000000000000000000000000000000000000000000000
	000000000000000000000000000000000000000000000000000000000000000000000000000000000000000000000000000000000000000000000000000000000000000000000000000000000000000000000080000000800000000000000000000000500F00007FC200000000000000000000000000000000000000000000
	00000000000000000000000000000000000000000000000000000000000000000000000000000000000000000000000000000000000000000000000000000000000000000000000000000000000000000000000000000000000000000000000000000000000000000000000000000000000000000000000000000000000000
	00000000000000000000000000000000000000000000000000000000000000000000000000000000000000000000000000000000000000000000000000000000000000000000000000000000000000000000000000000000000000000000000000000000000000000000000000000000000000000000000000000000000000
	000000000000000000000000000000000000000000000000000000000000000000000000000000000000500F00000F4900000000000000000000000000000000000000000000000000000000000000000000000000000000000000000000000000000000000000000000000000000000000000000000000000000000000000
	00000000000000000000000000000000000000000000000000000000000000000000000000000000000000000000000000000000000000000000000000000000000000000000000000000000000000000000000000000000000000000000000000000000000000000000000000000000000000000000000000000000000000
	000000000000000000000000000000000000000000000000000000000000000000000000000000000000000000000000000000000000000000000000000000000000000000000000000000000000000000000000000000004A3300000F49000000000000000000000000000000000000000000000000000000000000000000
	00000000000000000000000000000000000000000000000000000000000000000000000000000000000000000000000000000000000000000000000000000000000000000000000000000000000000000000000000000000000000000000000000000000000000000000000000000000000000000000000000000000000000
	00000000000000000000000000000000000000000000000000000000000000000000000000000000000000000000000000000000000000000000000000000000000000000000000000000000000000000000000000000000000000000000000000000000000000000000000000000000000000000000000000000000000000
	000000000000004A3300000F49000000000000000000000000000000000000000000000000000000000000000000000000000000000000000000000000000000000000000000000000000000000000000000000000000000000000000000000000000000000000000000000000000000000000000000000000000000000000
	00000000000000000000000000000000000000000000000000000000000000000000000000000000000000000000000000000000000000000000000000000000000000000000000000000000000000000000000000000000000000000000000000000000000000000000000000000000000000000000000000000000000000
	00000000000000000000000000000000000000000000000000000000000000000000000000000000000000000000000000000000004A33000088940000000000000000000000000000000000000000000000000000000000000000000000000000000000000000000000000000000000000000000000000000000000000000
	00000000000000000000000000000000000000000000000000000000000000000000000000000000000000000000000000000000000000000000000000000000000000000000000000000000000000000000000000002716000088940000000000000000000000000000000000000000000000000000000000000000000000
	0000000000000000000000000000000000000000000000000000000000000000000000000000000000000000000000000000000000000000000000000000000000000000000000000000000000000000000000000000000000000000000000000000000000000000000000000000000000000000000000271600006A620000
	00000000000000000000000000000000000000000000000000000000000000000000000000000000000000000000000000000000000000000000000000000000000000000000000000000000000000000000000000000000000000000000000000000000000000000000000000000000000000000000000000000000000000
	00000000000000000000000000241500006A62000000000000000000000000000000000000000000000000000000000000000000000000000000000000000000000000000000000000000000000000000000000000000000000000000000000000000000000000000000000000000000000000000000000000000000000000
	0000000000000000000000000000000000000000000000000000000000000000000024150000F628000000000000000000000000000000000000000000000000000000000000000000000000000000000000000000000000000000000000000000000000000000000000000000000000000000000000000000000000000000
	000000000000000000000000000000000000000000000000000000000000000000000000000000000000000000000000000000000000000000000000000000000000000000000000000000000000000000000000000000000000000000000000000000000000000000000000000000000000003317000017F6000004000000
	00000020000080000200000000000010000040000100000000000008000020000080000000000004000010000040000000000002000008000020000000000001000004008010000000000000400002000008000020000000000001000004000010000000000000800002000008000000000000400001000004000000000000
	20000080002314000009CF0000000000000000000000000000000000000000000000000000000000000000000000000000000000000000000000000000000000000000000000000000000000000000000000000000000000000000000000000000000000000000000000000000000000000000000000000000000000000000
	00000000000000000000000000000000000000000000000000000000000000000000000000000000000000000000000000000000000000000000000000000000000000000000000000000000000000000000000000000000000000000000000000000000000000000000000000000000000000000000000000000000000000
	00000000000000000000000000000000000000421D000009CF000000000000000000000000000000000000000000000000000000000000000000000000000000000000000000000000000000000000000000000000000000000000000000000000000000000000000000000000000000000000000000000000000000000000
	00000000000000000000000000000000000000000000000000000000000000000000000000000000000000000000000000000000000000000000000000000000000000000000000000000000000000000000000000000000000000000000000000000000000000000000000000000000000000000000000000000000000000
	000000000000000000000000000000000000000000000000000000000000000000421D00009E7800000000000000000000000000000000000000000000000000000000000000000000000000000000000000000000000000000000000000000000000000000000000000000000000000000000000000000000000000000000
	00000000000000000000000000000000000000000000000000000000000000000000000000000000000000000000000000000000000000000000000000000000000000000000000000000000000000000000000000000000000000000000000000000000000000000000000000000000000000000000000000000000000000
	00000000000000000000000000000000000000000000000000000000000000000000003F1C00009E780000000000000000000000000000000000000000000000000000000000000000000000000000000000000000000000000000000000000000000000000000000000000000000000000000000000000000000000000000
	00000000000000000000000000000000000000000000000000000000000000000000000000000000000000000000000000000000000000000000000000000000000000000000000000000000000000000000000000000000000000000000000000000000000000000000000000000000000000000000000000000000000000
	000000000000000000000000000000000000000000000000000000000000000000000000003F1C00009E78000000000000000000000000000000000000000000000000000000000000000000000000000000000000000000000000000000000000000000000000000000000000000000000000000000000000000000000000
	00000000000000000000000000000000000000000000000000000000000000000000000000000000000000000000000000000000000000000000000000000000000000000000000000000000000000000000000000000000000000000000000000000000000000000000000000000000000000000000000000000000000000
	0000000000000000000000000000000000000000000000000000000000000000000000000000003F1C00009E7800000000000000000000000000000000000000000000000000000000000000000000000000000000000000000000000000000000000000000000000000000000000000000000000000000000000000000000
	00000000000000000000000000000000000000000000000000000000000000000000000000000000000000000000000000000000000000000000000000000000000000000000000000000000000000000000000000000000000000000000000000000000000000000000000000000000000000000000000000000000000000
	00000000000000000000000000000000000000000000000000000000000000000000000000000000003F1C00009E780000000000000000000000000000000000000000000000000000000000000000000000000000000000000000000000000000000000000000000000000000000000000000000000000000000000000000
	00000000000000000000000000000000000000000000000000000000000000000000000000000000000000000000000000000000000000000000000000000000000000000000000000000000000000000000000000000000000000000000000000000000000000000000000000000000000000000000000000000000000000
	000000000000000000000000000000000000000000000000000000000000000000000000000000000000003F1C00009E78000000000000000000000000000000000000000000000000000000000000000000000000000000000000000000000000000000000000000000000000000000000000000000000000000000000000
	00000000000000000000000000000000000000000000000000000000000000000000000000000000000000000000000000000000000000000000000000000000000000000000000000000000000000000000000000000000000000000000000000000000000000000000000000000000000000000000000000000000000000
	0000000000000000000000000000000000000000000000000000000000000000000000000000000000000000003F1C00009E7800000000000000000000000000000000000000000000000000000000000000000000000000000000000000000000000000000000000000000000000000000000000000000000000000000000
	00000000000000000000000000000000000000000000000000000000000000000000000000000000000000000000000000000000000000000000000000000000000000000000000000000000000000000000000000000000000000000000000000000000000000000000000000000000000000000000000000000000000000
	00000000000000000000000000000000000000000000000000000000000000000000000000000000000000000000003F1C00000F490000000000000000000000000000000000000000000000000000000000000000000000000000000000000000000000000000000000000000000000000000000000000000000000000000
	00000000000000000000000000000000000000000000000000000000000000000000000000000000000000000000000000000000000000000000000000000000000000000000000000000000000000000000000000000000000000000000000000000000000000000000000000000000000000000000000000000000000000
	0000000000000000000000000000000000000000000000000000000000000000000000000000000000000000000000000000000000000000000000000000000000000000000000000000000000000000000000000000000000000000004A3300000F4900000000000000000000000000000000000000000000000000000000
	00000000000000000000000000000000000000000000000000000000000000000000000000000000000000000000000000000000000000000000000000000000000000000000000000000000000000000000000000000000000000000000000000000000000000000000000000000000000000000000000000000000000000
	00000000000000000000000000000000000000000000000000000000000000000000000000000000000000000000000000000000000000000000000000000000000000000000000000000000000000000000000000000000000000000000000000000000000000000000000000000000000000000000000000000000000000
	0000000000000000000000004A3300000F4900000000000000000000000000000000000000000000000000000000000000000000000000000000000000000000000000000000000000000000000000000000000000000000000000000000000000000000000000000000000000000000000000000000000000000000000000
	00000000000000000000000000000000000000000000000000000000000000000000000000000000000000000000000000000000000000000000000000000000000000000000000000000000000000000000000000000000000000000000000000000000000000000000000000000000000000000000000000000000000000
	000000000000000000000000000000000000000000000000000000000000000000000000000000000000000000000000000000000000000000004A330000A717000000000000000000000000000000000000000000000000000000000000000000000000000000000000000000000000000000000000000000000000000000
	00000000000000000000000000000000000000000000000000000000000000000000000000000000000000000000000000000000000000000000000000000000000000000000000000000000000000000000000000000000000000000000000000000000000000000000000000000000000000000000000000000000000000
	000000000000000000000000000000000000000000000000000000000000000000000000000000000000000000000000000000000000000000000000000000000000000000000000000000000000000000000000000000000000000047320000E5AF0000000000000000000000000000000000000000000000000000000000
	00000000000000000000000000000000000000000000000000000000000000000000000000000000000000000000000000000000000000000000000000000000000000000000000000000000000000000000000000000000000000000000000000000000000000000000000000000000000000000000000000000000000000
	00000000000000000000000000000000000000000000000000000000000000000000000000000000000000000000000000000000000000000000000000000000000000000000000000000000000000000000000000000000000000000000000000000000000000000000000000000000000000000000000000000000000000
	0000000000000000000000000000000000000000000000000000004E340000E5AF00000000000000000000000000000000000000000000000000000000000000000000000000000000000000000000000000000000000000000000000000000000000000000000000000000000000000000000000000000000000000000000
	00000000000000000000000000000000000000000000000000000000000000000000000000000000000000000000000000000000000000000000000000000000000000000000000000000000000000000000000000000000000000000000000000000000000000000000000000000000000000000000000000000000000000
	00000000000000000000000000000000000000000000000000000000000000000000000000000000000000000000000000000000000000000000000000000000000000000000000000000000000000000000000000000000004E340000E5AF0000000000000000000000000000000000000000000000000000000000000000
	00000000000000000000000000000000000000000000000000000000000000000000000000000000000000000000000000000000000000000000000000000000000000000000000000000000000000000000000000000000000000000000000000000000000000000000000000000000000000000000000000000000000000
	00000000000000000000000000000000000000000000000000000000000000000000000000000000000000000000000000000000000000000000000000000000000000000000000000000000000000000000000000000000000000000000000000000000000000000000000000000000000000000000000000000000000000
	0000000000000000000000000000000000000000000000004E3400009B3900000000000000000000000000000000000000000000000000000000000000000000000000000000000000000000000000000000000000000000000000000000000000000000000000000000000000000000000000000000000000000000000000
	00000000000000000000000000000000000000000000000000000000000000000000000000000000000000000000000000000000000000000000000000000000000000000000000000000000000000000000000000000000000000000000000000000000000000000000000000000000000000000000000000000000000000
	00000000000000000000000000000000000000000000000000000000000000000000000000000000000000000000000000000000000000000000000000000000000000000000000000004B1000009B390000000000000000000000000000000000000000000000000000000000000000000000000000000000000000000000
	00000000000000000000000000000000000000000000000000000000000000000000000000000000000000000000000000000000000000000000000000000000000000000000000000000000000000000000000000000000000000000000000000000000000000000000000000000000000000000000000000000000000000
	000000000000000000000000000000000000000000000000000000000000000000000000000000000000000000000000000000000000000000000000000000000000000000000000000000000000000000000000000000000000000000000000000000000000000000000000000000000000000000000000000000004B1000
	0088A100000000000000000001000000000000000000000000000000000000000000000000000000000000000000000000000000000000000000000000000000000000000000000000000000000000000000000000000000000000000000000000000000000000000000000000000000000000000000000000000000000000
	00000000000000000000000000000000000000000000000000000000000000000000000000000000000000000000000000000000000000000000000000000000000000000000000000000000000000000000000000000000000000000000000000000000000000000000000000000000000000000000000000000000000000
	00000000000000000000000000000000000000000000000000000000000000000000008000000000000000000000004B1000000F790000000000000000000000000000000000000000000000000000000000000000000000000000000000000000000000000000000000000000000000000000000000000000000000000000
	00000000000000000000000000000000000000000000000000000000000000000000000000000000000000000000000000000000000000000000000000000000000000000000000000000000000000000000000028070000E01100000000000000000000000000010000000000000000000000000000000000000000000000
	0000000000000000000000000000000000000000000000000000000000000000000000000000000000000000000000000000000000000000000000000000000000000000000000000000000000000000000000000000000000000000000000000000000000000000008000000000000000000000000000000028070000E007
	000000FFFF06FFFF0082FF00807800807FFC807FFF867FFF8042FF80403880403FFC403FFFC63FFFC022FFC02018C0201FFC201FFFE61FFFE012FFE01008E0100FFC100FFFF60FFFF00BFFF00801F00807FC0807FFFE07FFF8037FF80405780403F80403FFFE03FFFC077FFC02017C0201FA0201FFFC01FFFE077FFE01037E
	0100F80100FFFD00FFFF067FFF00837F00807900807FFC0000000627080000483200000000000000000000010000000000000000008000000000000000004000000000000000000000000000800000000000000000400000000000000000000000002080000000000000000040000000000000000020000000000000000000
	00000000400000100000000000200000000000000000100000000000000000000000000020000000000000080010000000000000000008000000000000000000000000001000000000000000000800040000000000000400000000000000000000000000080000000000000000040000000000020000020000000000000000
	00000000000400000000000000000200000000000000000101000000000000000000000000020000000000000000010000000000000000008000000000000000000000000001000000000000000000800000000000000000400000000000000000500A00007816000000000000000080000000000000800040000000008000
	40000000000000400000000000204000200000000000002000000000000020001010000000000010000000000000100008000000000800080000000000000800040000000000000400040000000004000200000000000002000000000002020001000000000000010000000000000100008100000000000080000000000000
	80004000000000280900009C50000000004000000000200100000000000000000020000080001000000000000000000040100000000008000000000020000000000800000000040010000000000000800004000008000200000000400000000004020000000001200000000002000000000100100000000000000000010000
	080000800000000000000000040080000000004000000000020000000000400000000020010000000000000028020000F48C0000000000000000000000000000000000000000000000000000000000000000000000000000000000000000000000000000000000000000000000000000000000000000000000000000000000
	000000000000000000000000000000000000000000000000000000000000000000000000000000000000000000000000000000000000000000000000000000000000000000000000000000000027030000A7020000000000000000000000000000000000000000000000000000000000000000000000000000000000000000
	00000000000000000000000000000000000000000000000000000000000000000000000000000000000000000000000000000000000000000000000000000000000000000000000000000000000000000000000000000000000000000000000000000000000025040000A70200000000000000000000000000000000000000
	00000000000000000000000000000000000000000000000000000000000000000000000000000000000000000000000000000000000000000000000000000000000000000000000000000000000000000000000000000000000000000000000000000000000000000000000000000000000000000000000000000000000000
	250400000D4A00000000000000000001000000010000000000000000000000000000000000000000000000000000000000000000000000000000000000000000000000000000000000000000000000000000000000000000000000000000000000000000000000000000000000000000000000000000000000000000000000
	0000000000000000000000000080000000800000000000000000000000260E0000AE260000000000000000000000000000000000000000000000000000000000000000000000000000000000000000000000000000000000000000000000000000000000000000000000000000000000000000000000000000000000000000
	00000000000000000000000000000000000000000000000000000000000000000000000000000000000000000000000000000000000000000000260E000046FA000000000000000000000000000000000000000000000000000000000000000000000000000000000000000000000000000000000000000000000000000000
	0000000000000000000000000000000000000000000000000000000000000000000000000000000000000000000000000000000000000000000000000000000000000000000000000000000000000000000000000000000000000000000000280D0000CEB10000400081004000010200000002002000002020400020004080
	00000080000000001010000010102000000020400000004008000000080800000008100000001020040000200400000000040000000408000200081002000010000000000002000001020400010004080000000800000000008100000081020000000204000000040040000000408000400081004000010200000002002000
	0000204000280D0000EAD70000000000000000000100000000000000000000000000000000000000000000000000000000000000000000000000000000000000000000000000000000000000000000000000000000000000000000000000000000000000000000000000000000000000000000000000000000000000000000
	000000000000000000000000000000000000000000000000000000000000800000000000000000000000280D0000E78100000000000000000000000000000000000000000000000000000000000000000000000000000000000000000000000000000000000000000000000000000000000000000000000000000000000000
	00000000000000000000000000000000000000000000000000000000000000000000000000000000000000000000000000000000000000000000000000000000000000000000000000000000000000000000000000000000000000000000000000000000000000000000000000000000000000000000000000000000000000
	000000000000000000000000000000000000000000000000000000000000000000000000000000000000000000000000000000000000000000000000000000000000000000000000000000000000000000000000000000000000000000000000000000004D0C0000425F000000000000000000000000000100000000000000
	00000000000000000000000000000000000000000000000000000000000000000000000000000000000000000000000000000000000000000000000000000000000000000000000000000000000000000000000000000000000000000000000000000000000000000000000000000000000000000000000000000000000000
	00000000000000000000000000000000000000000000000000000000000000000000000000000000000000000000000000000000000000000000000000000000000000000000000000000000000000000000000000000000000000000000000000000000000000000000000000000000000000000000000000000000000000
	000000000000000000000000000000800000000000000000000000000000004D0C000075DD000000000000000000000000000000000000000000000000000000000000000000000000000000000000000000000000000000000000000000000000000000000000000000000000000000000000000000000000000000000000
	00000000000000000000000000000000000000000000000000000000000000000000000000000000000000000000000000000000000000000000000000000000000000000000000000000000000000000000000000000000000000000000000000000000000000000000000000000000000000000000000000000000000000
	0000000000000000000000000000000000000000000000000000000000000000000000000000000000000000000000000000000000000000000000000000000000000000000000000000000000000000000000000000000000000000004E0B000075DD00000000000000000000000000000000000000000000000000000000
	00000000000000000000000000000000000000000000000000000000000000000000000000000000000000000000000000000000000000000000000000000000000000000000000000000000000000000000000000000000000000000000000000000000000000000000000000000000000000000000000000000000000000
	00000000000000000000000000000000000000000000000000000000000000000000000000000000000000000000000000000000000000000000000000000000000000000000000000000000000000000000000000000000000000000000000000000000000000000000000000000000000000000000000000000000000000
	000000000000000000000000000000000000000000000000000000004E0B000075DD000000000000000000000000000000000000000000000000000000000000000000000000000000000000000000000000000000000000000000000000000000000000000000000000000000000000000000000000000000000000000000
	00000000000000000000000000000000000000000000000000000000000000000000000000000000000000000000000000000000000000000000000000000000000000000000000000000000000000000000000000000000000000000000000000000000000000000000000000000000000000000000000000000000000000
	0000000000000000000000000000000000000000000000000000000000000000000000000000000000000000000000000000000000000000000000000000000000000000000000000000000000000000000000000000000000004E0B00005D1900000000000000000000000000000000000000000000000000000000000000
	00000000000000000000000000000000000000000000000000000000000000000000000000000000000000000000000000000000000000000000000000000000000000000000000000000000000000000000000000000000000000000000000000000000000000000000000000000000000000000000000000000000000000
	00000000000000000000000000000000000000000000000000000000000000000000000000000000000000000000000000000000000000000000000000000000000000000000000000000000000000000000000000000000000000000000000000000000000000000000000000000000000000000000000000000000000000
	0000000000000000000000000000000000000000004D0000005D1900000000000000000000000000000000000000000000000000000000000000000000000000000000000000000000000000000000000000000000000000000000000000000000000000000000000000000000000000000000000000000000000000000000
	00000000000000000000000000000000000000000000000000000000000000000000000000000000000000000000000000000000000000000000000000000000000000000000000000000000000000000000000000000000000000000000000000000000000000000000000000000000000000000000000000000000000000
	000000000000000000000000000000000000000000000000000000000000000000000000000000000000000000000000000000000000000000000000000000000000000000000000000000000000004D0000005D19000000000000000000000000000000000000000000000000000000000000000000000000000000000000
	00000000000000000000000000000000000000000000000000000000000000000000000000000000000000000000000000000000000000000000000000000000000000000000000000000000000000000000000000000000000000000000000000000000000000000000000000000000000000000000000000000000000000
	00000000000000000000000000000000000000000000000000000000000000000000000000000000000000000000000000000000000000000000000000000000000000000000000000000000000000000000000000000000000000000000000000000000000000000000000000000000000000000000000000000000000000
	000000000000000000004D0000005D19000000000000000000000000000000000000000000000000000000000000000000000000000000000000000000000000000000000000000000000000000000000000000000000000000000000000000000000000000000000000000000000000000000000000000000000000000000
	00000000000000000000000000000000000000000000000000000000000000000000000000000000000000000000000000000000000000000000000000000000000000000000000000000000000000000000000000000000000000000000000000000000000000000000000000000000000000000000000000000000000000
	00000000000000000000000000000000000000000000000000000000000000000000000000000000000000000000000000000000000000000000000000000000000000004D0000002B2D0000000000000000000100000001000000000000000000000000000000000000000000000000000000000000000000000000000000
	00000000000000000000000000000000000000000000000000000000000000000000000000000000000000000000000000000000000000000000000000000000000000000000000000000000000000000000000000000000000000000000000000000000000000000000000000000000000000000000000000000000000000
	00000000000000000000000000000000000000000000000000000000000000000000000000000000000000000000000000000000000000000000000000000000000000000000000000000000000000000000000000000000000000000000000000000000000000000000000000000000000080000000800000000000000000
	0000004E050000CEAE00000000000000000000000000000000000000000000000000000000000000000000000000000000000000000000000000000000000000000000000000000000000000000000000000000000000000000000000000000000000000000000000000000000000000000000000000000000000000000000
	00000000000000000000000000000000000000000000000000000000000000000000000000000000000000000000000000000000000000000000000000000000000000000000000000000000000000000000000000000000000000000000000000000000000000000000000000000000000000000000000000000000000000
	00000000000000000000000000000000000000000000000000000000000000000000000000000000000000000000000000000000000000000000000000000000004E050000227A0000000000000000000000000000000000000000000000000000000000000000000000000000000000000000000000000000000000000000
	00000000000000000000000000000000000000000000000000000000000000000000000000000000000000000000000000000000000000000000000000000000000000000000000000000000000000000000000000000000000000000000000000000000000000000000000000000000000000000000000000000000000000
	000000000000000000000000000000000000000000000000000000000000000000000000000000000000000000000000000000000000000000000000000000000000100000000000000000000000000000000000000000000000000000000000000000000000000000000000000000000000004B06000088EE000000000000
	00000000000000000000000000000000000000000000000000000000000000000000000000000000000000000000000000000000000000000000000000000000000000000000000000000000000000000000000000000000000000000000000000000000000000000000000000000000000000000000000000000000000000
	00000000000000000000000000000000000000000000000000000000000000000000000000000000000000000000000000000000000000000000000000000000000000000000000000000000000000000000000000000000000000000000000000000000000000000000000000000000000000000000000000000000000000
	00000000000000000000000000000000000000000000000000000000000000000000000000004B0600009B760000000000000000000100000000000000000000000000000000000000000000000000000000000000000000000000000000000000000000000000000000000000000000000000000000000000000000000000
	00000000000000000000000000000000000000000000000000000000000000000000000000000000000000000000000000000000000000000000000000000000000000000000000000000000000000000000000000000000000000000000000000000000000000000000000000000000000000000000000000000000000000
	000000000000000000000000000000000000000000000000000000000000000000000000000000000000000000000000000000000000000000000000000000000000000000000000000000008000000000000000000000004B0600008D24000000000000000000000000000000000000000000000000000000000000000000
	00000000000000000000000000000000000000000000000000000000000000000000000000000000000000000000000000000000000000000000000000000000000000000000000000000000000000000000000000000000000000000000000000000000000000000000000000000000000000000000000000000000000000
	00000000000000000000000000000000000000000000000000000000000000000000000000000000000000000010000000000000000000000000000000000000000000000000000000000000000000000000000000000000000000000000000000000000000000000000000000000000000000000000000000000000000048
	010000E6020000000000000000000000000001000000000000000000000000000000000000000000000000000000000000000000000000000000000000000000000000000000000000000000000000000000000000000000000000000000000000000000000000000000000000000000000000000000000000000000000000
	00000000000000000000000000000000000000000000000000000000000000000000000000000000000000000000000000000000000000000000000000000000000000000000000000000000000000000000000000000000000000000000000000000000000000000000000000000000000000000000000000000000000000
	000000000000000000000000000000000000000000000000000000000000000000000000000000000000000000000000000000000080000000000000000000000000000000500F00007FC200000000000000000000000000000000000000000000000000000000000000000000000000000000000000000000000000000000
	00000000000000000000000000000000000000000000000000000000000000000000000000000000000000000000000000000000000000000000000000000000000000000000000000000000000000000000000000000000000000000000000000000000000000000000000000000000000000000000000000000000000000
	00000000000000000000000000000000000000000000000000000000000000000000000000000000000000000000000000000000000000000000000000000000000000000000000000000000000000000000000000000000000000000000000000000000000000000000000000000000000000000000000000000000000000
	000000000000000000000000500F00007FC200000000000000000000000000000000000000000000000000000000000000000000000000000000000000000000000000000000000000000000000000000000000000000000000000000000000000000000000000000000000000000000000000000000000000000000000000
	00000000000000000000000000000000000000000000000000000000000000000000000000000000000000000000000000000000000000000000000000000000000000000000000000000000000000000000000000000000000000000000000000000000000000000000000000000000000000000000000000000000000000
	00000000000000000000000000000000000000000000000000000000000000000000000000000000000000000000000000000000000000000000000000000000000000000000000000000000000000000000500F0000FDBF000000000000000000000000000000000000000000000000000000000000000000000000000000
	00000000000000000000000000000000000000000000000000000000000000000000000000000000000000000000000000000000000000000000000000000000000000000000000000000000000000000000000000000000000000000000000000000000000008000000000000000000000000000000000000000000000000
	00000000000000000000000000000000000000000000000000000000000000000000000000000000000000000000000000000000000000000000000000000000000000000000000000000000000000000000000000000000000000000000000000000000000000000000000000000000000000000000000000000000000000
	00000000004B1000009B390000000000000000000000000000000000000000000000000000000000000000000000000000000000000000000000000000000000000000000000000000000000000000000000000000000000000000000000000000000000000000000000000000000000000000000000000000000000000000
	00000000000000000000000000000000000000000000000000000000000000000000000000000000000000000000000000000000000000000000000000000000000000000000000000000000000000000000000000000000000000000000000000000000000000000000000000000000000000000000000000000000000000
	000000000000000000000000000000000000000000000000000000000000000000000000000000000000000000000000000000000000004B1000009B39000000000000000000000000000000000000000000000000000000000000000000000000000000000000000000000000000000000000000000000000000000000000
	00000000000000000000000000000000000000000000000000000000000000000000000000000000000000000000000000000000000000000000000000000000000000000000000000000000000000000000000000000000000000000000000000000000000000000000000000000000000000000000000000000000000000
	0000000000000000000000000000000000000000000000000000000000000000000000000000000000000000000000000000000000000000000000000000000000000000000000000000000000000000000000000000000000000000000000000000000000000000004B1000004F7000000000000000000000000000000000
	00000000000000000000000000000000000000000000000000000000000000000000000000000000000000000000000000000000000000000000000000000000000000000000000000000000000000000000000000000000000000000000000000000000000000000000000000080000000000000000000000000000000000
	000000000000000000000000000000280700000F7900000000000000000000000000000000000000000000000000000000000000000000000000000000000000000000000000000000000000000000000000000000000000000000000000000000000000000000000000000000000000000000000000000000000000000000
	0000000000000000000000000000000000000000000000000000000000000000000000000000000000000000000000000000000028070000ABEA000000FFFF06FFFF0083FF00807900807FFC807FFF867FFF8042FF80403880403FFC403FFFC63FFFC022FFC02018C0201FFC201FFFE61FFFE012FFE01008E0100FFC100FFF
	F60FFFF00BFFF00801F00807FC0807FFFE07FFF8037FF80405780403F80403FFFE03FFFC077FFC02017C0201FA0201FFFC01FFFE077FFE01037E0100F80100FFFD00FFFF06FFFF0083FF00807900807FFC00000006270800004832000000000000000000000100000000000000000080000000000000000040000000000000
	00000000000000800000000000000000400000000000000000000000002080000000000000000040000000000000000020000000000000000000000000004000001000000000002000000000000000001000000000000000000000000000200000000000000800100000000000000000080000000000000000000000000010
	00000000000000000800040000000000000400000000000000000000000000080000000000000000040000000000020000020000000000000000000000000004000000000000000002000000000000000001010000000000000000000000000200000000000000000100000000000000000080000000000000000000000000
	01000000000000000000800000000000000000400000000000000000500A00007816000000000000000080000000000000800040000000008000400000000000004000000000002040002000000000000020000000000000200010100000000000100000000000001000080000000008000800000000000008000400000000
	0000040004000000000400020000000000000200000000000202000100000000000001000000000000010000810000000000008000000000000080004000000000280900009C500000000040000000002001000000000000000000200000800010000000000000000000401000000000080000000000200000000008000000
	000400100000000000008000040000080002000000004000000000040200000000012000000000020000000001001000000000000000000100000800008000000000000000000400800000000040000000000200000000004000000000200100000000000000280200001FB500000000000000000001000000000000000000
	00000000000000000000000000000000000000000000000000000000000000000000000000000000000000000000000000000000000000000000000000000000000000000000000000000000000000000000000000000000000000000000000000000000000000000000000000000000000000000000000000000080000000
	000000000000000027030000A7020000000000000000000000000000000000000000000000000000000000000000000000000000000000000000000000000000000000000000000000000000000000000000000000000000000000000000000000000000000000000000000000000000000000000000000000000000000000
	00000000000000000000000000000000000000000000000000000000000000000025040000BA8300000000000000000000000000010000000000000000000000000000000000000000000000000000000000000000000000000000000000000000000000000000000000000000000000000000000000000000000000000000
	0000000000000000000000000000000000000000000000000000000000000000000000000000000000008000000000000000000000000000000025040000AE26000000000000000000000000000000000000000000000000000000000000000000000000000000000000000000000000000000000000000000000000000000
	000000000000000000000000000000000000000000000000000000000000000000000000000000000000000000000000000000000000000000000000000000000000000000000000000000000000000000000000000000260E0000AE2600000000000000000000000000000000000000000000000000000000000000000000
	0000000000000000000000000000000000000000000000000000000000000000000000000000000000000000000000000000000000000000000000000000000000000000000000000000000000000000000000000000000000000000000000000000000000000000000000000000000000000000260E000046FA0000000000
	00000000000000000000000000000000000000000000000000000000000000000000000000000000000000000000000000000000000000000000000000000000000000000000000000000000000000000000000000000000000000000000000000000000000000000000000000000000000000000000000000000000000000
	0000000000000000000000000000000000000000000000000000280D0000CEB10000400081004000010200000002002000002020400020004080000000800000000010100000101020000000204000000040080000000808000000081000000010200400002004000000000400000004080002000810020000100000000000
	020000010204000100040800000008000000000081000000810200000002040000000400400000004080004000810040000102000000020020000000204000280D000046FA00000000000000000000000000000000000000000000000000000000000000000000000000000000000000000000000000000000000000000000
	00000000000000000000000000000000000000000000000000000000000000000000000000000000000000000000000000000000000000000000000000000000000000000000000000000000000000000000000000000000000000000000000000000000280D0000E781000000000000000000000000000000000000000000
	00000000000000000000000000000000000000000000000000000000000000000000000000000000000000000000000000000000000000000000000000000000000000000000000000000000000000000000000000000000000000000000000000000000000000000000000000000000000000000000000000000000000000
	00000000000000000000000000000000000000000000000000000000000000000000000000000000000000000000000000000000000000000000000000000000000000000000000000000000000000000000000000000000000000000000000000000000000000000000000000000000000000000000000000000000000000
	000000000000000000000000000000000000000000000000000000000000004D0C0000E781000000000000000000000000000000000000000000000000000000000000000000000000000000000000000000000000000000000000000000000000000000000000000000000000000000000000000000000000000000000000
	00000000000000000000000000000000000000000000000000000000000000000000000000000000000000000000000000000000000000000000000000000000000000000000000000000000000000000000000000000000000000000000000000000000000000000000000000000000000000000000000000000000000000
	00000000000000000000000000000000000000000000000000000000000000000000000000000000000000000000000000000000000000000000000000000000000000000000000000000000000000000000000000000000004D0C0000905E0000000000000000000100000001000000000000000000000000000000000000
	00000000000000000000000000000000000000000000000000000000000000000000000000000000000000000000000000000000000000000000000000000000000000000000000000000000000000000000000000000000000000000000000000000000000000000000000000000000000000000000000000000000000000
	00000000000000000000000000000000000000000000000000000000000000000000000000000000000000000000000000000000000000000000000000000000000000000000000000000000000000000000000000000000000000000000000000000000000000000000000000000000000000000000000000000000000000
	0000000000000000800000008000000000000000000000004E0B000075DD00000000000000000000000000000000000000000000000000000000000000000000000000000000000000000000000000000000000000000000000000000000000000000000000000000000000000000000000000000000000000000000000000
	00000000000000000000000000000000000000000000000000000000000000000000000000000000000000000000000000000000000000000000000000000000000000000000000000000000000000000000000000000000000000000000000000000000000000000000000000000000000000000000000000000000000000
	00000000000000000000000000000000000000000000000000000000000000000000000000000000000000000000000000000000000000000000000000000000000000000000000000000000000000000000000000004E0B000075DD0000000000000000000000000000000000000000000000000000000000000000000000
	00000000000000000000000000000000000000000000000000000000000000000000000000000000000000000000000000000000000000000000000000000000000000000000000000000000000000000000000000000000000000000000000000000000000000000000000000000000000000000000000000000000000000
	00000000000000000000000000000000000000000000000000000000000000000000000000000000000000000000000000000000000000000000000000000000000000000000000000000000000000000000000000000000000000000000000000000000000000000000000000000000000000000000000000000000000000
	0000000000000000000000000000000000000000004E0B00005D1900000000000000000000000000000000000000000000000000000000000000000000000000000000000000000000000000000000000000000000000000000000000000000000000000000000000000000000000000000000000000000000000000000000
	00000000000000000000000000000000000000000000000000000000000000000000000000000000000000000000000000000000000000000000000000000000000000000000000000000000000000000000000000000000000000000000000000000000000000000000000000000000000000000000000000000000000000
	000000000000000000000000000000000000000000000000000000000000000000000000000000000000000000000000000000000000000000000000000000000000000000000000000000000000004D000000AA62000000000000000000000000000000000000000000000000000000000000000000000000000000000000
	00000000000000000000000000000000000000000000000000000000000000000000000000000000000000000000000000000000000000000000000000000000000000000000000000000000000000000000000000000000000000000000000000000000000000000000000000000000000000000000000000000000000000
	00000000000000000000000000000000000000000000000000000000000000000000000000000000000000000000000000000000000000000000000000000000000000000000000000000000000000000000000000000000000000000000000000000000000000000000000000000000000000000000000000000000008000
	000000000000000000004D0000005D19000000000000000000000000000000000000000000000000000000000000000000000000000000000000000000000000000000000000000000000000000000000000000000000000000000000000000000000000000000000000000000000000000000000000000000000000000000
	00000000000000000000000000000000000000000000000000000000000000000000000000000000000000000000000000000000000000000000000000000000000000000000000000000000000000000000000000000000000000000000000000000000000000000000000000000000000000000000000000000000000000
	00000000000000000000000000000000000000000000000000000000000000000000000000000000000000000000000000000000000000000000000000000000000000004D00000039C70000000000000000000000000000000000000000000000000000000000000000000000000000000000000000000000000000000000
	00000000000000000000000000000000000000000000000000000000000000000000000000000000000000000000000000000000000000000000000000000000000000000000000000000000000000000000000000000000000000000000000000000000000000000000000000000000000000000000000000000000000000
	0000000000000000000000000000000000000000000000000000000000000000000000000000000000000000000000000000000000000000000000000000000000000000000000000000000000000000000000000000000000000000000000000000000000000000000000000000800000000000000000000000000000004D
	000000CEAE0000000000000000000000000000000000000000000000000000000000000000000000000000000000000000000000000000000000000000000000000000000000000000000000000000000000000000000000000000000000000000000000000000000000000000000000000000000000000000000000000000
	00000000000000000000000000000000000000000000000000000000000000000000000000000000000000000000000000000000000000000000000000000000000000000000000000000000000000000000000000000000000000000000000000000000000000000000000000000000000000000000000000000000000000
	000000000000000000000000000000000000000000000000000000000000000000000000000000000000000000000000000000000000000000000000004E050000CEAE000000000000000000000000000000000000000000000000000000000000000000000000000000000000000000000000000000000000000000000000
	00000000000000000000000000000000000000000000000000000000000000000000000000000000000000000000000000000000000000000000000000000000000000000000000000000000000000000000000000000000000000000000000000000000000000000000000000000000000000000000000000000000000000
	0000000000000000000000000000000000000000000000000000000000000000000000000000000000000000000000000000000000000000000000000000000000000000000000000000000000000000000000000000000000000000000000000000000000000000000000000000000000000000000000000000004E050000
	88EE0000000000000000000000000000000000000000000000000000000000000000000000000000000000000000000000000000000000000000000000000000000000000000000000000000000000000000000000000000000000000000000000000000000000000000000000000000000000000000000000000000000000
	00000000000000000000000000000000000000000000000000000000000000000000000000000000000000000000000000000000000000000000000000000000000000000000000000000000000000000000000000000000000000000000000000000000000000000000000000000000000000000000000000000000000000
	000000000000000000000000000000000000000000000000000000000000000000000000000000000000000000004B06000088EE000000000000000000000000000000000000000000000000000000000000000000000000000000000000000000000000000000000000000000000000000000000000000000000000000000
	00000000000000000000000000000000000000000000000000000000000000000000000000000000000000000000000000000000000000000000000000000000000000000000000000000000000000000000000000000000000000000000000000000000000000000000000000000000000000000000000000000000000000
	0000000000000000000000000000000000000000000000000000000000000000000000000000000000000000000000000000000000000000000000000000000000000000000000000000000000000000000000000000000000000000000000004B06000088EE00000000000000000000000000000000000000000000000000
	00000000000000000000000000000000000000000000000000000000000000000000000000000000000000000000000000000000000000000000000000000000000000000000000000000000000000000000000000000000000000000000000000000000000000000000000000000000000000000000000000000000000000
	00000000000000000000000000000000000000000000000000000000000000000000000000000000000000000000000000000000000000000000000000000000000000000000000000000000000000000000000000000000000000000000000000000000000000000000000000000000000000000000000000000000000000
	000000000000000000000000000000000000004B0600007BAB000000000000000000000000000000000000000000000000000000000000000000000000000000000000000000000000000000000000000000000000000000000000000000000000000000000000000000000000000000000000000000000000000000000000
	00000000000000000000000000000000000000000000000000000000000000000000000000000000000000000000000000000000000000000000000000000000000000000000000000000000000000000000000000000000000000000000000000000000000000000000000000000000000000000000000000000000000000
	000000000000000000000000000000000000000000000000000000000000000000000000000000000000000000000000000000000000000000480100007FC200000000000000000000000000000000000000000000000000000000000000000000000000000000000000000000000000000000000000000000000000000000
	00000000000000000000000000000000000000000000000000000000000000000000000000000000000000000000000000000000000000000000000000000000000000000000000000000000000000000000000000000000000000000000000000000000000000000000000000000000000000000000000000000000000000
	00000000000000000000000000000000000000000000000000000000000000000000000000000000000000000000000000000000000000000000000000000000000000000000000000000000000000000000000000000000000000000000000000000000000000000000000000000000000000000000000000000000000000
	500F0000F4BF00000000000000000000000000000000000000000000000000000000000000000000000000000000000000000000000000000000000000000000000000000000000000000000000000000000000000000000000000000000000000000000000000000000000000000000000000000000000000000000000000
	00000000000000000000000000000000000000000000000000000000000000000000000000000000000000000000000000000000000000000000000000000000000000000000000000000000000000000000000000000000000000000000000000000000000000000000000000000000000000000000000000000000000000
	00000000000000000000000000000000000000000000000000000000000000000000000000000000000000000000000000000000000080000000800000000000000000000000500F00007FC2000000000000000000000000000000000000000000000000000000000000000000000000000000000000000000000000000000
	00000000000000000000000000000000000000000000000000000000000000000000000000000000000000000000000000000000000000000000000000000000000000000000000000000000000000000000000000000000000000000000000000000000000000000000000000000000000000000000000000000000000000
	00000000000000000000000000000000000000000000000000000000000000000000000000000000000000000000000000000000000000000000000000000000000000000000000000000000000000000000000000000000000000000000000000000000000000000000000000000000000000000000000000000000000000
	00000000000000000000000000500F00009B39000000000000000000000000000000000000000000000000000000000000000000000000000000000000000000000000000000000000000000000000000000000000000000000000000000000000000000000000000000000000000000000000000000000000000000000000
	00000000000000000000000000000000000000000000000000000000000000000000000000000000000000000000000000000000000000000000000000000000000000000000000000000000000000000000000000000000000000000000000000000000000000000000000000000000000000000000000000000000000000
	0000000000000000000000000000000000000000000000000000000000000000000000000000000000000000000000000000000000000000000000000000004B1000009B3900000000000000000000000000000000000000000000000000000000000000000000000000000000000000000000000000000000000000000000
	00000000000000000000000000000000000000000000000000000000000000000000000000000000000000000000000000000000000000000000000000000000000000000000000000000000000000000000000000000000000000000000000000000000000000000000000000000000000000000000000000000000000000
	00000000000000000000000000000000000000000000000000000000000000000000000000000000000000000000000000000000000000000000000000000000000000000000000000000000000000000000000000000000000000000000000000000000000000000000000000000000004B10000088A10000000000000000
	00010000000000000000000000000000000000000000000000000000000000000000000000000000000000000000000000000000000000000000000000000000000000000000000000000000000000000000000000000000000000000000000000000000000000000000000000000000000000000000000000000000000000
	00000000000000000000000000000000000000000000000000000000000000000000000000000000000000000000000000000000000000000000000000000000000000000000000000000000000000000000000000000000000000000000000000000000000000000000000000000000000000000000000000000000000000
	0000000000000000000000000000000000000000000000008000000000000000000000004B1000000F7900000000000000000000000000000000000000000000000000000000000000000000000000000000000000000000000000000000000000000000000000000000000000000000000000000000000000000000000000
	0000000000000000000000000000000000000000000000000000000000000000000000000000000000000000000000000000000000000000000000000000000000000000000000000028070000E011000000000000000000000000000100000000000000000000000000000000000000000000000000000000000000000000
	000000000000000000000000000000000000000000000000000000000000000000000000000000000000000000000000000000000000000000000000000000000000000000000000000000000000000000000000000000000000000000008000000000000000000000000000000028070000E007000000FFFF06FFFF0082FF
	00807800807FFC807FFF867FFF8042FF80403880403FFC403FFFC63FFFC022FFC02018C0201FFC201FFFE61FFFE012FFE01008E0100FFC100FFFF60FFFF00BFFF00801F00807FC0807FFFE07FFF8037FF80405780403F80403FFFE03FFFC077FFC02017C0201FA0201FFFC01FFFE077FFE01037E0100F80100FFFD00FFFF06
	7FFF00837F00807900807FFC00000006270800004832000000000000000000000100000000000000000080000000000000000040000000000000000000000000008000000000000000004000000000000000000000000020800000000000000000400000000000000000200000000000000000000000000040000010000000
	00002000000000000000001000000000000000000000000000200000000000000800100000000000000000080000000000000000000000000010000000000000000008000400000000000004000000000000000000000000000800000000000000000400000000000200000200000000000000000000000000040000000000
	0000000200000000000000000101000000000000000000000000020000000000000000010000000000000000008000000000000000000000000001000000000000000000800000000000000000400000000000000000500A000078160000000000000000800000000000008000400000000080004000000000000040000000
	00002040002000000000000020000000000000200010100000000000100000000000001000080000000008000800000000000008000400000000000004000400000000040002000000000000020000000000020200010000000000000100000000000001000081000000000000800000000000008000400000000028090000
	9C500000000040000000002001000000000000000000200000800010000000000000000000401000000000080000000000200000000008000000000400100000000000008000040000080002000000004000000000040200000000012000000000020000000001001000000000000000000100000800008000000000000000
	00040080000000004000000000020000000000400000000020010000000000000028020000F48C00000000000000000000000000000000000000000000000000000000000000000000000000000000000000000000000000000000000000000000000000000000000000000000000000000000000000000000000000000000
	00000000000000000000000000000000000000000000000000000000000000000000000000000000000000000000000000000000000000000000000000000000000027030000A70200000000000000000000000000000000000000000000000000000000000000000000000000000000000000000000000000000000000000
	0000000000000000000000000000000000000000000000000000000000000000000000000000000000000000000000000000000000000000000000000000000000000000000000000000000000000000000000000000000000000025040000A702000000000000000000000000000000000000000000000000000000000000
	0000000000000000000000000000000000000000000000000000000000000000000000000000000000000000000000000000000000000000000000000000000000000000000000000000000000000000000000000000000000000000000000000000000000000000000000000000000000000000250400000D4A0000000000
	00000000010000000100000000000000000000000000000000000000000000000000000000000000000000000000000000000000000000000000000000000000000000000000000000000000000000000000000000000000000000000000000000000000000000000000000000000000000000000000000000000000000000
	000080000000800000000000000000000000260E0000AE2600000000000000000000000000000000000000000000000000000000000000000000000000000000000000000000000000000000000000000000000000000000000000000000000000000000000000000000000000000000000000000000000000000000000000
	0000000000000000000000000000000000000000000000000000000000000000000000000000000000000000000000260E000046FA0000000000000000000000000000000000000000000000000000000000000000000000000000000000000000000000000000000000000000000000000000000000000000000000000000
	000000000000000000000000000000000000000000000000000000000000000000000000000000000000000000000000000000000000000000000000000000000000000000000000000000000000000000000000280D0000CEB100004000810040000102000000020020000020204000200040800000008000000000101000
	00101020000000204000000040080000000808000000081000000010200400002004000000000400000004080002000810020000100000000000020000010204000100040800000008000000000081000000810200000002040000000400400000004080004000810040000102000000020020000000204000280D0000EAD7
	00000000000000000001000000000000000000000000000000000000000000000000000000000000000000000000000000000000000000000000000000000000000000000000000000000000000000000000000000000000000000000000000000000000000000000000000000000000000000000000000000000000000000
	00000000000000000000000000000000000000800000000000000000000000280D0000E781000000000000000000000000000000000000000000000000000000000000000000000000000000000000000000000000000000000000000000000000000000000000000000000000000000000000000000000000000000000000
	00000000000000000000000000000000000000000000000000000000000000000000000000000000000000000000000000000000000000000000000000000000000000000000000000000000000000000000000000000000000000000000000000000000000000000000000000000000000000000000000000000000000000
	00000000000000000000000000000000000000000000000000000000000000000000000000000000000000000000000000000000000000000000000000000000000000000000000000000000000000000000000000000000004D0C0000425F0000000000000000000000000001000000000000000000000000000000000000
	00000000000000000000000000000000000000000000000000000000000000000000000000000000000000000000000000000000000000000000000000000000000000000000000000000000000000000000000000000000000000000000000000000000000000000000000000000000000000000000000000000000000000
	00000000000000000000000000000000000000000000000000000000000000000000000000000000000000000000000000000000000000000000000000000000000000000000000000000000000000000000000000000000000000000000000000000000000000000000000000000000000000000000000000000000000000
	00000000800000000000000000000000000000004D0C000075DD0000000000000000000000000000000000000000000000000000000000000000000000000000000000000000000000000000000000000000000000000000000000000000000000000000000000000000000000000000000000000000000000000000000000
	00000000000000000000000000000000000000000000000000000000000000000000000000000000000000000000000000000000000000000000000000000000000000000000000000000000000000000000000000000000000000000000000000000000000000000000000000000000000000000000000000000000000000
	000000000000000000000000000000000000000000000000000000000000000000000000000000000000000000000000000000000000000000000000000000000000000000000000000000000000000000004E0B000075DD000000000000000000000000000000000000000000000000000000000000000000000000000000
	00000000000000000000000000000000000000000000000000000000000000000000000000000000000000000000000000000000000000000000000000000000000000000000000000000000000000000000000000000000000000000000000000000000000000000000000000000000000000000000000000000000000000
	00000000000000000000000000000000000000000000000000000000000000000000000000000000000000000000000000000000000000000000000000000000000000000000000000000000000000000000000000000000000000000000000000000000000000000000000000000000000000000000000000000000000000
	00000000000000000000000000000000004E0B000075DD0000000000000000000000000000000000000000000000000000000000000000000000000000000000000000000000000000000000000000000000000000000000000000000000000000000000000000000000000000000000000000000000000000000000000000
	00000000000000000000000000000000000000000000000000000000000000000000000000000000000000000000000000000000000000000000000000000000000000000000000000000000000000000000000000000000000000000000000000000000000000000000000000000000000000000000000000000000000000
	000000000000000000000000000000000000000000000000000000000000000000000000000000000000000000000000000000000000000000000000000000000000000000000000000000000000004E0B00005D19000000000000000000000000000000000000000000000000000000000000000000000000000000000000
	00000000000000000000000000000000000000000000000000000000000000000000000000000000000000000000000000000000000000000000000000000000000000000000000000000000000000000000000000000000000000000000000000000000000000000000000000000000000000000000000000000000000000
	00000000000000000000000000000000000000000000000000000000000000000000000000000000000000000000000000000000000000000000000000000000000000000000000000000000000000000000000000000000000000000000000000000000000000000000000000000000000000000000000000000000000000
	000000000000000000004D0000005D19000000000000000000000000000000000000000000000000000000000000000000000000000000000000000000000000000000000000000000000000000000000000000000000000000000000000000000000000000000000000000000000000000000000000000000000000000000
	00000000000000000000000000000000000000000000000000000000000000000000000000000000000000000000000000000000000000000000000000000000000000000000000000000000000000000000000000000000000000000000000000000000000000000000000000000000000000000000000000000000000000
	00000000000000000000000000000000000000000000000000000000000000000000000000000000000000000000000000000000000000000000000000000000000000004D0000005D190000000000000000000000000000000000000000000000000000000000000000000000000000000000000000000000000000000000
	00000000000000000000000000000000000000000000000000000000000000000000000000000000000000000000000000000000000000000000000000000000000000000000000000000000000000000000000000000000000000000000000000000000000000000000000000000000000000000000000000000000000000
	0000000000000000000000000000000000000000000000000000000000000000000000000000000000000000000000000000000000000000000000000000000000000000000000000000000000000000000000000000000000000000000000000000000000000000000000000000000000000000000000000000000000004D
	0000005D190000000000000000000000000000000000000000000000000000000000000000000000000000000000000000000000000000000000000000000000000000000000000000000000000000000000000000000000000000000000000000000000000000000000000000000000000000000000000000000000000000
	00000000000000000000000000000000000000000000000000000000000000000000000000000000000000000000000000000000000000000000000000000000000000000000000000000000000000000000000000000000000000000000000000000000000000000000000000000000000000000000000000000000000000
	0000000000000000000000000000000000000000000000000000000000000000000000000000000000000000000000000000000000000000004D0000002B2D00000000000000000001000000010000000000000000000000000000000000000000000000000000000000000000000000000000000000000000000000000000
	00000000000000000000000000000000000000000000000000000000000000000000000000000000000000000000000000000000000000000000000000000000000000000000000000000000000000000000000000000000000000000000000000000000000000000000000000000000000000000000000000000000000000
	00000000000000000000000000000000000000000000000000000000000000000000000000000000000000000000000000000000000000000000000000000000000000000000000000000000000000000000000000000000000000000000000000000000000000800000008000000000000000000000004E050000CEAE0000
	00000000000000000000000000000000000000000000000000000000000000000000000000000000000000000000000000000000000000000000000000000000000000000000000000000000000000000000000000000000000000000000000000000000000000000000000000000000000000000000000000000000000000
	00000000000000000000000000000000000000000000000000000000000000000000000000000000000000000000000000000000000000000000000000000000000000000000000000000000000000000000000000000000000000000000000000000000000000000000000000000000000000000000000000000000000000
	0000000000000000000000000000000000000000000000000000000000000000000000000000000000000000000000000000000000004E05000088EE00000000000000000000000000000000000000000000000000000000000000000000000000000000000000000000000000000000000000000000000000000000000000
	00000000000000000000000000000000000000000000000000000000000000000000000000000000000000000000000000000000000000000000000000000000000000000000000000000000000000000000000000000000000000000000000000000000000000000000000000000000000000000000000000000000000000
	00000000000000000000000000000000000000000000000000000000000000000000000000000000000000000000000000000000000000000000000000000000000000000000000000000000000000000000000000000000000000000000000000000000000000004B06000088EE0000000000000000000000000000000000
	00000000000000000000000000000000000000000000000000000000000000000000000000000000000000000000000000000000000000000000000000000000000000000000000000000000000000000000000000000000000000000000000000000000000000000000000000000000000000000000000000000000000000
	00000000000000000000000000000000000000000000000000000000000000000000000000000000000000000000000000000000000000000000000000000000000000000000000000000000000000000000000000000000000000000000000000000000000000000000000000000000000000000000000000000000000000
	0000000000000000000000000000000000000000000000000000004B0600009B7600000000000000000001000000000000000000000000000000000000000000000000000000000000000000000000000000000000000000000000000000000000000000000000000000000000000000000000000000000000000000000000
	00000000000000000000000000000000000000000000000000000000000000000000000000000000000000000000000000000000000000000000000000000000000000000000000000000000000000000000000000000000000000000000000000000000000000000000000000000000000000000000000000000000000000
	00000000000000000000000000000000000000000000000000000000000000000000000000000000000000000000000000000000000000000000000000000000008000000000000000000000004B0600007BAB0000000000000000000000000000000000000000000000000000000000000000000000000000000000000000
	00000000000000000000000000000000000000000000000000000000000000000000000000000000000000000000000000000000000000000000000000000000000000000000000000000000000000000000000000000000000000000000000000000000000000000000000000000000000000000000000000000000000000
	0000000000000000000000000000000000000000000000000000000000000000000000000000000000000000000000000000000000000000000000000000000000000000000000000000000000000000000000000000000000000000000000000000000000000000000000000000000000000048010000E602000000000000
	00000000000000010000000000000000000000000000000000000000000000000000000000000000000000000000000000000000000000000000000000000000000000000000000000000000000000000000000000000000000000000000000000000000000000000000000000000000000000000000000000000000000000
	00000000000000000000000000000000000000000000000000000000000000000000000000000000000000000000000000000000000000000000000000000000000000000000000000000000000000000000000000000000000000000000000000000000000000000000000000000000000000000000000000000000000000
	00000000000000000000000000000000000000000000000000000000000000000000000000000000000080000000000000000000000000000000500F00007FC2000000000000000000000000000000000000000000000000000000000000000000000000000000000000000000000000000000000000000000000000000000
	00000000000000000000000000000000000000000000000000000000000000000000000000000000000000000000000000000000000000000000000000000000000000000000000000000000000000000000000000000000000000000000000000000000000000000000000000000000000000000000000000000000000000
	00000000000000000000000000000000000000000000000000000000000000000000000000000000000000000000000000000000000000000000000000000000000000000000000000000000000000000000000000000000000000000000000000000000000000000000000000000000000000000000000000000000000000
	00500F00007FC2000000000000000000000000000000000000000000000000000000000000000000000000000000000000000000000000000000000000000000000000000000000000000000000000000000000000000000000000000000000000000000000000000000000000000000000000000000000000000000000000
	00000000000000000000000000000000000000000000000000000000000000000000000000000000000000000000000000000000000000000000000000000000000000000000000000000000000000000000000000000000000000000000000000000000000000000000000000000000000000000000000000000000000000
	0000000000000000000000000000000000000000000000000000000000000000000000000000000000000000000000000000000000000000000000000000000000000000000000500F00009B390000000000000000000000000000000000000000000000000000000000000000000000000000000000000000000000000000
	00000000000000000000000000000000000000000000000000000000000000000000000000000000000000000000000000000000000000000000000000000000000000000000000000000000000000000000000000000000000000000000000000000000000000000000000000000000000000000000000000000000000000
	000000000000000000000000000000000000000000000000000000000000000000000000000000000000000000000000000000000000000000000000000000000000000000000000000000000000000000000000000000000000000000000000000000000000000000000000000000000000000000000000004B1000009B39
	00000000000000000000000000000000000000000000000000000000000000000000000000000000000000000000000000000000000000000000000000000000000000000000000000000000000000000000000000000000000000000000000000000000000000000000000000000000000000000000000000000000000000
	00000000000000000000000000000000000000000000000000000000000000000000000000000000000000000000000000000000000000000000000000000000000000000000000000000000000000000000000000000000000000000000000000000000000000000000000000000000000000000000000000000000000000
	00000000000000000000000000000000000000000000000000000000000000000000000000000000000000004B1000009B390000000000000000000000000000000000000000000000000000000000000000000000000000000000000000000000000000000000000000000000000000000000000000000000000000000000
	00000000000000000000000000000000000000000000000000000000000000000000000000000000000000000000000000000000000000000000000000000000000000000000000000000000000000000000000000000000000000000000000000000000000000000000000000000000000000000000000000000000000000
	000000000000000000000000000000000000000000000000000000000000000000000000000000000000000000000000000000000000000000000000000000000000000000000000000000000000000000000000000000000000000000004B1000000F79000000000000000000000000000000000000000000000000000000
	00000000000000000000000000000000000000000000000000000000000000000000000000000000000000000000000000000000000000000000000000000000000000000000000000000000000000000000000000000000000000000000000000000000000000000000000000000000000000000000000000000000000000
	00000000280700000F79000000000000000000000000000000000000000000000000000000000000000000000000000000000000000000000000000000000000000000000000000000000000000000000000000000000000000000000000000000000000000000000000000000000000000000000000000000000000000000
	000000000000000000000000000000000000000000000000000000000000000000000000000000000028070000ABEA000000FFFF06FFFF0083FF00807900807FFC807FFF867FFF8042FF80403880403FFC403FFFC63FFFC022FFC02018C0201FFC201FFFE61FFFE012FFE01008E0100FFC100FFFF60FFFF00BFFF00801F008
	07FC0807FFFE07FFF8037FF80405780403F80403FFFE03FFFC077FFC02017C0201FA0201FFFC01FFFE077FFE01037E0100F80100FFFD00FFFF06FFFF0083FF00807900807FFC000000062708000048320000000000000000000001000000000000000000800000000000000000400000000000000000000000000080000000
	00000000004000000000000000000000000020800000000000000000400000000000000000200000000000000000000000000040000010000000000020000000000000000010000000000000000000000000002000000000000008001000000000000000000800000000000000000000000000100000000000000000080004
	00000000000004000000000000000000000000000800000000000000000400000000000200000200000000000000000000000000040000000000000000020000000000000000010100000000000000000000000002000000000000000001000000000000000000800000000000000000000000000100000000000000000080
	0000000000000000400000000000000000500A000078160000000000000000800000000000008000400000000080004000000000000040000000000020400020000000000000200000000000002000101000000000001000000000000010000800000000080008000000000000080004000000000000040004000000000400
	020000000000000200000000000202000100000000000001000000000000010000810000000000008000000000000080004000000000280900009C5000000000400000000020010000000000000000002000008000100000000000000000004010000000000800000000002000000000080000000004001000000000000080
	00040000080002000000004000000000040200000000012000000000020000000001001000000000000000000100000800008000000000000000000400800000000040000000000200000000004000000000200100000000000000280200001FB5000000000000000000010000000000000000000000000000000000000000
	00000000000000000000000000000000000000000000000000000000000000000000000000000000000000000000000000000000000000000000000000000000000000000000000000000000000000000000000000000000000000000000000000000000000000000000000000000000800000000000000000000000270300
	00A70200000000000000000000000000000000000000000000000000000000000000000000000000000000000000000000000000000000000000000000000000000000000000000000000000000000000000000000000000000000000000000000000000000000000000000000000000000000000000000000000000000000
	0000000000000000000000000000000000000000000025040000BA83000000000000000000000000000100000000000000000000000000000000000000000000000000000000000000000000000000000000000000000000000000000000000000000000000000000000000000000000000000000000000000000000000000
	000000000000000000000000000000000000000000000000000000000000008000000000000000000000000000000025040000AE260000000000000000000000000000000000000000000000000000000000000000000000000000000000000000000000000000000000000000000000000000000000000000000000000000
	00000000000000000000000000000000000000000000000000000000000000000000000000000000000000000000000000000000000000000000000000000000000000000000000000000000260E0000AE26000000000000000000000000000000000000000000000000000000000000000000000000000000000000000000
	000000000000000000000000000000000000000000000000000000000000000000000000000000000000000000000000000000000000000000000000000000000000000000000000000000000000000000000000000000000000000000000000000000000000000000260E000046FA00000000000000000000000000000000
	00000000000000000000000000000000000000000000000000000000000000000000000000000000000000000000000000000000000000000000000000000000000000000000000000000000000000000000000000000000000000000000000000000000000000000000000000000000000000000000000000000000000000
	000000000000000000000000000000280D0000CEB100004000810040000102000000020020000020204000200040800000008000000000101000001010200000002040000000400800000008080000000810000000102004000020040000000004000000040800020008100200001000000000000200000102040001000408
	00000008000000000081000000810200000002040000000400400000004080004000810040000102000000020020000000204000280D000046FA000000000000000000000000000000000000000000000000000000000000000000000000000000000000000000000000000000000000000000000000000000000000000000
	0000000000000000000000000000000000000000000000000000000000000000000000000000000000000000000000000000000000000000000000000000000000000000000000000000000000000000000000000000000000280D0000E7810000000000000000000000000000000000000000000000000000000000000000
	00000000000000000000000000000000000000000000000000000000000000000000000000000000000000000000000000000000000000000000000000000000000000000000000000000000000000000000000000000000000000000000000000000000000000000000000000000000000000000000000000000000000000
	00000000000000000000000000000000000000000000000000000000000000000000000000000000000000000000000000000000000000000000000000000000000000000000000000000000000000000000000000000000000000000000000000000000000000000000000000000000000000000000000000000000000000
	00000000000000000000000000000000000000004D0C0000E7810000000000000000000000000000000000000000000000000000000000000000000000000000000000000000000000000000000000000000000000000000000000000000000000000000000000000000000000000000000000000000000000000000000000
	00000000000000000000000000000000000000000000000000000000000000000000000000000000000000000000000000000000000000000000000000000000000000000000000000000000000000000000000000000000000000000000000000000000000000000000000000000000000000000000000000000000000000
	0000000000000000000000000000000000000000000000000000000000000000000000000000000000000000000000000000000000000000000000000000000000000000000000000000000000004D0C0000905E00000000000000000001000000010000000000000000000000000000000000000000000000000000000000
	00000000000000000000000000000000000000000000000000000000000000000000000000000000000000000000000000000000000000000000000000000000000000000000000000000000000000000000000000000000000000000000000000000000000000000000000000000000000000000000000000000000000000
	00000000000000000000000000000000000000000000000000000000000000000000000000000000000000000000000000000000000000000000000000000000000000000000000000000000000000000000000000000000000000000000000000000000000000000000000000000000000000000000000000000000800000
	008000000000000000000000004E0B000075DD000000000000000000000000000000000000000000000000000000000000000000000000000000000000000000000000000000000000000000000000000000000000000000000000000000000000000000000000000000000000000000000000000000000000000000000000
	00000000000000000000000000000000000000000000000000000000000000000000000000000000000000000000000000000000000000000000000000000000000000000000000000000000000000000000000000000000000000000000000000000000000000000000000000000000000000000000000000000000000000
	0000000000000000000000000000000000000000000000000000000000000000000000000000000000000000000000000000000000000000000000000000000000000000000000000000004E0B000075DD00000000000000000000000000000000000000000000000000000000000000000000000000000000000000000000
	00000000000000000000000000000000000000000000000000000000000000000000000000000000000000000000000000000000000000000000000000000000000000000000000000000000000000000000000000000000000000000000000000000000000000000000000000000000000000000000000000000000000000
	00000000000000000000000000000000000000000000000000000000000000000000000000000000000000000000000000000000000000000000000000000000000000000000000000000000000000000000000000000000000000000000000000000000000000000000000000000000000000000000000000000000000000
	000000000000000000004E0B00005D19000000000000000000000000000000000000000000000000000000000000000000000000000000000000000000000000000000000000000000000000000000000000000000000000000000000000000000000000000000000000000000000000000000000000000000000000000000
	00000000000000000000000000000000000000000000000000000000000000000000000000000000000000000000000000000000000000000000000000000000000000000000000000000000000000000000000000000000000000000000000000000000000000000000000000000000000000000000000000000000000000
	00000000000000000000000000000000000000000000000000000000000000000000000000000000000000000000000000000000000000000000000000000000000000004D000000AA620000000000000000000000000000000000000000000000000000000000000000000000000000000000000000000000000000000000
	00000000000000000000000000000000000000000000000000000000000000000000000000000000000000000000000000000000000000000000000000000000000000000000000000000000000000000000000000000000000000000000000000000000000000000000000000000000000000000000000000000000000000
	0000000000000000000000000000000000000000000000000000000000000000000000000000000000000000000000000000000000000000000000000000000000000000000000000000000000000000000000000000000000000000000000000000000000000000000000000000000000008000000000000000000000004D
	0000005D190000000000000000000000000000000000000000000000000000000000000000000000000000000000000000000000000000000000000000000000000000000000000000000000000000000000000000000000000000000000000000000000000000000000000000000000000000000000000000000000000000
	00000000000000000000000000000000000000000000000000000000000000000000000000000000000000000000000000000000000000000000000000000000000000000000000000000000000000000000000000000000000000000000000000000000000000000000000000000000000000000000000000000000000000
	0000000000000000000000000000000000000000000000000000000000000000000000000000000000000000000000000000000000000000004D00000039C700000000000000000000000000000000000000000000000000000000000000000000000000000000000000000000000000000000000000000000000000000000
	00000000000000000000000000000000000000000000000000000000000000000000000000000000000000000000000000000000000000000000000000000000000000000000000000000000000000000000000000000000000000000000000000000000000000000000000000000000000000000000000000000000000000
	000000000000000000000000000000000000000000000000000000000000000000000000000000000000000000000000000000000000000000000000000000000000000000000000000000000000000000000000000000000000000000000000000000800000000000000000000000000000004D000000CEAE000000000000
	00000000000000000000000000000000000000000000000000000000000000000000000000000000000000000000000000000000000000000000000000000000000000000000000000000000000000000000000000000000000000000000000000000000000000000000000000000000000000000000000000000000000000
	00000000000000000000000000000000000000000000000000000000000000000000000000000000000000000000000000000000000000000000000000000000000000000000000000000000000000000000000000000000000000000000000000000000000000000000000000000000000000000000000000000000000000
	00000000000000000000000000000000000000000000000000000000000000000000000000000000000000000000000000004E050000CEAE0000000000000000000000000000000000000000000000000000000000000000000000000000000000000000000000000000000000000000000000000000000000000000000000
	00000000000000000000000000000000000000000000000000000000000000000000000000000000000000000000000000000000000000000000000000000000000000000000000000000000000000000000000000000000000000000000000000000000000000000000000000000000000000000000000000000000000000
	000000000000000000000000000000000000000000000000000000000000000000000000000000000000000000000000000000000000000000000000000000000000000000000000000000000000000000000000000000000000000000000000000000000000000000000000000000004E05000088EE000000000000000000
	00000000000000000000000000000000000000000000000000000000000000000000000000000000000000000000000000000000000000000000000000000000000000000000000000000000000000000000000000000000000000000000000000000000000000000000000000000000000000000000000000000000000000
	00000000000000000000000000000000000000000000000000000000000000000000000000000000000000000000000000000000000000000000000000000000000000000000000000000000000000000000000000000000000000000000000000000000000000000000000000000000000000000000000000000000000000
	00000000000000000000000000000000000000000000000000000000000000000000004B06000088EE0000000000000000000000000000000000000000000000000000000000000000000000000000000000000000000000000000000000000000000000000000000000000000000000000000000000000000000000000000
	00000000000000000000000000000000000000000000000000000000000000000000000000000000000000000000000000000000000000000000000000000000000000000000000000000000000000000000000000000000000000000000000000000000000000000000000000000000000000000000000000000000000000
	000000000000000000000000000000000000000000000000000000000000000000000000000000000000000000000000000000000000000000000000000000000000000000000000000000000000000000000000004B06000088EE000000000000000000000000000000000000000000000000000000000000000000000000
	00000000000000000000000000000000000000000000000000000000000000000000000000000000000000000000000000000000000000000000000000000000000000000000000000000000000000000000000000000000000000000000000000000000000000000000000000000000000000000000000000000000000000
	00000000000000000000000000000000000000000000000000000000000000000000000000000000000000000000000000000000000000000000000000000000000000000000000000000000000000000000000000000000000000000000000000000000000000000000000000000000000000000000000000000000000000
	00000000000000004B0600007BAB0000000000000000000000000000000000000000000000000000000000000000000000000000000000000000000000000000000000000000000000000000000000000000000000000000000000000000000000000000000000000000000000000000000000000000000000000000000000
	00000000000000000000000000000000000000000000000000000000000000000000000000000000000000000000000000000000000000000000000000000000000000000000000000000000000000000000000000000000000000000000000000000000000000000000000000000000000000000000000000000000000000
	00000000000000000000000000000000000000000000000000000000000000000000000000000000000000000000480100007FC2000000000000000000000000000000000000000000000000000000000000000000000000000000000000000000000000000000000000000000000000000000000000000000000000000000
	00000000000000000000000000000000000000000000000000000000000000000000000000000000000000000000000000000000000000000000000000000000000000000000000000000000000000000000000000000000000000000000000000000000000000000000000000000000000000000000000000000000000000
	0000000000000000000000000000000000000000000000000000000000000000000000000000000000000000000000000000000000000000000000000000000000000000000000000000000000000000000000000000000000000000000000000000000000000000000000000000000000000000500F0000F4BF0000000000
	00000000000000000000000000000000000000000000000000000000000000000000000000000000000000000000000000000000000000000000000000000000000000000000000000000000000000000000000000000000000000000000000000000000000000000000000000000000000000000000000000000000000000
	00000000000000000000000000000000000000000000000000000000000000000000000000000000000000000000000000000000000000000000000000000000000000000000000000000000000000000000000000000000000000000000000000000000000000000000000000000000000000000000000000000000000000
	0000000000000000000000000000000000000000000000000000000000000000000000000000000000000080000000800000000000000000000000500F00007FC20000000000000000000000000000000000000000000000000000000000000000000000000000000000000000000000000000000000000000000000000000
	00000000000000000000000000000000000000000000000000000000000000000000000000000000000000000000000000000000000000000000000000000000000000000000000000000000000000000000000000000000000000000000000000000000000000000000000000000000000000000000000000000000000000
	00000000000000000000000000000000000000000000000000000000000000000000000000000000000000000000000000000000000000000000000000000000000000000000000000000000000000000000000000000000000000000000000000000000000000000000000000000000000000000000000000000000000000
	0000500F00009B390000000000000000000000000000000000000000000000000000000000000000000000000000000000000000000000000000000000000000000000000000000000000000000000000000000000000000000000000000000000000000000000000000000000000000000000000000000000000000000000
	00000000000000000000000000000000000000000000000000000000000000000000000000000000000000000000000000000000000000000000000000000000000000000000000000000000000000000000000000000000000000000000000000000000000000000000000000000000000000000000000000000000000000
	000000000000000000000000000000000000000000000000000000000000000000000000000000000000000000000000000000004B1000009B39000000000000000000000000000000000000000000000000000000000000000000000000000000000000000000000000000000000000000000000000000000000000000000
	00000000000000000000000000000000000000000000000000000000000000000000000000000000000000000000000000000000000000000000000000000000000000000000000000000000000000000000000000000000000000000000000000000000000000000000000000000000000000000000000000000000000000
	0000000000000000000000000000000000000000000000000000000000000000000000000000000000000000000000000000000000000000000000000000000000000000000000000000000000000000000000000000000000000000000000000000000000004B1000005E6800000000000000000001000000000000000000
	00000000000000000000000000000000000000000000000000000000000000000000000000000000000000000000000000000000000000000000000000000000000000000000000000000000000000000000000000000000000000000000000000000000000000000000000000000000000000000000000000000000000000
	00000000000000000000000000000000000000000000000000000000000000000000000000000000000000000000000000000000000000000000000000000000000000000000000000000000000000000000000000000000000000000000000000000000000000000000000000000000000000000000000000000000000000
	000000000000000000000000000000000000000000000000004B1000000F79000000000000000000000000000000000000000000000000000000000000000000000000000000000000000000000000000000000000000000000000000000000000000000000000000000000000000000000000000000000000000000000000
	000000000000000000000000000000000000000000000000000000000000000000000000000000000000000000000000000000000000000000000000000028070000CE790000000000000000000000000001000000000000000000000000000000000000000000000000000000000000000000000000000000000000000000
	00000000000000000000000000000000000000000000000000000000000000000000000000000000000000000000000000000000000000000000000000000000000000000000000000000000000000000000000000000000000000000000000000000028070000E007000000FFFF06FFFF0082FF00807800807FFC807FFF86
	7FFF8042FF80403880403FFC403FFFC63FFFC022FFC02018C0201FFC201FFFE61FFFE012FFE01008E0100FFC100FFFF60FFFF00BFFF00801F00807FC0807FFFE07FFF8037FF80405780403F80403FFFE03FFFC077FFC02017C0201FA0201FFFC01FFFE077FFE01037E0100F80100FFFD00FFFF067FFF00837F00807900807F
	FC000000062708000048320000000000000000000001000000000000000000800000000000000000400000000000000000000000000080000000000000000040000000000000000000000000208000000000000000004000000000000000002000000000000000000000000000400000100000000000200000000000000000
	10000000000000000000000000002000000000000008001000000000000000000800000000000000000000000000100000000000000000080004000000000000040000000000000000000000000008000000000000000004000000000002000002000000000000000000000000000400000000000000000200000000000000
	000101000000000000000000000000020000000000000000010000000000000000008000000000000000000000000001000000000000000000800000000000000000400000000000000000500A0000781600000000000000008000000000000080004000000000800040000000000000400000000000204000200000000000
	00200000000000002000101000000000001000000000000010000800000000080008000000000000080004000000000000040004000000000400020000000000000200000000000202000100000000000001000000000000010000810000000000008000000000000080004000000000280900009C50000000004000000000
	20010000000000000000002000008000100000000000000000004010000000000800000000002000000000080000000004001000000000000080000400000800020000000040000000000402000000000120000000000200000000010010000000000000000001000008000080000000000000000004008000000000400000
	0000020000000000400000000020010000000000000028020000F48C000000000000000000000000000000000000000000000000000000000000000000000000000000000000000000000000000000000000000000000000000000000000000000000000000000000000000000000000000000000000000000000000000000
	0000000000000000000000000000000000000000000000000000000000000000000000000000000000000000000000000000000000000027030000A702000000000000000000000000000000000000000000000000000000000000000000000000000000000000000000000000000000000000000000000000000000000000
	000000000000000000000000000000000000000000000000000000000000000000000000000000000000000000000000000000000000000000000000000000000000000000000000000000000000000025040000A7020000000000000000000000000000000000000000000000000000000000000000000000000000000000
	00000000000000000000000000000000000000000000000000000000000000000000000000000000000000000000000000000000000000000000000000000000000000000000000000000000000000000000000000000000000000000000000000000000000000000025040000AA7700000000000000000001000000010000
	00000000000000000000000000000000000000000000000000000000000000000000000000000000000000000000000000000000000000000000000000000000000000000000000000000000000000000000000000000000000000000000000000000000000000000000000000000000000000000000000000000000000000
	00000000000000260E0000AE26000000000000000000000000000000000000000000000000000000000000000000000000000000000000000000000000000000000000000000000000000000000000000000000000000000000000000000000000000000000000000000000000000000000000000000000000000000000000
	000000000000000000000000000000000000000000000000000000000000000000000000260E000046FA00000000000000000000000000000000000000000000000000000000000000000000000000000000000000000000000000000000000000000000000000000000000000000000000000000000000000000000000000
	00000000000000000000000000000000000000000000000000000000000000000000000000000000000000000000000000000000000000000000000000000000000000000000000000280D0000CEB1000040008100400001020000000200200000202040002000408000000080000000001010000010102000000020400000
	0040080000000808000000081000000010200400002004000000000400000004080002000810020000100000000000020000010204000100040800000008000000000081000000810200000002040000000400400000004080004000810040000102000000020020000000204000280D000083AB0000000000000000000100
	00000000000000000000000000000000000000000000000000000000000000000000000000000000000000000000000000000000000000000000000000000000000000000000000000000000000000000000000000000000000000000000000000000000000000000000000000000000000000000000000000000000000000
	0000000000000000000000000000000000000000280D0000E7810000000000000000000000000000000000000000000000000000000000000000000000000000000000000000000000000000000000000000000000000000000000000000000000000000000000000000000000000000000000000000000000000000000000
	00000000000000000000000000000000000000000000000000000000000000000000000000000000000000000000000000000000000000000000000000000000000000000000000000000000000000000000000000000000000000000000000000000000000000000000000000000000000000000000000000000000000000
	0000000000000000000000000000000000000000000000000000000000000000000000000000000000000000000000000000000000000000000000000000000000000000000000000000000000004D0C0000268100000000000000000000000000010000000000000000000000000000000000000000000000000000000000
	00000000000000000000000000000000000000000000000000000000000000000000000000000000000000000000000000000000000000000000000000000000000000000000000000000000000000000000000000000000000000000000000000000000000000000000000000000000000000000000000000000000000000
	00000000000000000000000000000000000000000000000000000000000000000000000000000000000000000000000000000000000000000000000000000000000000000000000000000000000000000000000000000000000000000000000000000000000000000000000000000000000000000000000000000000000000
	0000000000000000004D0C000075DD00000000000000000000000000000000000000000000000000000000000000000000000000000000000000000000000000000000000000000000000000000000000000000000000000000000000000000000000000000000000000000000000000000000000000000000000000000000
	00000000000000000000000000000000000000000000000000000000000000000000000000000000000000000000000000000000000000000000000000000000000000000000000000000000000000000000000000000000000000000000000000000000000000000000000000000000000000000000000000000000000000
	00000000000000000000000000000000000000000000000000000000000000000000000000000000000000000000000000000000000000000000000000000000000000000000004E0B000075DD0000000000000000000000000000000000000000000000000000000000000000000000000000000000000000000000000000
	00000000000000000000000000000000000000000000000000000000000000000000000000000000000000000000000000000000000000000000000000000000000000000000000000000000000000000000000000000000000000000000000000000000000000000000000000000000000000000000000000000000000000
	00000000000000000000000000000000000000000000000000000000000000000000000000000000000000000000000000000000000000000000000000000000000000000000000000000000000000000000000000000000000000000000000000000000000000000000000000000000000000000000000000000000000000
	0000000000004E0B000075DD00000000000000000000000000000000000000000000000000000000000000000000000000000000000000000000000000000000000000000000000000000000000000000000000000000000000000000000000000000000000000000000000000000000000000000000000000000000000000
	00000000000000000000000000000000000000000000000000000000000000000000000000000000000000000000000000000000000000000000000000000000000000000000000000000000000000000000000000000000000000000000000000000000000000000000000000000000000000000000000000000000000000
	00000000000000000000000000000000000000000000000000000000000000000000000000000000000000000000000000000000000000000000000000000000000000004E0B00005D190000000000000000000000000000000000000000000000000000000000000000000000000000000000000000000000000000000000
	00000000000000000000000000000000000000000000000000000000000000000000000000000000000000000000000000000000000000000000000000000000000000000000000000000000000000000000000000000000000000000000000000000000000000000000000000000000000000000000000000000000000000
	0000000000000000000000000000000000000000000000000000000000000000000000000000000000000000000000000000000000000000000000000000000000000000000000000000000000000000000000000000000000000000000000000000000000000000000000000000000000000000000000000000000000004D
	0000005D190000000000000000000000000000000000000000000000000000000000000000000000000000000000000000000000000000000000000000000000000000000000000000000000000000000000000000000000000000000000000000000000000000000000000000000000000000000000000000000000000000
	00000000000000000000000000000000000000000000000000000000000000000000000000000000000000000000000000000000000000000000000000000000000000000000000000000000000000000000000000000000000000000000000000000000000000000000000000000000000000000000000000000000000000
	0000000000000000000000000000000000000000000000000000000000000000000000000000000000000000000000000000000000000000004D0000005D1900000000000000000000000000000000000000000000000000000000000000000000000000000000000000000000000000000000000000000000000000000000
	00000000000000000000000000000000000000000000000000000000000000000000000000000000000000000000000000000000000000000000000000000000000000000000000000000000000000000000000000000000000000000000000000000000000000000000000000000000000000000000000000000000000000
	000000000000000000000000000000000000000000000000000000000000000000000000000000000000000000000000000000000000000000000000000000000000000000000000000000000000000000000000000000000000000000000000000000000000000000000000000000000000004D0000005D19000000000000
	00000000000000000000000000000000000000000000000000000000000000000000000000000000000000000000000000000000000000000000000000000000000000000000000000000000000000000000000000000000000000000000000000000000000000000000000000000000000000000000000000000000000000
	00000000000000000000000000000000000000000000000000000000000000000000000000000000000000000000000000000000000000000000000000000000000000000000000000000000000000000000000000000000000000000000000000000000000000000000000000000000000000000000000000000000000000
	000000000000000000000000000000000000000000000000000000000000000000000000000000000000000000004D000000CAFF000000000000000000010000000100000000000000000000000000000000000000000000000000000000000000000000000000000000000000000000000000000000000000000000000000
	00000000000000000000000000000000000000000000000000000000000000000000000000000000000000000000000000000000000000000000000000000000000000000000000000000000000000000000000000000000000000000000000000000000000000000000000000000000000000000000000000000000000000
	0000000000000000000000000000000000000000000000000000000000000000000000000000000000000000000000000000000000000000000000000000000000000000000000000000000000000000000000000000000000000000000000000000000000000000000000004E050000CEAE00000000000000000000000000
	00000000000000000000000000000000000000000000000000000000000000000000000000000000000000000000000000000000000000000000000000000000000000000000000000000000000000000000000000000000000000000000000000000000000000000000000000000000000000000000000000000000000000
	00000000000000000000000000000000000000000000000000000000000000000000000000000000000000000000000000000000000000000000000000000000000000000000000000000000000000000000000000000000000000000000000000000000000000000000000000000000000000000000000000000000000000
	000000000000000000000000000000000000000000000000000000000000000000000000000000000000004E05000088EE000000000000000000000000000000000000000000000000000000000000000000000000000000000000000000000000000000000000000000000000000000000000000000000000000000000000
	00000000000000000000000000000000000000000000000000000000000000000000000000000000000000000000000000000000000000000000000000000000000000000000000000000000000000000000000000000000000000000000000000000000000000000000000000000000000000000000000000000000000000
	0000000000000000000000000000000000000000000000000000000000000000000000000000000000000000000000000000000000000000000000000000000000000000000000000000000000000000000000000000000000000000004B06000088EE00000000000000000000000000000000000000000000000000000000
	00000000000000000000000000000000000000000000000000000000000000000000000000000000000000000000000000000000000000000000000000000000000000000000000000000000000000000000000000000000000000000000000000000000000000000000000000000000000000000000000000000000000000
	00000000000000000000000000000000000000000000000000000000000000000000000000000000000000000000000000000000000000000000000000000000000000000000000000000000000000000000000000000000000000000000000000000000000000000000000000000000000000000000000000000000000000
	000000000000000000000000000000004B0600004DBF000000000000000000010000000000000000000000000000000000000000000000000000000000000000000000000000000000000000000000000000000000000000000000000000000000000000000000000000000000000000000000000000000000000000000000
	00000000000000000000000000000000000000000000000000000000000000000000000000000000000000000000000000000000000000000000000000000000000000000000000000000000000000000000000000000000000000000000000000000000000000000000000000000000000000000000000000000000000000
	0000000000000000000000000000000000000000000000000000000000000000000000000000000000000000000000000000000000000000000000000000000000004B0600007BAB00000000000000000000000000000000000000000000000000000000000000000000000000000000000000000000000000000000000000
	00000000000000000000000000000000000000000000000000000000000000000000000000000000000000000000000000000000000000000000000000000000000000000000000000000000000000000000000000000000000000000000000000000000000000000000000000000000000000000000000000000000000000
	000000000000000000000000000000000000000000000000000000000000000000000000000000000000000000000000000000000000000000000000000000000000000000000000000000000000000000000000000000000000000000000000000000000000000048010000BEC20000000000000000000000000001000000
	00000000000000000000000000000000000000000000000000000000000000000000000000000000000000000000000000000000000000000000000000000000000000000000000000000000000000000000000000000000000000000000000000000000000000000000000000000000000000000000000000000000000000
	00000000000000000000000000000000000000000000000000000000000000000000000000000000000000000000000000000000000000000000000000000000000000000000000000000000000000000000000000000000000000000000000000000000000000000000000000000000000000000000000000000000000000
	0000000000000000000000000000000000000000000000000000000000000000000000000000000000000000000000500F00007FC20000000000000000000000000000000000000000000000000000000000000000000000000000000000000000000000000000000000000000000000000000000000000000000000000000
	00000000000000000000000000000000000000000000000000000000000000000000000000000000000000000000000000000000000000000000000000000000000000000000000000000000000000000000000000000000000000000000000000000000000000000000000000000000000000000000000000000000000000
	000000000000000000000000000000000000000000000000000000000000000000000000000000000000000000000000000000000000000000000000000000000000000000000000000000000000000000000000000000000000000000000000000000000000000000000000000000000000000000500F00007FC200000000
	00000000000000000000000000000000000000000000000000000000000000000000000000000000000000000000000000000000000000000000000000000000000000000000000000000000000000000000000000000000000000000000000000000000000000000000000000000000000000000000000000000000000000
	00000000000000000000000000000000000000000000000000000000000000000000000000000000000000000000000000000000000000000000000000000000000000000000000000000000000000000000000000000000000000000000000000000000000000000000000000000000000000000000000000000000000000
	000000000000000000000000000000000000000000000000000000000000000000000000000000000000000000000000000000000000000000000000500F00009B3900000000000000000000000000000000000000000000000000000000000000000000000000000000000000000000000000000000000000000000000000
	00000000000000000000000000000000000000000000000000000000000000000000000000000000000000000000000000000000000000000000000000000000000000000000000000000000000000000000000000000000000000000000000000000000000000000000000000000000000000000000000000000000000000
	00000000000000000000000000000000000000000000000000000000000000000000000000000000000000000000000000000000000000000000000000000000000000000000000000000000000000000000000000000000000000000000000000000000000000000000000000004B1000009B390000000000000000000000
	00000000000000000000000000000000000000000000000000000000000000000000000000000000000000000000000000000000000000000000000000000000000000000000000000000000000000000000000000000000000000000000000000000000000000000000000000000000000000000000000000000000000000
	00000000000000000000000000000000000000000000000000000000000000000000000000000000000000000000000000000000000000000000000000000000000000000000000000000000000000000000000000000000000000000000000000000000000000000000000000000000000000000000000000000000000000
	0000000000000000000000000000000000000000000000000000000000000000004B1000009B3900000000000000000000000000000000000000000000000000000000000000000000000000000000000000000000000000000000000000000000000000000000000000000000000000000000000000000000000000000000
	00000000000000000000000000000000000000000000000000000000000000000000000000000000000000000000000000000000000000000000000000000000000000000000000000000000000000000000000000000000000000000000000000000000000000000000000000000000000000000000000000000000000000
	00000000000000000000000000000000000000000000000000000000000000000000000000000000000000000000000000000000000000000000000000000000000000000000000000000000000000000000004B1000000F790000000000000000000000000000000000000000000000000000000000000000000000000000
	000000000000000000000000000000000000000000000000000000000000000000000000000000000000000000000000000000000000000000000000000000000000000000000000000000000000000000000000000000000000000000000000000000000000000000000000000000000000000000000000280700000F7900
	00000000000000000000000000000000000000000000000000000000000000000000000000000000000000000000000000000000000000000000000000000000000000000000000000000000000000000000000000000000000000000000000000000000000000000000000000000000000000000000000000000000000000
	00000000000000000000000000000000000000000000000000000000000028070000E456000000FFFF06FFFF0083FF00807900807FFC807FFF867FFF8042FF80403880403FFC403FFFC63FFFC022FFC02018C0201FFC201FFFE61FFFE012FFE01008E0100FFC100FFFF60FFFF00BFFF00801F00807FC0807FFFE07FFF8037F
	F80405780403F80403FFFE03FFFC077FFC02017C0201FA0201FFFC01FFFE077FFE01037E0100F80100FFFD00FFFF067FFF00837F00807900807FFC0000000627080000483200000000000000000000010000000000000000008000000000000000004000000000000000000000000000800000000000000000400000000000
	00000000000000208000000000000000004000000000000000002000000000000000000000000000400000100000000000200000000000000000100000000000000000000000000020000000000000080010000000000000000008000000000000000000000000001000000000000000000800040000000000000400000000
	00000000000000000008000000000000000004000000000002000002000000000000000000000000000400000000000000000200000000000000000101000000000000000000000000020000000000000000010000000000000000008000000000000000000000000001000000000000000000800000000000000000400000
	000000000000500A0000781600000000000000008000000000000080004000000000800040000000000000400000000000204000200000000000002000000000000020001010000000000010000000000000100008000000000800080000000000000800040000000000000400040000000004000200000000000002000000
	00000202000100000000000001000000000000010000810000000000008000000000000080004000000000280900009C50000000004000000000200100000000000000000020000080001000000000000000000040100000000008000000000020000000000800000000040010000000000000800004000008000200000000
	40000000000402000000000120000000000200000000010010000000000000000001000008000080000000000000000004008000000000400000000002000000000040000000002001000000000000002802000031DD0000000000000000000100000000000000000000000000000000000000000000000000000000000000
	000000000000000000000000000000000000000000000000000000000000000000000000000000000000000000000000000000000000000000000000000000000000000000000000000000000000000000000000000000000000000000000000000000000000000000000000000000000027030000A7020000000000000000
	00000000000000000000000000000000000000000000000000000000000000000000000000000000000000000000000000000000000000000000000000000000000000000000000000000000000000000000000000000000000000000000000000000000000000000000000000000000000000000000000000000000000000
	00000000000000000000002504000066020000000000000000000000000001000000000000000000000000000000000000000000000000000000000000000000000000000000000000000000000000000000000000000000000000000000000000000000000000000000000000000000000000000000000000000000000000
	00000000000000000000000000000000000000000000000000000000000000000000000025040000AE2600000000000000000000000000000000000000000000000000000000000000000000000000000000000000000000000000000000000000000000000000000000000000000000000000000000000000000000000000
	0000000000000000000000000000000000000000000000000000000000000000000000000000000000000000000000000000000000000000000000000000000000260E0000AE260000000000000000000000000000000000000000000000000000000000000000000000000000000000000000000000000000000000000000
	00000000000000000000000000000000000000000000000000000000000000000000000000000000000000000000000000000000000000000000000000000000000000000000000000000000000000000000000000000000000000000000260E000046FA000000000000000000000000000000000000000000000000000000
	00000000000000000000000000000000000000000000000000000000000000000000000000000000000000000000000000000000000000000000000000000000000000000000000000000000000000000000000000000000000000000000000000000000000000000000000000000000000000000000000000000000000000
	00000000280D0000CEB1000040008100400001020000000200200000202040002000408000000080000000001010000010102000000020400000004008000000080800000008100000001020040000200400000000040000000408000200081002000010000000000002000001020400010004080000000800000000008100
	0000810200000002040000000400400000004080004000810040000102000000020020000000204000280D000046FA0000000000000000000000000000000000000000000000000000000000000000000000000000000000000000000000000000000000000000000000000000000000000000000000000000000000000000
	000000000000000000000000000000000000000000000000000000000000000000000000000000000000000000000000000000000000000000000000000000000000000000000000000000000000280D0000E78100000000000000000000000000000000000000000000000000000000000000000000000000000000000000
	00000000000000000000000000000000000000000000000000000000000000000000000000000000000000000000000000000000000000000000000000000000000000000000000000000000000000000000000000000000000000000000000000000000000000000000000000000000000000000000000000000000000000
	00000000000000000000000000000000000000000000000000000000000000000000000000000000000000000000000000000000000000000000000000000000000000000000000000000000000000000000000000000000000000000000000000000000000000000000000000000000000000000000000000000000000000
	0000000000000000004D0C0000E78100000000000000000000000000000000000000000000000000000000000000000000000000000000000000000000000000000000000000000000000000000000000000000000000000000000000000000000000000000000000000000000000000000000000000000000000000000000
	00000000000000000000000000000000000000000000000000000000000000000000000000000000000000000000000000000000000000000000000000000000000000000000000000000000000000000000000000000000000000000000000000000000000000000000000000000000000000000000000000000000000000
	000000000000000000000000000000000000000000000000000000000000000000000000000000000000000000000000000000000000000000000000000000000000004D0C0000718C000000000000000000010000000100000000000000000000000000000000000000000000000000000000000000000000000000000000
	00000000000000000000000000000000000000000000000000000000000000000000000000000000000000000000000000000000000000000000000000000000000000000000000000000000000000000000000000000000000000000000000000000000000000000000000000000000000000000000000000000000000000
	00000000000000000000000000000000000000000000000000000000000000000000000000000000000000000000000000000000000000000000000000000000000000000000000000000000000000000000000000000000000000000000000000000000000000000000000000000000000000000000000000000000000000
	00004E0B000075DD0000000000000000000000000000000000000000000000000000000000000000000000000000000000000000000000000000000000000000000000000000000000000000000000000000000000000000000000000000000000000000000000000000000000000000000000000000000000000000000000
	00000000000000000000000000000000000000000000000000000000000000000000000000000000000000000000000000000000000000000000000000000000000000000000000000000000000000000000000000000000000000000000000000000000000000000000000000000000000000000000000000000000000000
	000000000000000000000000000000000000000000000000000000000000000000000000000000000000000000000000000000000000000000000000000000004E0B000075DD000000000000000000000000000000000000000000000000000000000000000000000000000000000000000000000000000000000000000000
	00000000000000000000000000000000000000000000000000000000000000000000000000000000000000000000000000000000000000000000000000000000000000000000000000000000000000000000000000000000000000000000000000000000000000000000000000000000000000000000000000000000000000
	0000000000000000000000000000000000000000000000000000000000000000000000000000000000000000000000000000000000000000000000000000000000000000000000000000000000000000000000000000000000000000000000000000000000000000000000000000000000000000000000000000000000004E
	0B00005D190000000000000000000000000000000000000000000000000000000000000000000000000000000000000000000000000000000000000000000000000000000000000000000000000000000000000000000000000000000000000000000000000000000000000000000000000000000000000000000000000000
	00000000000000000000000000000000000000000000000000000000000000000000000000000000000000000000000000000000000000000000000000000000000000000000000000000000000000000000000000000000000000000000000000000000000000000000000000000000000000000000000000000000000000
	0000000000000000000000000000000000000000000000000000000000000000000000000000000000000000000000000000000000000000004D0000005D1900000000000000000000000000000000000000000000000000000000000000000000000000000000000000000000000000000000000000000000000000000000
	00000000000000000000000000000000000000000000000000000000000000000000000000000000000000000000000000000000000000000000000000000000000000000000000000000000000000000000000000000000000000000000000000000000000000000000000000000000000000000000000000000000000000
	000000000000000000000000000000000000000000000000000000000000000000000000000000000000000000000000000000000000000000000000000000000000000000000000000000000000000000000000000000000000000000000000000000000000000000000000000000000000004D0000005D19000000000000
	00000000000000000000000000000000000000000000000000000000000000000000000000000000000000000000000000000000000000000000000000000000000000000000000000000000000000000000000000000000000000000000000000000000000000000000000000000000000000000000000000000000000000
	00000000000000000000000000000000000000000000000000000000000000000000000000000000000000000000000000000000000000000000000000000000000000000000000000000000000000000000000000000000000000000000000000000000000000000000000000000000000000000000000000000000000000
	000000000000000000000000000000000000000000000000000000000000000000000000000000000000000000004D0000005D19000000000000000000000000000000000000000000000000000000000000000000000000000000000000000000000000000000000000000000000000000000000000000000000000000000
	00000000000000000000000000000000000000000000000000000000000000000000000000000000000000000000000000000000000000000000000000000000000000000000000000000000000000000000000000000000000000000000000000000000000000000000000000000000000000000000000000000000000000
	00000000000000000000000000000000000000000000000000000000000000000000000000000000000000000000000000000000000000000000000000000000000000000000000000000000000000000000000000000000000000000000000000000000000000004D000000CEAE0000000000000000000000000000000000
	00000000000000000000000000000000000000000000000000000000000000000000000000000000000000000000000000000000000000000000000000000000000000000000000000000000000000000000000000000000000000000000000000000000000000000000000000000000000000000000000000000000000000
	00000000000000000000000000000000000000000000000000000000000000000000000000000000000000000000000000000000000000000000000000000000000000000000000000000000000000000000000000000000000000000000000000000000000000000000000000000000000000000000000000000000000000
	0000000000000000000000000000000000000000000000000000000000000000000000000000004E050000CEAE00000000000000000000000000000000000000000000000000000000000000000000000000000000000000000000000000000000000000000000000000000000000000000000000000000000000000000000
	00000000000000000000000000000000000000000000000000000000000000000000000000000000000000000000000000000000000000000000000000000000000000000000000000000000000000000000000000000000000000000000000000000000000000000000000000000000000000000000000000000000000000
	00000000000000000000000000000000000000000000000000000000000000000000000000000000000000000000000000000000000000000000000000000000000000000000000000000000000000000000000000000000000000000000000000000000004E05000088EE0000000000000000000000000000000000000000
	00000000000000000000000000000000000000000000000000000000000000000000000000000000000000000000000000000000000000000000000000000000000000000000000000000000000000000000000000000000000000000000000000000000000000000000000000000000000000000000000000000000000000
	00000000000000000000000000000000000000000000000000000000000000000000000000000000000000000000000000000000000000000000000000000000000000000000000000000000000000000000000000000000000000000000000000000000000000000000000000000000000000000000000000000000000000
	0000000000000000000000000000000000000000000000004B06000088EE00000000000000000000000000000000000000000000000000000000000000000000000000000000000000000000000000000000000000000000000000000000000000000000000000000000000000000000000000000000000000000000000000
	00000000000000000000000000000000000000000000000000000000000000000000000000000000000000000000000000000000000000000000000000000000000000000000000000000000000000000000000000000000000000000000000000000000000000000000000000000000000000000000000000000000000000
	00000000000000000000000000000000000000000000000000000000000000000000000000000000000000000000000000000000000000000000000000000000000000000000000000004B06000088EE0000000000000000000000000000000000000000000000000000000000000000000000000000000000000000000000
	00000000000000000000000000000000000000000000000000000000000000000000000000000000000000000000000000000000000000000000000000000000000000000000000000000000000000000000000000000000000000000000000000000000000000000000000000000000000000000000000000000000000000
	000000000000000000000000000000000000000000000000000000000000000000000000000000000000000000000000000000000000000000000000000000000000000000000000000000000000000000000000000000000000000000000000000000000000000000000000000000000000000000000000000000004B0600
	007BAB00000000000000000000000000000000000000000000000000000000000000000000000000000000000000000000000000000000000000000000000000000000000000000000000000000000000000000000000000000000000000000000000000000000000000000000000000000000000000000000000000000000
	00000000000000000000000000000000000000000000000000000000000000000000000000000000000000000000000000000000000000000000000000000000000000000000000000000000000000000000000000000000000000000000000000000000000000000000000000000000000000000000000000000000000000
	0000000000000000000000000000000000000000000000000000000000000000000000480100007FC20000000000000000000000000000000000000000000000000000000000000000000000000000000000000000000000000000000000000000000000000000000000000000000000000000000000000000000000000000
	00000000000000000000000000000000000000000000000000000000000000000000000000000000000000000000000000000000000000000000000000000000000000000000000000000000000000000000000000000000000000000000000000000000000000000000000000000000000000000000000000000000000000
	000000000000000000000000000000000000000000000000000000000000000000000000000000000000000000000000000000000000000000000000000000000000000000000000000000000000000000000000000000000000000000000000000000000000000000500F00007FC200000000000000000000000000000000
	00000000000000000000000000000000000000000000000000000000000000000000000000000000000000000000000000000000000000000000000000000000000000000000000000000000000000000000000000000000000000000000000000000000000000000000000000000000000000000000000000000000000000
	00000000000000000000000000000000000000000000000000000000000000000000000000000000000000000000000000000000000000000000000000000000000000000000000000000000000000000000000000000000000000000000000000000000000000000000000000000000000000000000000000000000000000
	000000000000000000000000000000000000000000000000000000000000000000000000000000000000000000000000500F00007FC200000000000000000000000000000000000000000000000000000000000000000000000000000000000000000000000000000000000000000000000000000000000000000000000000
	00000000000000000000000000000000000000000000000000000000000000000000000000000000000000000000000000000000000000000000000000000000000000000000000000000000000000000000000000000000000000000000000000000000000000000000000000000000000000000000000000000000000000
	00000000000000000000000000000000000000000000000000000000000000000000000000000000000000000000000000000000000000000000000000000000000000000000000000000000000000000000000000000000000000000000000000000000000000000000000000000000000000000000500F00002F4D000000
	00000000000000000000000000000000000000000000000000000000000000000000000000000000000000000000000000000000000000000000000000000000000000000000000000000000000000000000000000000000000000000000000000000000000000000000000000000000000000000000000000000000000000
	00000000000000000000000000000000000000000000000000000000000000000000000000000000000000000000000000000000000000000000000000000000000000000000000000000000000000000000000000000000000000000000000000000000000000000000000000000000000000000000000000000000000000
	0000000000000000000000000000000000000000000000000000000000000000000000000000000000000000000000000000000000000000004F350000E6400000000028000802000001800014000401005000C001000002000028006002000000000014008401000000C0000A000200802800600100000100001400300100
	000040000A008200800100600004000100401400300000000080000A001800800000600005000100400000300002000080200A001800000000408005000C004000003000028000802000001800010000401005002C004000202000028006002000009800014000401000000C00000000000802800600200000100001400340
	1000000C0000A000200800000600008000100401400300100000080000A001200800000600005000100400400300008000080200A0018008000004000050001004000083000028000802002001800000000401005000C004000002000028000802000081800014000401005000C0000000020000280060020000014F350000
	E8760000000028000802000001800014000401005000C000000002000028006002000000000014008401000000C0000A000200802800600000000100001400300100000040000A008200800000600004000100401400300000000080000A001800800000600005000100400000300002000080200A00180000000040800500
	0C004000003000028000802000001800010000401005000C004000002000028006002000009800014000401000000C000000002008028006002000001000014003401000000C0000A0002008000006000080001004014003021000000A0000A001200800000600005000100400400300000000080000A00181080000050000
	50001004000003000028000802002001800000000400005000C004000002000028000802000001800014000401005000C0000000020000280060020000014F350000A3420000000000000000000000000000008000800000000100400040000000000000000000000000008000810000000000400040000000000000000000
	00008000800000000000000040004100000000000000800000000000800000000000400040000000000000000000800080000000000040000000000040000000000000008000800000000000000040004000000000000000000000008000000000000000400040000000000000000000000000008000000000000000400000
	00000000000000000000000000000000000000000040000000000040000000000000000000000000000000000000004000000000800000000000002000000000000000000000004000400000000000200000000080000000000000000040004000000000000000008020000000000000000000000040004000000000002000
	204F3500009B39000000000000000000000000000000000000000000000000000000000000000000000000000000000000000000000000000000000000000000000000000000000000000000000000000000000000000000000000000000000000000000000000000000000000000000000000000000000000000000000000
	00000000000000000000000000000000000000000000000000000000000000000000000000000000000000000000000000000000000000000000000000000000000000000000000000000000000000000000000000000000000000000000000000000000000000000000000000000000000000000000000000000000000000
	0000000000000000000000000000000000000000000000000000000000000000000000000000000000000000000000000000004B1000009B3900000000000000000000000000000000000000000000000000000000000000000000000000000000000000000000000000000000000000000000000000000000000000000000
	00000000000000000000000000000000000000000000000000000000000000000000000000000000000000000000000000000000000000000000000000000000000000000000000000000000000000000000000000000000000000000000000000000000000000000000000000000000000000000000000000000000000000
	00000000000000000000000000000000000000000000000000000000000000000000000000000000000000000000000000000000000000000000000000000000000000000000000000000000000000000000000000000000000000000000000000000000004B10000088A10000000000000000000100000000000000000000
	00000000000000000000000000000000000000000000000000000000000000000000000000000000000000000000000000000000000000000000000000000000000000000000000000000000000000000000000000000000000000000000000000000000000000000000000000000000000000000000000000000000000000
	00000000000000000000000000000000000000000000000000000000000000000000000000000000000000000000000000000000000000000000000000000000000000000000000000000000000000000000000000000000000000000000000000000000000000000000000000000000000000000000000000000000000000
	0000000000000000000000008000000000000000000000004B1000000F7900000000000000000000000000000000000000000000000000000000000000000000000000000000000000000000000000000000000000000000000000000000000000000000000000000000000000000000000000000000000000000000000000
	0000000000000000000000000000000000000000000000000000000000000000000000000000000000000000000000000000000000000000000000000028070000E011000000000000000000000000000100000000000000000000000000000000000000000000000000000000000000000000000000000000000000000000
	000000000000000000000000000000000000000000000000000000000000000000000000000000000000000000000000000000000000000000000000000000000000000000000000000000000000000000008000000000000000000000000000000028070000E007000000FFFF06FFFF0082FF00807800807FFC807FFF867F
	FF8042FF80403880403FFC403FFFC63FFFC022FFC02018C0201FFC201FFFE61FFFE012FFE01008E0100FFC100FFFF60FFFF00BFFF00801F00807FC0807FFFE07FFF8037FF80405780403F80403FFFE03FFFC077FFC02017C0201FA0201FFFC01FFFE077FFE01037E0100F80100FFFD00FFFF067FFF00837F00807900807FFC
	00000006270800004832000000000000000000000100000000000000000080000000000000000040000000000000000000000000008000000000000000004000000000000000000000000020800000000000000000400000000000000000200000000000000000000000000040000010000000000020000000000000000010
	00000000000000000000000000200000000000000800100000000000000000080000000000000000000000000010000000000000000008000400000000000004000000000000000000000000000800000000000000000400000000000200000200000000000000000000000000040000000000000000020000000000000000
	0101000000000000000000000000020000000000000000010000000000000000008000000000000000000000000001000000000000000000800000000000000000400000000000000000500A000078160000000000000000800000000000008000400000000080004000000000000040000000000020400020000000000000
	200000000000002000101000000000001000000000000010000800000000080008000000000000080004000000000000040004000000000400020000000000000200000000000202000100000000000001000000000000010000810000000000008000000000000080004000000000280900009C5000000000400000000020
	01000000000000000000200000800010000000000000000000401000000000080000000000200000000008000000000400100000000000008000040000080002000000004000000000040200000000012000000000020000000001001000000000000000000100000800008000000000000000000400800000000040000000
	00020000000000400000000020010000000000000028020000F48C00000000000000000000000000000000000000000000000000000000000000000000000000000000000000000000000000000000000000000000000000000000000000000000000000000000000000000000000000000000000000000000000000000000
	00000000000000000000000000000000000000000000000000000000000000000000000000000000000000000000000000000000000027030000A70200000000000000000000000000000000000000000000000000000000000000000000000000000000000000000000000000000000000000000000000000000000000000
	0000000000000000000000000000000000000000000000000000000000000000000000000000000000000000000000000000000000000000000000000000000000000000000000000000000000000025040000A702000000000000000000000000000000000000000000000000000000000000000000000000000000000000
	0000000000000000000000000000000000000000000000000000000000000000000000000000000000000000000000000000000000000000000000000000000000000000000000000000000000000000000000000000000000000000000000000000000000000000250400000D4A0000000000000000000100000001000000
	00000000000000000000000000000000000000000000000000000000000000000000000000000000000000000000000000000000000000000000000000000000000000000000000000000000000000000000000000000000000000000000000000000000000000000000000000000000000000000080000000800000000000
	000000000000260E0000AE2600000000000000000000000000000000000000000000000000000000000000000000000000000000000000000000000000000000000000000000000000000000000000000000000000000000000000000000000000000000000000000000000000000000000000000000000000000000000000
	0000000000000000000000000000000000000000000000000000000000000000000000260E000046FA0000000000000000000000000000000000000000000000000000000000000000000000000000000000000000000000000000000000000000000000000000000000000000000000000000000000000000000000000000
	000000000000000000000000000000000000000000000000000000000000000000000000000000000000000000000000000000000000000000000000000000000000000000000000280D0000CEB100004000810040000102000000020020000020204000200040800000008000000000101000001010200000002040000000
	40080000000808000000081000000010200400002004000000000400000004080002000810020000100000000000020000010204000100040800000008000000000081000000810200000002040000000400400000004080004000810040000102000000020020000000204000280D0000EAD7000000000000000000010000
	00000000000000000000000000000000000000000000000000000000000000000000000000000000000000000000000000000000000000000000000000000000000000000000000000000000000000000000000000000000000000000000000000000000000000000000000000000000000000000000000000000000000000
	00000000000000800000000000000000000000280D0000E781000000000000000000000000000000000000000000000000000000000000000000000000000000000000000000000000000000000000000000000000000000000000000000000000000000000000000000000000000000000000000000000000000000000000
	00000000000000000000000000000000000000000000000000000000000000000000000000000000000000000000000000000000000000000000000000000000000000000000000000000000000000000000000000000000000000000000000000000000000000000000000000000000000000000000000000000000000000
	00000000000000000000000000000000000000000000000000000000000000000000000000000000000000000000000000000000000000000000000000000000000000000000000000000000004D0C0000425F0000000000000000000000000001000000000000000000000000000000000000000000000000000000000000
	00000000000000000000000000000000000000000000000000000000000000000000000000000000000000000000000000000000000000000000000000000000000000000000000000000000000000000000000000000000000000000000000000000000000000000000000000000000000000000000000000000000000000
	00000000000000000000000000000000000000000000000000000000000000000000000000000000000000000000000000000000000000000000000000000000000000000000000000000000000000000000000000000000000000000000000000000000000000000000000000000000000000000000008000000000000000
	00000000000000004D0C000075DD0000000000000000000000000000000000000000000000000000000000000000000000000000000000000000000000000000000000000000000000000000000000000000000000000000000000000000000000000000000000000000000000000000000000000000000000000000000000
	00000000000000000000000000000000000000000000000000000000000000000000000000000000000000000000000000000000000000000000000000000000000000000000000000000000000000000000000000000000000000000000000000000000000000000000000000000000000000000000000000000000000000
	000000000000000000000000000000000000000000000000000000000000000000000000000000000000000000000000000000000000000000000000000000000000000000004E0B000075DD000000000000000000000000000000000000000000000000000000000000000000000000000000000000000000000000000000
	00000000000000000000000000000000000000000000000000000000000000000000000000000000000000000000000000000000000000000000000000000000000000000000000000000000000000000000000000000000000000000000000000000000000000000000000000000000000000000000000000000000000000
	00000000000000000000000000000000000000000000000000000000000000000000000000000000000000000000000000000000000000000000000000000000000000000000000000000000000000000000000000000000000000000000000000000000000000000000000000000000000000000000000000000000000000
	00000000004E0B000075DD0000000000000000000000000000000000000000000000000000000000000000000000000000000000000000000000000000000000000000000000000000000000000000000000000000000000000000000000000000000000000000000000000000000000000000000000000000000000000000
	00000000000000000000000000000000000000000000000000000000000000000000000000000000000000000000000000000000000000000000000000000000000000000000000000000000000000000000000000000000000000000000000000000000000000000000000000000000000000000000000000000000000000
	000000000000000000000000000000000000000000000000000000000000000000000000000000000000000000000000000000000000000000000000000000000000004E0B00005D19000000000000000000000000000000000000000000000000000000000000000000000000000000000000000000000000000000000000
	00000000000000000000000000000000000000000000000000000000000000000000000000000000000000000000000000000000000000000000000000000000000000000000000000000000000000000000000000000000000000000000000000000000000000000000000000000000000000000000000000000000000000
	00000000000000000000000000000000000000000000000000000000000000000000000000000000000000000000000000000000000000000000000000000000000000000000000000000000000000000000000000000000000000000000000000000000000000000000000000000000000000000000000000000000004D00
	00005D19000000000000000000000000000000000000000000000000000000000000000000000000000000000000000000000000000000000000000000000000000000000000000000000000000000000000000000000000000000000000000000000000000000000000000000000000000000000000000000000000000000
	00000000000000000000000000000000000000000000000000000000000000000000000000000000000000000000000000000000000000000000000000000000000000000000000000000000000000000000000000000000000000000000000000000000000000000000000000000000000000000000000000000000000000
	00000000000000000000000000000000000000000000000000000000000000000000000000000000000000000000000000000000000000004D0000005D190000000000000000000000000000000000000000000000000000000000000000000000000000000000000000000000000000000000000000000000000000000000
	00000000000000000000000000000000000000000000000000000000000000000000000000000000000000000000000000000000000000000000000000000000000000000000000000000000000000000000000000000000000000000000000000000000000000000000000000000000000000000000000000000000000000
	0000000000000000000000000000000000000000000000000000000000000000000000000000000000000000000000000000000000000000000000000000000000000000000000000000000000000000000000000000000000000000000000000000000000000000000000000000000000004D0000005D1900000000000000
	00000000000000000000000000000000000000000000000000000000000000000000000000000000000000000000000000000000000000000000000000000000000000000000000000000000000000000000000000000000000000000000000000000000000000000000000000000000000000000000000000000000000000
	00000000000000000000000000000000000000000000000000000000000000000000000000000000000000000000000000000000000000000000000000000000000000000000000000000000000000000000000000000000000000000000000000000000000000000000000000000000000000000000000000000000000000
	0000000000000000000000000000000000000000000000000000000000000000000000000000000000000000004D0000002B2D00000000000000000001000000010000000000000000000000000000000000000000000000000000000000000000000000000000000000000000000000000000000000000000000000000000
	00000000000000000000000000000000000000000000000000000000000000000000000000000000000000000000000000000000000000000000000000000000000000000000000000000000000000000000000000000000000000000000000000000000000000000000000000000000000000000000000000000000000000
	00000000000000000000000000000000000000000000000000000000000000000000000000000000000000000000000000000000000000000000000000000000000000000000000000000000000000000000000000000000000000800000008000000000000000000000004E050000CEAE0000000000000000000000000000
	00000000000000000000000000000000000000000000000000000000000000000000000000000000000000000000000000000000000000000000000000000000000000000000000000000000000000000000000000000000000000000000000000000000000000000000000000000000000000000000000000000000000000
	00000000000000000000000000000000000000000000000000000000000000000000000000000000000000000000000000000000000000000000000000000000000000000000000000000000000000000000000000000000000000000000000000000000000000000000000000000000000000000000000000000000000000
	0000000000000000000000000000000000000000000000000000000000000000000000000000000000004E05000088EE00000000000000000000000000000000000000000000000000000000000000000000000000000000000000000000000000000000000000000000000000000000000000000000000000000000000000
	00000000000000000000000000000000000000000000000000000000000000000000000000000000000000000000000000000000000000000000000000000000000000000000000000000000000000000000000000000000000000000000000000000000000000000000000000000000000000000000000000000000000000
	00000000000000000000000000000000000000000000000000000000000000000000000000000000000000000000000000000000000000000000000000000000000000000000000000000000000000000000000000000000000000004B06000088EE0000000000000000000000000000000000000000000000000000000000
	00000000000000000000000000000000000000000000000000000000000000000000000000000000000000000000000000000000000000000000000000000000000000000000000000000000000000000000000000000000000000000000000000000000000000000000000000000000000000000000000000000000000000
	00000000000000000000000000000000000000000000000000000000000000000000000000000000000000000000000000000000000000000000000000000000000000000000000000000000000000000000000000000000000000000000000000000000000000000000000000000000000000000000000000000000000000
	0000000000000000000000000000004B0600009B7600000000000000000001000000000000000000000000000000000000000000000000000000000000000000000000000000000000000000000000000000000000000000000000000000000000000000000000000000000000000000000000000000000000000000000000
	00000000000000000000000000000000000000000000000000000000000000000000000000000000000000000000000000000000000000000000000000000000000000000000000000000000000000000000000000000000000000000000000000000000000000000000000000000000000000000000000000000000000000
	00000000000000000000000000000000000000000000000000000000000000000000000000000000000000000000000000000000008000000000000000000000004B0600007BAB0000000000000000000000000000000000000000000000000000000000000000000000000000000000000000000000000000000000000000
	00000000000000000000000000000000000000000000000000000000000000000000000000000000000000000000000000000000000000000000000000000000000000000000000000000000000000000000000000000000000000000000000000000000000000000000000000000000000000000000000000000000000000
	0000000000000000000000000000000000000000000000000000000000000000000000000000000000000000000000000000000000000000000000000000000000000000000000000000000000000000000000000000000000000000000000000000000000000048010000E602000000000000000000000000000100000000
	00000000000000000000000000000000000000000000000000000000000000000000000000000000000000000000000000000000000000000000000000000000000000000000000000000000000000000000000000000000000000000000000000000000000000000000000000000000000000000000000000000000000000
	00000000000000000000000000000000000000000000000000000000000000000000000000000000000000000000000000000000000000000000000000000000000000000000000000000000000000000000000000000000000000000000000000000000000000000000000000000000000000000000000000000000000000
	00000000000000000000000000000000000000000000000000000000000080000000000000000000000000000000500F00007FC2000000000000000000000000000000000000000000000000000000000000000000000000000000000000000000000000000000000000000000000000000000000000000000000000000000
	00000000000000000000000000000000000000000000000000000000000000000000000000000000000000000000000000000000000000000000000000000000000000000000000000000000000000000000000000000000000000000000000000000000000000000000000000000000000000000000000000000000000000
	0000000000000000000000000000000000000000000000000000000000000000000000000000000000000000000000000000000000000000000000000000000000000000000000000000000000000000000000000000000000000000000000000000000000000000000000000000000000000000500F00007FC20000000000
	00000000000000000000000000000000000000000000000000000000000000000000000000000000000000000000000000000000000000000000000000000000000000000000000000000000000000000000000000000000000000000000000000000000000000000000000000000000000000000000000000000000000000
	00000000000000000000000000000000000000000000000000000000000000000000000000000000000000000000000000000000000000000000000000000000000000000000000000000000000000000000000000000000000000000000000000000000000000000000000000000000000000000000000000000000000000
	0000000000000000000000000000000000000000000000000000000000000000000000000000000000000000000000000000000000000000000000500F00009B390000000000000000000000000000000000000000000000000000000000000000000000000000000000000000000000000000000000000000000000000000
	00000000000000000000000000000000000000000000000000000000000000000000000000000000000000000000000000000000000000000000000000000000000000000000000000000000000000000000000000000000000000000000000000000000000000000000000000000000000000000000000000000000000000
	000000000000000000000000000000000000000000000000000000000000000000000000000000000000000000000000000000000000000000000000000000000000000000000000000000000000000000000000000000000000000000000000000000000000000000000000004B1000009B39000000000000000000000000
	00000000000000000000000000000000000000000000000000000000000000000000000000000000000000000000000000000000000000000000000000000000000000000000000000000000000000000000000000000000000000000000000000000000000000000000000000000000000000000000000000000000000000
	00000000000000000000000000000000000000000000000000000000000000000000000000000000000000000000000000000000000000000000000000000000000000000000000000000000000000000000000000000000000000000000000000000000000000000000000000000000000000000000000000000000000000
	00000000000000000000000000000000000000000000000000000000000000004B1000009B390000000000000000000000000000000000000000000000000000000000000000000000000000000000000000000000000000000000000000000000000000000000000000000000000000000000000000000000000000000000
	00000000000000000000000000000000000000000000000000000000000000000000000000000000000000000000000000000000000000000000000000000000000000000000000000000000000000000000000000000000000000000000000000000000000000000000000000000000000000000000000000000000000000
	000000000000000000000000000000000000000000000000000000000000000000000000000000000000000000000000000000000000000000000000000000000000000000000000000000000000000000004B1000000F79000000000000000000000000000000000000000000000000000000000000000000000000000000
	0000000000000000000000000000000000000000000000000000000000000000000000000000000000000000000000000000000000000000000000000000000000000000000000000000000000000000000000000000000000000000000000000000000000000000000000000000000000000000000000280700000F790000
	00000000000000000000000000000000000000000000000000000000000000000000000000000000000000000000000000000000000000000000000000000000000000000000000000000000000000000000000000000000000000000000000000000000000000000000000000000000000000000000000000000000000000
	000000000000000000000000000000000000000000000000000000000028070000ABEA000000FFFF06FFFF0083FF00807900807FFC807FFF867FFF8042FF80403880403FFC403FFFC63FFFC022FFC02018C0201FFC201FFFE61FFFE012FFE01008E0100FFC100FFFF60FFFF00BFFF00801F00807FC0807FFFE07FFF8037FF8
	0405780403F80403FFFE03FFFC077FFC02017C0201FA0201FFFC01FFFE077FFE01037E0100F80100FFFD00FFFF06FFFF0083FF00807900807FFC000000062708000048320000000000000000000001000000000000000000800000000000000000400000000000000000000000000080000000000000000040000000000000
	00000000000020800000000000000000400000000000000000200000000000000000000000000040000010000000000020000000000000000010000000000000000000000000002000000000000008001000000000000000000800000000000000000000000000100000000000000000080004000000000000040000000000
	00000000000000000800000000000000000400000000000200000200000000000000000000000000040000000000000000020000000000000000010100000000000000000000000002000000000000000001000000000000000000800000000000000000000000000100000000000000000080000000000000000040000000
	0000000000500A000078160000000000000000800000000000008000400000000080004000000000000040000000000020400020000000000000200000000000002000101000000000001000000000000010000800000000080008000000000000080004000000000000040004000000000400020000000000000200000000
	000202000100000000000001000000000000010000810000000000008000000000000080004000000000280900009C5000000000400000000020010000000000000000002000008000100000000000000000004010000000000800000000002000000000080000000004001000000000000080000400000800020000000040
	00000000040200000000012000000000020000000001001000000000000000000100000800008000000000000000000400800000000040000000000200000000004000000000200100000000000000280200001FB5000000000000000000010000000000000000000000000000000000000000000000000000000000000000
	0000000000000000000000000000000000000000000000000000000000000000000000000000000000000000000000000000000000000000000000000000000000000000000000000000000000000000000000000000000000000000000000000000000080000000000000000000000027030000A702000000000000000000
	00000000000000000000000000000000000000000000000000000000000000000000000000000000000000000000000000000000000000000000000000000000000000000000000000000000000000000000000000000000000000000000000000000000000000000000000000000000000000000000000000000000000000
	0000000000000000000025040000BA83000000000000000000000000000100000000000000000000000000000000000000000000000000000000000000000000000000000000000000000000000000000000000000000000000000000000000000000000000000000000000000000000000000000000000000000000000000
	000000000000000000000000000000000000008000000000000000000000000000000025040000AE260000000000000000000000000000000000000000000000000000000000000000000000000000000000000000000000000000000000000000000000000000000000000000000000000000000000000000000000000000
	00000000000000000000000000000000000000000000000000000000000000000000000000000000000000000000000000000000000000000000000000000000260E0000AE26000000000000000000000000000000000000000000000000000000000000000000000000000000000000000000000000000000000000000000
	000000000000000000000000000000000000000000000000000000000000000000000000000000000000000000000000000000000000000000000000000000000000000000000000000000000000000000000000000000000000000000260E000046FA00000000000000000000000000000000000000000000000000000000
	00000000000000000000000000000000000000000000000000000000000000000000000000000000000000000000000000000000000000000000000000000000000000000000000000000000000000000000000000000000000000000000000000000000000000000000000000000000000000000000000000000000000000
	000000280D0000CEB100004000810040000102000000020020000020204000200040800000008000000000101000001010200000002040000000400800000008080000000810000000102004000020040000000004000000040800020008100200001000000000000200000102040001000408000000080000000000810000
	00810200000002040000000400400000004080004000810040000102000000020020000000204000280D000046FA000000000000000000000000000000000000000000000000000000000000000000000000000000000000000000000000000000000000000000000000000000000000000000000000000000000000000000
	0000000000000000000000000000000000000000000000000000000000000000000000000000000000000000000000000000000000000000000000000000000000000000000000000000000000280D0000E7810000000000000000000000000000000000000000000000000000000000000000000000000000000000000000
	00000000000000000000000000000000000000000000000000000000000000000000000000000000000000000000000000000000000000000000000000000000000000000000000000000000000000000000000000000000000000000000000000000000000000000000000000000000000000000000000000000000000000
	00000000000000000000000000000000000000000000000000000000000000000000000000000000000000000000000000000000000000000000000000000000000000000000000000000000000000000000000000000000000000000000000000000000000000000000000000000000000000000000000000000000000000
	00000000000000004D0C0000E7810000000000000000000000000000000000000000000000000000000000000000000000000000000000000000000000000000000000000000000000000000000000000000000000000000000000000000000000000000000000000000000000000000000000000000000000000000000000
	00000000000000000000000000000000000000000000000000000000000000000000000000000000000000000000000000000000000000000000000000000000000000000000000000000000000000000000000000000000000000000000000000000000000000000000000000000000000000000000000000000000000000
	0000000000000000000000000000000000000000000000000000000000000000000000000000000000000000000000000000000000000000000000000000000000004D0C0000905E00000000000000000001000000010000000000000000000000000000000000000000000000000000000000000000000000000000000000
	00000000000000000000000000000000000000000000000000000000000000000000000000000000000000000000000000000000000000000000000000000000000000000000000000000000000000000000000000000000000000000000000000000000000000000000000000000000000000000000000000000000000000
	00000000000000000000000000000000000000000000000000000000000000000000000000000000000000000000000000000000000000000000000000000000000000000000000000000000000000000000000000000000000000000000000000000000000000000000000000000000800000008000000000000000000000
	004E0B000075DD000000000000000000000000000000000000000000000000000000000000000000000000000000000000000000000000000000000000000000000000000000000000000000000000000000000000000000000000000000000000000000000000000000000000000000000000000000000000000000000000
	00000000000000000000000000000000000000000000000000000000000000000000000000000000000000000000000000000000000000000000000000000000000000000000000000000000000000000000000000000000000000000000000000000000000000000000000000000000000000000000000000000000000000
	0000000000000000000000000000000000000000000000000000000000000000000000000000000000000000000000000000000000000000000000000000004E0B000075DD00000000000000000000000000000000000000000000000000000000000000000000000000000000000000000000000000000000000000000000
	00000000000000000000000000000000000000000000000000000000000000000000000000000000000000000000000000000000000000000000000000000000000000000000000000000000000000000000000000000000000000000000000000000000000000000000000000000000000000000000000000000000000000
	00000000000000000000000000000000000000000000000000000000000000000000000000000000000000000000000000000000000000000000000000000000000000000000000000000000000000000000000000000000000000000000000000000000000000000000000000000000000000000000000000000000004E0B
	00005D19000000000000000000000000000000000000000000000000000000000000000000000000000000000000000000000000000000000000000000000000000000000000000000000000000000000000000000000000000000000000000000000000000000000000000000000000000000000000000000000000000000
	00000000000000000000000000000000000000000000000000000000000000000000000000000000000000000000000000000000000000000000000000000000000000000000000000000000000000000000000000000000000000000000000000000000000000000000000000000000000000000000000000000000000000
	00000000000000000000000000000000000000000000000000000000000000000000000000000000000000000000000000000000000000004D0000006F330000000000000000000100000000000000000000000000000000000000000000000000000000000000000000000000000000000000000000000000000000000000
	00000000000000000000000000000000000000000000000000000000000000000000000000000000000000000000000000000000000000000000000000000000000000000000000000000000000000000000000000000000000000000000000000000000000000000000000000000000000000000000000000000000000000
	0000000000000000000000000000000000000000000000000000000000000000000000000000000000000000000000000000000000000000000000000000000000000000000000000000000000000000000000000000000000000000000000000000000000008000000000000000000000004D0000005D1900000000000000
	00000000000000000000000000000000000000000000000000000000000000000000000000000000000000000000000000000000000000000000000000000000000000000000000000000000000000000000000000000000000000000000000000000000000000000000000000000000000000000000000000000000000000
	00000000000000000000000000000000000000000000000000000000000000000000000000000000000000000000000000000000000000000000000000000000000000000000000000000000000000000000000000000000000000000000000000000000000000000000000000000000000000000000000000000000000000
	0000000000000000000000000000000000000000000000000000000000000000000000000000000000000000004D000000F8C700000000000000000000000000010000000000000000000000000000000000000000000000000000000000000000000000000000000000000000000000000000000000000000000000000000
	00000000000000000000000000000000000000000000000000000000000000000000000000000000000000000000000000000000000000000000000000000000000000000000000000000000000000000000000000000000000000000000000000000000000000000000000000000000000000000000000000000000000000
	000000000000000000000000000000000000000000000000000000000000000000000000000000000000000000000000000000000000000000000000000000000000000000000000000000000000000000000000000000800000000000000000000000000000004D000000CEAE000000000000000000000000000000000000
	00000000000000000000000000000000000000000000000000000000000000000000000000000000000000000000000000000000000000000000000000000000000000000000000000000000000000000000000000000000000000000000000000000000000000000000000000000000000000000000000000000000000000
	00000000000000000000000000000000000000000000000000000000000000000000000000000000000000000000000000000000000000000000000000000000000000000000000000000000000000000000000000000000000000000000000000000000000000000000000000000000000000000000000000000000000000
	00000000000000000000000000000000000000000000000000000000000000000000000000004E050000CEAE0000000000000000000000000000000000000000000000000000000000000000000000000000000000000000000000000000000000000000000000000000000000000000000000000000000000000000000000
	00000000000000000000000000000000000000000000000000000000000000000000000000000000000000000000000000000000000000000000000000000000000000000000000000000000000000000000000000000000000000000000000000000000000000000000000000000000000000000000000000000000000000
	000000000000000000000000000000000000000000000000000000000000000000000000000000000000000000000000000000000000000000000000000000000000000000000000000000000000000000000000000000000000000000000000000000004E05000088EE000000000000000000000000000000000000000000
	00000000000000000000000000000000000000000000000000000000000000000000000000000000000000000000000000000000000000000000000000000000000000000000000000000000000000000000000000000000000000000000000000000000000000000000000000000000000000000000000000000000000000
	00000000000000000000000000000000000000000000000000000000000000000000000000000000000000000000000000000000000000000000000000000000000000000000000000000000000000000000000000000000000000000000000000000000000000000000000000000000000000000000000000000000000000
	00000000000000000000000000000000000000000000004B06000088EE0000000000000000000000000000000000000000000000000000000000000000000000000000000000000000000000000000000000000000000000000000000000000000000000000000000000000000000000000000000000000000000000000000
	00000000000000000000000000000000000000000000000000000000000000000000000000000000000000000000000000000000000000000000000000000000000000000000000000000000000000000000000000000000000000000000000000000000000000000000000000000000000000000000000000000000000000
	000000000000000000000000000000000000000000000000000000000000000000000000000000000000000000000000000000000000000000000000000000000000000000000000004B06000088EE000000000000000000000000000000000000000000000000000000000000000000000000000000000000000000000000
	00000000000000000000000000000000000000000000000000000000000000000000000000000000000000000000000000000000000000000000000000000000000000000000000000000000000000000000000000000000000000000000000000000000000000000000000000000000000000000000000000000000000000
	0000000000000000000000000000000000000000000000000000000000000000000000000000000000000000000000000000000000000000000000000000000000000000000000000000000000000000000000000000000000000000000000000000000000000000000000000000000000000000000000000000004B060000
	7BAB0000000000000000000000000000000000000000000000000000000000000000000000000000000000000000000000000000000000000000000000000000000000000000000000000000000000000000000000000000000000000000000000000000000000000000000000000000000000000000000000000000000000
	00000000000000000000000000000000000000000000000000000000000000000000000000000000000000000000000000000000000000000000000000000000000000000000000000000000000000000000000000000000000000000000000000000000000000000000000000000000000000000000000000000000000000
	00000000000000000000000000000000000000000000000000000000000000000000480100007FC2000000000000000000000000000000000000000000000000000000000000000000000000000000000000000000000000000000000000000000000000000000000000000000000000000000000000000000000000000000
	00000000000000000000000000000000000000000000000000000000000000000000000000000000000000000000000000000000000000000000000000000000000000000000000000000000000000000000000000000000000000000000000000000000000000000000000000000000000000000000000000000000000000
	0000000000000000000000000000000000000000000000000000000000000000000000000000000000000000000000000000000000000000000000000000000000000000000000000000000000000000000000000000000000000000000000000000000000000000500F0000F0EE0000000000000000000100000001000000
	00000000000000000000000000000000000000000000000000000000000000000000000000000000000000000000000000000000000000000000000000000000000000000000000000000000000000000000000000000000000000000000000000000000000000000000000000000000000000000000000000000000000000
	00000000000000000000000000000000000000000000000000000000000000000000000000000000000000000000000000000000000000000000000000000000000000000000000000000000000000000000000000000000000000000000000000000000000000000000000000000000000000000000000000000000000000
	0000000000000000000000000000000000000000000000000000000000000080000000800000000000000000000000500F00007FC20000000000000000000000000000000000000000000000000000000000000000000000000000000000000000000000000000000000000000000000000000000000000000000000000000
	00000000000000000000000000000000000000000000000000000000000000000000000000000000000000000000000000000000000000000000000000000000000000000000000000000000000000000000000000000000000000000000000000000000000000000000000000000000000000000000000000000000000000
	000000000000000000000000000000000000000000000000000000000000000000000000000000000000000000000000000000000000000000000000000000000000000000000000000000000000000000000000000000000000000000000000000000000000000000000000000000000000000000500F00009B3900000000
	00000000000000000000000000000000000000000000000000000000000000000000000000000000000000000000000000000000000000000000000000000000000000000000000000000000000000000000000000000000000000000000000000000000000000000000000000000000000000000000000000000000000000
	00000000000000000000000000000000000000000000000000000000000000000000000000000000000000000000000000000000000000000000000000000000000000000000000000000000000000000000000000000000000000000000000000000000000000000000000000000000000000000000000000000000000000
	000000000000000000000000000000000000000000000000000000000000000000000000000000004B1000009B39000000000000000000000000000000000000000000000000000000000000000000000000000000000000000000000000000000000000000000000000000000000000000000000000000000000000000000
	00000000000000000000000000000000000000000000000000000000000000000000000000000000000000000000000000000000000000000000000000000000000000000000000000000000000000000000000000000000000000000000000000000000000000000000000000000000000000000000000000000000000000
	0000000000000000000000000000000000000000000000000000000000000000000000000000000000000000000000000000000000000000000000000000000000000000000000000000000000000000000000000000000000004B1000005E6800000000000000000001000000000000000000000000000000000000000000
	00000000000000000000000000000000000000000000000000000000000000000000000000000000000000000000000000000000000000000000000000000000000000000000000000000000000000000000000000000000000000000000000000000000000000000000000000000000000000000000000000000000000000
	00000000000000000000000000000000000000000000000000000000000000000000000000000000000000000000000000000000000000000000000000000000000000000000000000000000000000000000000000000000000000000000000000000000000000000000000000000000000000000000000000000000000000
	000000000000000000000000004B1000000F79000000000000000000000000000000000000000000000000000000000000000000000000000000000000000000000000000000000000000000000000000000000000000000000000000000000000000000000000000000000000000000000000000000000000000000000000
	000000000000000000000000000000000000000000000000000000000000000000000000000000000000000000000000000028070000CE790000000000000000000000000001000000000000000000000000000000000000000000000000000000000000000000000000000000000000000000000000000000000000000000
	00000000000000000000000000000000000000000000000000000000000000000000000000000000000000000000000000000000000000000000000000000000000000000000000000000000000000000000000000000028070000E007000000FFFF06FFFF0082FF00807800807FFC807FFF867FFF8042FF80403880403FFC
	403FFFC63FFFC022FFC02018C0201FFC201FFFE61FFFE012FFE01008E0100FFC100FFFF60FFFF00BFFF00801F00807FC0807FFFE07FFF8037FF80405780403F80403FFFE03FFFC077FFC02017C0201FA0201FFFC01FFFE077FFE01037E0100F80100FFFD00FFFF067FFF00837F00807900807FFC0000000627080000483200
	00000000000000000001000000000000000000800000000000000000400000000000000000000000000080000000000000000040000000000000000000000000208000000000000000004000000000000000002000000000000000000000000000400000100000000000200000000000000000100000000000000000000000
	00002000000000000008001000000000000000000800000000000000000000000000100000000000000000080004000000000000040000000000000000000000000008000000000000000004000000000002000002000000000000000000000000000400000000000000000200000000000000000101000000000000000000
	000000020000000000000000010000000000000000008000000000000000000000000001000000000000000000800000000000000000400000000000000000500A0000567E00000000000000008000000000000080004000000000800040000000000000400000000000204000200000000000002000000000000020001010
	00000000001000000000000010000800000000080008000000000000080004000000000000040004000000000400020000000000000200000000000202000100000000000001000000000000010000810000000080008000000000000080004000000000280900009C50000000004000000000200100000000000000000020
	00008000100000000000000000004010000000000800000000002000000000080000000004001000000000000080000400000800020000000040000000000402000000000120000000000200000000010010000000000000000001000008000080000000000000000004008000000000400000000002000000000040000000
	0020010000000000000028020000F48C000000000000000000000000000000000000000000000000000000000000000000000000000000000000000000000000000000000000000000000000000000000000000000000000000000000000000000000000000000000000000000000000000000000000000000000000000000
	0000000000000000000000000000000000000000000000000000000000000000000000000000000000000027030000A702000000000000000000000000000000000000000000000000000000000000000000000000000000000000000000000000000000000000000000000000000000000000000000000000000000000000
	000000000000000000000000000000000000000000000000000000000000000000000000000000000000000000000000000000000000000000000000000000000000000025040000A7020000000000000000000000000000000000000000000000000000000000000000000000000000000000000000000000000000000000
	000000000000000000000000000000000000000000000000000000000000000000000000000000000000000000000000000000000000000000000000000000000000000000000000000000000000000000000000000000000000000000250400000D4A00000000000000000001000000010000000000000000000000000000
	0000000000000000000000000000000000000000000000000000000000000000000000000000000000000000000000000000000000000000000000000000000000000000000000000000000000000000000000000000000000000000000000000000000000000000000080000000800000000000000000000000260E0000AE
	26000000000000000000000000000000000000000000000000000000000000000000000000000000000000000000000000000000000000000000000000000000000000000000000000000000000000000000000000000000000000000000000000000000000000000000000000000000000000000000000000000000000000
	000000000000000000000000000000000000000000000000260E000046FA00000000000000000000000000000000000000000000000000000000000000000000000000000000000000000000000000000000000000000000000000000000000000000000000000000000000000000000000000000000000000000000000000
	00000000000000000000000000000000000000000000000000000000000000000000000000000000000000000000000000000000000000000000000000280D0000CEB1000040008100400001020000000200200000202040002000408000000080000000001010000010102000000020400000004008000000080800000008
	1000000010200400002004000000000400000004080002000810020000100000000000020000010204000100040800000008000000000081000000810200000002040000000400400000004080004000810040000102000000020020000000204000280D0000EAD70000000000000000000100000000000000000000000000
	00000000000000000000000000000000000000000000000000000000000000000000000000000000000000000000000000000000000000000000000000000000000000000000000000000000000000000000000000000000000000000000000000000000000000000000000000000000000000000000000000000080000000
	0000000000000000280D0000E7810000000000000000000000000000000000000000000000000000000000000000000000000000000000000000000000000000000000000000000000000000000000000000000000000000000000000000000000000000000000000000000000000000000000000000000000000000000000
	00000000000000000000000000000000000000000000000000000000000000000000000000000000000000000000000000000000000000000000000000000000000000000000000000000000000000000000000000000000000000000000000000000000000000000000000000000000000000000000000000000000000000
	0000000000000000000000000000000000000000000000000000000000000000000000000000000000000000000000000000000000000000000000000000000000004D0C0000425F00000000000000000000000000010000000000000000000000000000000000000000000000000000000000000000000000000000000000
	00000000000000000000000000000000000000000000000000000000000000000000000000000000000000000000000000000000000000000000000000000000000000000000000000000000000000000000000000000000000000000000000000000000000000000000000000000000000000000000000000000000000000
	000000000000000000000000000000000000000000000000000000000000000000000000000000000000000000000000000000000000000000000000000000000000000000000000000000000000000000000000000000000000000000000000000000000000000000000000800000000000000000000000000000004D0C00
	0075DD00000000000000000000000000000000000000000000000000000000000000000000000000000000000000000000000000000000000000000000000000000000000000000000000000000000000000000000000000000000000000000000000000000000000000000000000000000000000000000000000000000000
	00000000000000000000000000000000000000000000000000000000000000000000000000000000000000000000000000000000000000000000000000000000000000000000000000000000000000000000000000000000000000000000000000000000000000000000000000000000000000000000000000000000000000
	00000000000000000000000000000000000000000000000000000000000000000000000000000000000000000000000000000000000000000000004E0B000075DD0000000000000000000000000000000000000000000000000000000000000000000000000000000000000000000000000000000000000000000000000000
	00000000000000000000000000000000000000000000000000000000000000000000000000000000000000000000000000000000000000000000000000000000000000000000000000000000000000000000000000000000000000000000000000000000000000000000000000000000000000000000000000000000000000
	000000000000000000000000000000000000000000000000000000000000000000000000000000000000000000000000000000000000000000000000000000000000000000000000000000000000000000000000000000000000000000000000000000000000000000000000000000000000000000000000004E0B000075DD
	00000000000000000000000000000000000000000000000000000000000000000000000000000000000000000000000000000000000000000000000000000000000000000000000000000000000000000000000000000000000000000000000000000000000000000000000000000000000000000000000000000000000000
	00000000000000000000000000000000000000000000000000000000000000000000000000000000000000000000000000000000000000000000000000000000000000000000000000000000000000000000000000000000000000000000000000000000000000000000000000000000000000000000000000000000000000
	00000000000000000000000000000000000000000000000000000000000000000000000000000000000000000000000000000000000000004E0B00005D190000000000000000000000000000000000000000000000000000000000000000000000000000000000000000000000000000000000000000000000000000000000
	00000000000000000000000000000000000000000000000000000000000000000000000000000000000000000000000000000000000000000000000000000000000000000000000000000000000000000000000000000000000000000000000000000000000000000000000000000000000000000000000000000000000000
	0000000000000000000000000000000000000000000000000000000000000000000000000000000000000000000000000000000000000000000000000000000000000000000000000000000000000000000000000000000000000000000000000000000000000000000000000000000000004D0000005D1900000000000000
	00000000000000000000000000000000000000000000000000000000000000000000000000000000000000000000000000000000000000000000000000000000000000000000000000000000000000000000000000000000000000000000000000000000000000000000000000000000000000000000000000000000000000
	00000000000000000000000000000000000000000000000000000000000000000000000000000000000000000000000000000000000000000000000000000000000000000000000000000000000000000000000000000000000000000000000000000000000000000000000000000000000000000000000000000000000000
	0000000000000000000000000000000000000000000000000000000000000000000000000000000000000000004D0000005D1900000000000000000000000000000000000000000000000000000000000000000000000000000000000000000000000000000000000000000000000000000000000000000000000000000000
	00000000000000000000000000000000000000000000000000000000000000000000000000000000000000000000000000000000000000000000000000000000000000000000000000000000000000000000000000000000000000000000000000000000000000000000000000000000000000000000000000000000000000
	000000000000000000000000000000000000000000000000000000000000000000000000000000000000000000000000000000000000000000000000000000000000000000000000000000000000000000000000000000000000000000000000000000000000004D0000005D19000000000000000000000000000000000000
	00000000000000000000000000000000000000000000000000000000000000000000000000000000000000000000000000000000000000000000000000000000000000000000000000000000000000000000000000000000000000000000000000000000000000000000000000000000000000000000000000000000000000
	00000000000000000000000000000000000000000000000000000000000000000000000000000000000000000000000000000000000000000000000000000000000000000000000000000000000000000000000000000000000000000000000000000000000000000000000000000000000000000000000000000000000000
	000000000000000000000000000000000000000000000000000000000000000000004D0000002B2D000000000000000000010000000100000000000000000000000000000000000000000000000000000000000000000000000000000000000000000000000000000000000000000000000000000000000000000000000000
	00000000000000000000000000000000000000000000000000000000000000000000000000000000000000000000000000000000000000000000000000000000000000000000000000000000000000000000000000000000000000000000000000000000000000000000000000000000000000000000000000000000000000
	0000000000000000000000000000000000000000000000000000000000000000000000000000000000000000000000000000000000000000000000000000000000000000000000000000000000000000800000008000000000000000000000004E050000CEAE00000000000000000000000000000000000000000000000000
	00000000000000000000000000000000000000000000000000000000000000000000000000000000000000000000000000000000000000000000000000000000000000000000000000000000000000000000000000000000000000000000000000000000000000000000000000000000000000000000000000000000000000
	00000000000000000000000000000000000000000000000000000000000000000000000000000000000000000000000000000000000000000000000000000000000000000000000000000000000000000000000000000000000000000000000000000000000000000000000000000000000000000000000000000000000000
	000000000000000000000000000000000000000000000000000000000000004E05000088EE000000000000000000000000000000000000000000000000000000000000000000000000000000000000000000000000000000000000000000000000000000000000000000000000000000000000000000000000000000000000
	00000000000000000000000000000000000000000000000000000000000000000000000000000000000000000000000000000000000000000000000000000000000000000000000000000000000000000000000000000000000000000000000000000000000000000000000000000000000000000000000000000000000000
	0000000000000000000000000000000000000000000000000000000000000000000000000000000000000000000000000000000000000000000000000000000000000000000000000000000000000000004B06000088EE00000000000000000000000000000000000000000000000000000000000000000000000000000000
	00000000000000000000000000000000000000000000000000000000000000000000000000000000000000000000000000000000000000000000000000000000000000000000000000000000000000000000000000000000000000000000000000000000000000000000000000000000000000000000000000000000000000
	00000000000000000000000000000000000000000000000000000000000000000000000000000000000000000000000000000000000000000000000000000000000000000000000000000000000000000000000000000000000000000000000000000000000000000000000000000000000000000000000000000000000000
	000000004B0600005E27000000000000000000000000000000000000000000000000000000000000000000000000000000000000000000000000000000000000000000000000000000000000000000000000000000000000000000000000000000000000000000000000000000000000000000000000000000000000000000
	00000000000000000000000000000000000000000000000000000000000000000000000000000000000000000000000000000000000000000000000000000000000000000000000000000000000000000000000000000000000000000000000000000000000000000000000000000000000000000000000000000000000000
	0000000000000000000000000000000000000000000000000000000000000000000000000000000000008000000000000000000000004B0600007BAB00000000000000000000000000000000000000000000000000000000000000000000000000000000000000000000000000000000000000000000000000000000000000
	00000000000000000000000000000000000000000000000000000000000000000000000000000000000000000000000000000000000000000000000000000000000000000000000000000000000000000000000000000000000000000000000000000000000000000000000000000000000000000000000000000000000000
	00000000000000000000000000000000000000000000000000000000000000000000000000000000000000000000000000000000000000000000000000000000000000000000000000000000000000000000000000000000000000004801000027020000000000000000000000000000000000000000000000000000000000
	00000000000000000000000000000000000000000000000000000000000000000000000000000000000000000000000000000000000000000000000000000000000000000000000000000000000000000000000000000000000000000000000000000000000000000000000000000000000000000000000000000000000000
	00000000000000000000000000000000000000000000000000000000000000000000000000000000000000000000000000000000000000000000000000000000000000000000000000000000000000000000000000000000000000000000000000000000000000000000000000000000000000000000000000000000000000
	0000000000000000000000000000000000000080000000000000000000000000000000500F00007FC20000000000000000000000000000000000000000000000000000000000000000000000000000000000000000000000000000000000000000000000000000000000000000000000000000000000000000000000000000
	00000000000000000000000000000000000000000000000000000000000000000000000000000000000000000000000000000000000000000000000000000000000000000000000000000000000000000000000000000000000000000000000000000000000000000000000000000000000000000000000000000000000000
	000000000000000000000000000000000000000000000000000000000000000000000000000000000000000000000000000000000000000000000000000000000000000000000000000000000000000000000000000000000000000000000000000000000000000000500F00007FC200000000000000000000000000000000
	00000000000000000000000000000000000000000000000000000000000000000000000000000000000000000000000000000000000000000000000000000000000000000000000000000000000000000000000000000000000000000000000000000000000000000000000000000000000000000000000000000000000000
	00000000000000000000000000000000000000000000000000000000000000000000000000000000000000000000000000000000000000000000000000000000000000000000000000000000000000000000000000000000000000000000000000000000000000000000000000000000000000000000000000000000000000
	000000000000000000000000000000000000000000000000000000000000000000000000000000000000000000000000500F00005A3900000000000000000000000000010000000000000000000000000000000000000000000000000000000000000000000000000000000000000000000000000000000000000000000000
	00000000000000000000000000000000000000000000000000000000000000000000000000000000000000000000000000000000000000000000000000000000000000000000000000000000000000000000000000000000000000000000000000000000000000000000000000000000000000000000000000000000000000
	00000000000000000000000000000000000000000000000000000000000000000000000000000000000000000000000000000000000000000000000000000000000000000000000000000000000000000000000000000000000000000000000000004B1000009B390000000000000000000000000000000000000000000000
	00000000000000000000000000000000000000000000000000000000000000000000000000000000000000000000000000000000000000000000000000000000000000000000000000000000000000000000000000000000000000000000000000000000000000000000000000000000000000000000000000000000000000
	00000000000000000000000000000000000000000000000000000000000000000000000000000000000000000000000000000000000000000000000000000000000000000000000000000000000000000000000000000000000000000000000000000000000000000000000000000000000000000000000000000000000000
	0000000000000000000000000000000000000000004B1000009B3900000000000000000000000000000000000000000000000000000000000000000000000000000000000000000000000000000000000000000000000000000000000000000000000000000000000000000000000000000000000000000000000000000000
	00000000000000000000000000000000000000000000000000000000000000000000000000000000000000000000000000000000000000000000000000000000000000000000000000000000000000000000000000000000000000000000000000000000000000000000000000000000000000000000000000000000000000
	00000000000000000000000000000000000000000000000000000000000000000000000000000000000000000000000000000000000000000000000000000000000000000000004B1000000F790000000000000000000000000000000000000000000000000000000000000000000000000000000000000000000000000000
	000000000000000000000000000000000000000000000000000000000000000000000000000000000000000000000000000000000000000000000000000000000000000000000000000000000000000000000000000000000000000000000000000000000000000000000000280700000F7900000000000000000000000000
	00000000000000000000000000000000000000000000000000000000000000000000000000000000000000000000000000000000000000000000000000000000000000000000000000000000000000000000000000000000000000000000000000000000000000000000000000000000000000000000000000000000000000
	00000000000000000000000000000000000028070000ABEA000000FFFF06FFFF0083FF00807900807FFC807FFF867FFF8042FF80403880403FFC403FFFC63FFFC022FFC02018C0201FFC201FFFE61FFFE012FFE01008E0100FFC100FFFF60FFFF00BFFF00801F00807FC0807FFFE07FFF8037FF80405780403F80403FFFE03
	FFFC077FFC02017C0201FA0201FFFC01FFFE077FFE01037E0100F80100FFFD00FFFF06FFFF0083FF00807900807FFC0000000627080000483200000000000000000000010000000000000000008000000000000000004000000000000000000000000000800000000000000000400000000000000000000000002080000000
	00000000004000000000000000002000000000000000000000000000400000100000000000200000000000000000100000000000000000000000000020000000000000080010000000000000000008000000000000000000000000001000000000000000000800040000000000000400000000000000000000000000080000
	00000000000004000000000002000002000000000000000000000000000400000000000000000200000000000000000101000000000000000000000000020000000000000000010000000000000000008000000000000000000000000001000000000000000000800000000000000000400000000000000000500A00007816
	00000000000000008000000000000080004000000000800040000000000000400000000000204000200000000000002000000000000020001010000000000010000000000000100008000000000800080000000000000800040000000000000400040000000004000200000000000002000000000002020001000000000000
	01000000000000010000810000000000008000000000000080004000000000280900009C50000000004000000000200100000000000000000020000080001000000000000000000040100000000008000000000020000000000800000000040010000000000000800004000008000200000000400000000004020000000001
	20000000000200000000010010000000000000000001000008000080000000000000000004008000000000400000000002000000000040000000002001000000000000002802000031DD0000000000000000000100000000000000000000000000000000000000000000000000000000000000000000000000000000000000
	000000000000000000000000000000000000000000000000000000000000000000000000000000000000000000000000000000000000000000000000000000000000000000000000000000000000000000000000000000000000000000000000000000000027030000A7020000000000000000000000000000000000000000
	00000000000000000000000000000000000000000000000000000000000000000000000000000000000000000000000000000000000000000000000000000000000000000000000000000000000000000000000000000000000000000000000000000000000000000000000000000000000000000000000000000000000025
	04000066020000000000000000000000000001000000000000000000000000000000000000000000000000000000000000000000000000000000000000000000000000000000000000000000000000000000000000000000000000000000000000000000000000000000000000000000000000000000000000000000000000
	00000000000000000000000000000000000000000000000025040000AE2600000000000000000000000000000000000000000000000000000000000000000000000000000000000000000000000000000000000000000000000000000000000000000000000000000000000000000000000000000000000000000000000000
	0000000000000000000000000000000000000000000000000000000000000000000000000000000000000000000000000000000000260E0000AE260000000000000000000000000000000000000000000000000000000000000000000000000000000000000000000000000000000000000000000000000000000000000000
	00000000000000000000000000000000000000000000000000000000000000000000000000000000000000000000000000000000000000000000000000000000000000000000000000000000000000000000260E00006892000000000000000000000000000000000000000000000000000000000000000000000000000000
	0000000000000000000000000000000000000000000000000000000000000000000000000000000000000000000000000000000000000000000000000000000000000000000000000000000000000000000000000000000000000000000000000000000000000080000000000000000000000000000000280D0000CEB10000
	40008100400001020000000200200000202040002000408000000080000000001010000010102000000020400000004008000000080800000008100000001020040000200400000000040000000408000200081002000010000000000002000001020400010004080000000800000000008100000081020000000204000000
	0400400000004080004000810040000102000000020020000000204000280D000046FA0000000000000000000000000000000000000000000000000000000000000000000000000000000000000000000000000000000000000000000000000000000000000000000000000000000000000000000000000000000000000000
	000000000000000000000000000000000000000000000000000000000000000000000000000000000000000000000000000000000000000000000000000000000000280D0000E78100000000000000000000000000000000000000000000000000000000000000000000000000000000000000000000000000000000000000
	00000000000000000000000000000000000000000000000000000000000000000000000000000000000000000000000000000000000000000000000000000000000000000000000000000000000000000000000000000000000000000000000000000000000000000000000000000000000000000000000000000000000000
	000000000000000000000000000000000000000000000000000000000000000000000000000000000000000000000000000000000000000000000000000000000000000000000000000000000000000000000000000000000000000000000000000000000000000000000000000000000000000000000000000000004D0C00
	00E78100000000000000000000000000000000000000000000000000000000000000000000000000000000000000000000000000000000000000000000000000000000000000000000000000000000000000000000000000000000000000000000000000000000000000000000000000000000000000000000000000000000
	00000000000000000000000000000000000000000000000000000000000000000000000000000000000000000000000000000000000000000000000000000000000000000000000000000000000000000000000000000000000000000000000000000000000000000000000000000000000000000000000000000000000000
	000000000000000000000000000000000000000000000000000000000000000000000000000000000000000000000000000000000000004D0C0000905E000000000000000000010000000100000000000000000000000000000000000000000000000000000000000000000000000000000000000000000000000000000000
	00000000000000000000000000000000000000000000000000000000000000000000000000000000000000000000000000000000000000000000000000000000000000000000000000000000000000000000000000000000000000000000000000000000000000000000000000000000000000000000000000000000000000
	0000000000000000000000000000000000000000000000000000000000000000000000000000000000000000000000000000000000000000000000000000000000000000000000000000000000000000000000000000000000000000000000000000000000800000008000000000000000000000004E0B000075DD00000000
	00000000000000000000000000000000000000000000000000000000000000000000000000000000000000000000000000000000000000000000000000000000000000000000000000000000000000000000000000000000000000000000000000000000000000000000000000000000000000000000000000000000000000
	00000000000000000000000000000000000000000000000000000000000000000000000000000000000000000000000000000000000000000000000000000000000000000000000000000000000000000000000000000000000000000000000000000000000000000000000000000000000000000000000000000000000000
	000000000000000000000000000000000000000000000000000000000000000000000000000000000000000000000000000000004E0B000075DD000000000000000000000000000000000000000000000000000000000000000000000000000000000000000000000000000000000000000000000000000000000000000000
	00000000000000000000000000000000000000000000000000000000000000000000000000000000000000000000000000000000000000000000000000000000000000000000000000000000000000000000000000000000000000000000000000000000000000000000000000000000000000000000000000000000000000
	0000000000000000000000000000000000000000000000000000000000000000000000000000000000000000000000000000000000000000000000000000000000000000000000000000000000000000000000000000000000000000000000000000000000000000000000000000000000004E0B00005D1900000000000000
	00000000000000000000000000000000000000000000000000000000000000000000000000000000000000000000000000000000000000000000000000000000000000000000000000000000000000000000000000000000000000000000000000000000000000000000000000000000000000000000000000000000000000
	00000000000000000000000000000000000000000000000000000000000000000000000000000000000000000000000000000000000000000000000000000000000000000000000000000000000000000000000000000000000000000000000000000000000000000000000000000000000000000000000000000000000000
	0000000000000000000000000000000000000000000000000000000000000000000000000000000000000000004D0000005D1900000000000000000000000000000000000000000000000000000000000000000000000000000000000000000000000000000000000000000000000000000000000000000000000000000000
	00000000000000000000000000000000000000000000000000000000000000000000000000000000000000000000000000000000000000000000000000000000000000000000000000000000000000000000000000000000000000000000000000000000000000000000000000000000000000000000000000000000000000
	000000000000000000000000000000000000000000000000000000000000000000000000000000000000000000000000000000000000000000000000000000000000000000000000000000000000000000000000000000000000000000000000000000000000004D0000005D19000000000000000000000000000000000000
	00000000000000000000000000000000000000000000000000000000000000000000000000000000000000000000000000000000000000000000000000000000000000000000000000000000000000000000000000000000000000000000000000000000000000000000000000000000000000000000000000000000000000
	00000000000000000000000000000000000000000000000000000000000000000000000000000000000000000000000000000000000000000000000000000000000000000000000000000000000000000000000000000000000000000000000000000000000000000000000000000000000000000000000000000000000000
	000000000000000000000000000000000000000000000000000000000000000000004D0000005D19000000000000000000000000000000000000000000000000000000000000000000000000000000000000000000000000000000000000000000000000000000000000000000000000000000000000000000000000000000
	00000000000000000000000000000000000000000000000000000000000000000000000000000000000000000000000000000000000000000000000000000000000000000000000000000000000000000000000000000000000000000000000000000000000000000000000000000000000000000000000000000000000000
	00000000000000000000000000000000000000000000000000000000000000000000000000000000000000000000000000000000000000000000000000000000000000000000000000000000000000000000000000000000000000004D000000CEAE0000000000000000000000000000000000000000000000000000000000
	00000000000000000000000000000000000000000000000000000000000000000000000000000000000000000000000000000000000000000000000000000000000000000000000000000000000000000000000000000000000000000000000000000000000000000000000000000000000000000000000000000000000000
	00000000000000000000000000000000000000000000000000000000000000000000000000000000000000000000000000000000000000000000000000000000000000000000000000000000000000000000000000000000000000000000000000000000000000000000000000000000000000000000000000000000000000
	0000000000000000000000000000000000000000000000000000004E050000CEAE00000000000000000000000000000000000000000000000000000000000000000000000000000000000000000000000000000000000000000000000000000000000000000000000000000000000000000000000000000000000000000000
	00000000000000000000000000000000000000000000000000000000000000000000000000000000000000000000000000000000000000000000000000000000000000000000000000000000000000000000000000000000000000000000000000000000000000000000000000000000000000000000000000000000000000
	00000000000000000000000000000000000000000000000000000000000000000000000000000000000000000000000000000000000000000000000000000000000000000000000000000000000000000000000000000000004E05000040910000000000000000000000000001000000000000000000000000000000000000
	00000000000000000000000000000000000000000000000000000000000000000000000000000000000000000000000000000000000000000000000000000000000000000000000000000000000000000000000000000000000000000000000000000000000000000000000000000000000000000000000000000000000000
	00000000000000000000000000000000000000000000000000000000000000000000000000000000000000000000000000000000000000000000000000000000000000000000000000000000000000000000000000000000000000000000000000000000000000000000000000000000000000000000000000000080000000
	0000000000000000000000004B06000088EE00000000000000000000000000000000000000000000000000000000000000000000000000000000000000000000000000000000000000000000000000000000000000000000000000000000000000000000000000000000000000000000000000000000000000000000000000
	00000000000000000000000000000000000000000000000000000000000000000000000000000000000000000000000000000000000000000000000000000000000000000000000000000000000000000000000000000000000000000000000000000000000000000000000000000000000000000000000000000000000000
	00000000000000000000000000000000000000000000000000000000000000000000000000000000000000000000000000000000000000000000000000004B06000088EE0000000000000000000000000000000000000000000000000000000000000000000000000000000000000000000000000000000000000000000000
	00000000000000000000000000000000000000000000000000000000000000000000000000000000000000000000000000000000000000000000000000000000000000000000000000000000000000000000000000000000000000000000000000000000000000000000000000000000000000000000000000000000000000
	000000000000000000000000000000000000000000000000000000000000000000000000000000000000000000000000000000000000000000000000000000000000000000000000000000000000000000000000000000000000000000000000000000000000000000000000000000004B0600007BAB000000000000000000
	00000000000000000000000000000000000000000000000000000000000000000000000000000000000000000000000000000000000000000000000000000000000000000000000000000000000000000000000000000000000000000000000000000000000000000000000000000000000000000000000000000000000000
	00000000000000000000000000000000000000000000000000000000000000000000000000000000000000000000000000000000000000000000000000000000000000000000000000000000000000000000000000000000000000000000000000000000000000000000000000000000000000000000000000000000000000
	0000000000000000000000000000000000000000000000480100007FC20000000000000000000000000000000000000000000000000000000000000000000000000000000000000000000000000000000000000000000000000000000000000000000000000000000000000000000000000000000000000000000000000000
	00000000000000000000000000000000000000000000000000000000000000000000000000000000000000000000000000000000000000000000000000000000000000000000000000000000000000000000000000000000000000000000000000000000000000000000000000000000000000000000000000000000000000
	000000000000000000000000000000000000000000000000000000000000000000000000000000000000000000000000000000000000000000000000000000000000000000000000000000000000000000000000000000000000000000500F0000F0EE00000000000000000001000000010000000000000000000000000000
	00000000000000000000000000000000000000000000000000000000000000000000000000000000000000000000000000000000000000000000000000000000000000000000000000000000000000000000000000000000000000000000000000000000000000000000000000000000000000000000000000000000000000
	00000000000000000000000000000000000000000000000000000000000000000000000000000000000000000000000000000000000000000000000000000000000000000000000000000000000000000000000000000000000000000000000000000000000000000000000000000000000000000000000000000000000000
	000000000000000000000000000000000000000080000000800000000000000000000000500F00007FC200000000000000000000000000000000000000000000000000000000000000000000000000000000000000000000000000000000000000000000000000000000000000000000000000000000000000000000000000
	00000000000000000000000000000000000000000000000000000000000000000000000000000000000000000000000000000000000000000000000000000000000000000000000000000000000000000000000000000000000000000000000000000000000000000000000000000000000000000000000000000000000000
	00000000000000000000000000000000000000000000000000000000000000000000000000000000000000000000000000000000000000000000000000000000000000000000000000000000000000000000000000000000000000000000000000000000000000000000500F00009B39000000000000000000000000000000
	00000000000000000000000000000000000000000000000000000000000000000000000000000000000000000000000000000000000000000000000000000000000000000000000000000000000000000000000000000000000000000000000000000000000000000000000000000000000000000000000000000000000000
	00000000000000000000000000000000000000000000000000000000000000000000000000000000000000000000000000000000000000000000000000000000000000000000000000000000000000000000000000000000000000000000000000000000000000000000000000000000000000000000000000000000000000
	00000000000000000000000000000000000000000000000000000000004B1000009B390000000000000000000000000000000000000000000000000000000000000000000000000000000000000000000000000000000000000000000000000000000000000000000000000000000000000000000000000000000000000000
	00000000000000000000000000000000000000000000000000000000000000000000000000000000000000000000000000000000000000000000000000000000000000000000000000000000000000000000000000000000000000000000000000000000000000000000000000000000000000000000000000000000000000
	000000000000000000000000000000000000000000000000000000000000000000000000000000000000000000000000000000000000000000000000000000000000000000000000000000000000004B10000088A1000000000000000000010000000000000000000000000000000000000000000000000000000000000000
	00000000000000000000000000000000000000000000000000000000000000000000000000000000000000000000000000000000000000000000000000000000000000000000000000000000000000000000000000000000000000000000000000000000000000000000000000000000000000000000000000000000000000
	00000000000000000000000000000000000000000000000000000000000000000000000000000000000000000000000000000000000000000000000000000000000000000000000000000000000000000000000000000000000000000000000000000000000000000000000000000000000000000080000000000000000000
	00004B1000000F790000000000000000000000000000000000000000000000000000000000000000000000000000000000000000000000000000000000000000000000000000000000000000000000000000000000000000000000000000000000000000000000000000000000000000000000000000000000000000000000
	00000000000000000000000000000000000000000000000000000000000000000000000000000028070000E01100000000000000000000000000010000000000000000000000000000000000000000000000000000000000000000000000000000000000000000000000000000000000000000000000000000000000000000
	0000000000000000000000000000000000000000000000000000000000000000000000000000000000000000000000000000000000000000000000008000000000000000000000000000000028070000E007000000FFFF06FFFF0082FF00807800807FFC807FFF867FFF8042FF80403880403FFC403FFFC63FFFC022FFC020
	18C0201FFC201FFFE61FFFE012FFE01008E0100FFC100FFFF60FFFF00BFFF00801F00807FC0807FFFE07FFF8037FF80405780403F80403FFFE03FFFC077FFC02017C0201FA0201FFFC01FFFE077FFE01037E0100F80100FFFD00FFFF067FFF00837F00807900807FFC00000006270800004832000000000000000000000100
	00000000000000008000000000000000004000000000000000000000000000800000000000000000400000000000000000000000002080000000000000000040000000000000000020000000000000000000000000004000001000000000002000000000000000001000000000000000000000000000200000000000000800
	10000000000000000008000000000000000000000000001000000000000000000800040000000000000400000000000000000000000000080000000000000000040000000000020000020000000000000000000000000004000000000000000002000000000000000001010000000000000000000000000200000000000000
	00010000000000000000008000000000000000000000000001000000000000000000800000000000000000400000000000000000500A00007816000000000000000080000000000000800040000000008000400000000000004000000000002040002000000000000020000000000000200010100000000000100000000000
	0010000800000000080008000000000000080004000000000000040004000000000400020000000000000200000000000202000100000000000001000000000000010000810000000000008000000000000080004000000000280900009C500000000040000000002001000000000000000000200000800010000000000000
	00000040100000000008000000000020000000000800000000040010000000000000800004000008000200000000400000000004020000000001200000000002000000000100100000000000000000010000080000800000000000000000040080000000004000000000020000000000400000000020010000000000000028
	020000F48C0000000000000000000000000000000000000000000000000000000000000000000000000000000000000000000000000000000000000000000000000000000000000000000000000000000000000000000000000000000000000000000000000000000000000000000000000000000000000000000000000000
	000000000000000000000000000000000000000000000000000000000000000027030000A7020000000000000000000000000000000000000000000000000000000000000000000000000000000000000000000000000000000000000000000000000000000000000000000000000000000000000000000000000000000000
	00000000000000000000000000000000000000000000000000000000000000000000000000000000000000000000000000000000000000000025040000A70200000000000000000000000000000000000000000000000000000000000000000000000000000000000000000000000000000000000000000000000000000000
	00000000000000000000000000000000000000000000000000000000000000000000000000000000000000000000000000000000000000000000000000000000000000000000000000000000000000000000250400000D4A000000000000000000010000000100000000000000000000000000000000000000000000000000
	000000000000000000000000000000000000000000000000000000000000000000000000000000000000000000000000000000000000000000000000000000000000000000000000000000000000000000000000000000000000000000000080000000800000000000000000000000260E0000AE2600000000000000000000
	00000000000000000000000000000000000000000000000000000000000000000000000000000000000000000000000000000000000000000000000000000000000000000000000000000000000000000000000000000000000000000000000000000000000000000000000000000000000000000000000000000000000000
	00000000000000000000000000260E000046FA000000000000000000000000000000000000000000000000000000000000000000000000000000000000000000000000000000000000000000000000000000000000000000000000000000000000000000000000000000000000000000000000000000000000000000000000
	0000000000000000000000000000000000000000000000000000000000000000000000000000000000000000000000000000280D0000CEB10000400081004000010200000002002000002020400020004080000000800000000010100000101020000000204000000040080000000808000000081000000010200400002004
	000000000400000004080002000810020000100000000000020000010204000100040800000008000000000081000000810200000002040000000400400000004080004000810040000102000000020020000000204000280D0000EAD700000000000000000001000000000000000000000000000000000000000000000000
	00000000000000000000000000000000000000000000000000000000000000000000000000000000000000000000000000000000000000000000000000000000000000000000000000000000000000000000000000000000000000000000000000000000000000000000000000000000800000000000000000000000280D00
	00E78100000000000000000000000000000000000000000000000000000000000000000000000000000000000000000000000000000000000000000000000000000000000000000000000000000000000000000000000000000000000000000000000000000000000000000000000000000000000000000000000000000000
	00000000000000000000000000000000000000000000000000000000000000000000000000000000000000000000000000000000000000000000000000000000000000000000000000000000000000000000000000000000000000000000000000000000000000000000000000000000000000000000000000000000000000
	000000000000000000000000000000000000000000000000000000000000000000000000000000000000000000000000000000000000004D0C0000425F000000000000000000000000000100000000000000000000000000000000000000000000000000000000000000000000000000000000000000000000000000000000
	00000000000000000000000000000000000000000000000000000000000000000000000000000000000000000000000000000000000000000000000000000000000000000000000000000000000000000000000000000000000000000000000000000000000000000000000000000000000000000000000000000000000000
	00000000000000000000000000000000000000000000000000000000000000000000000000000000000000000000000000000000000000000000000000000000000000000000000000000000000000000000000000000000000000000000000000800000000000000000000000000000004D0C000075DD0000000000000000
	00000000000000000000000000000000000000000000000000000000000000000000000000000000000000000000000000000000000000000000000000000000000000000000000000000000000000000000000000000000000000000000000000000000000000000000000000000000000000000000000000000000000000
	00000000000000000000000000000000000000000000000000000000000000000000000000000000000000000000000000000000000000000000000000000000000000000000000000000000000000000000000000000000000000000000000000000000000000000000000000000000000000000000000000000000000000
	0000000000000000000000000000000000000000000000000000000000000000000000000000000000000000000000004E0B000075DD00000000000000000000000000000000000000000000000000000000000000000000000000000000000000000000000000000000000000000000000000000000000000000000000000
	00000000000000000000000000000000000000000000000000000000000000000000000000000000000000000000000000000000000000000000000000000000000000000000000000000000000000000000000000000000000000000000000000000000000000000000000000000000000000000000000000000000000000
	00000000000000000000000000000000000000000000000000000000000000000000000000000000000000000000000000000000000000000000000000000000000000000000000000000000000000000000000000000000000000000000000000000000000000000000000000004E0B000075DD0000000000000000000000
	00000000000000000000000000000000000000000000000000000000000000000000000000000000000000000000000000000000000000000000000000000000000000000000000000000000000000000000000000000000000000000000000000000000000000000000000000000000000000000000000000000000000000
	00000000000000000000000000000000000000000000000000000000000000000000000000000000000000000000000000000000000000000000000000000000000000000000000000000000000000000000000000000000000000000000000000000000000000000000000000000000000000000000000000000000000000
	0000000000000000000000000000000000000000000000000000000000000000000000000000000000000000004E0B00005D1900000000000000000000000000000000000000000000000000000000000000000000000000000000000000000000000000000000000000000000000000000000000000000000000000000000
	00000000000000000000000000000000000000000000000000000000000000000000000000000000000000000000000000000000000000000000000000000000000000000000000000000000000000000000000000000000000000000000000000000000000000000000000000000000000000000000000000000000000000
	000000000000000000000000000000000000000000000000000000000000000000000000000000000000000000000000000000000000000000000000000000000000000000000000000000000000000000000000000000000000000000000000000000000000004D0000005D19000000000000000000000000000000000000
	00000000000000000000000000000000000000000000000000000000000000000000000000000000000000000000000000000000000000000000000000000000000000000000000000000000000000000000000000000000000000000000000000000000000000000000000000000000000000000000000000000000000000
	00000000000000000000000000000000000000000000000000000000000000000000000000000000000000000000000000000000000000000000000000000000000000000000000000000000000000000000000000000000000000000000000000000000000000000000000000000000000000000000000000000000000000
	000000000000000000000000000000000000000000000000000000000000000000004D0000005D19000000000000000000000000000000000000000000000000000000000000000000000000000000000000000000000000000000000000000000000000000000000000000000000000000000000000000000000000000000
	00000000000000000000000000000000000000000000000000000000000000000000000000000000000000000000000000000000000000000000000000000000000000000000000000000000000000000000000000000000000000000000000000000000000000000000000000000000000000000000000000000000000000
	00000000000000000000000000000000000000000000000000000000000000000000000000000000000000000000000000000000000000000000000000000000000000000000000000000000000000000000000000000000000000004D0000005D190000000000000000000000000000000000000000000000000000000000
	00000000000000000000000000000000000000000000000000000000000000000000000000000000000000000000000000000000000000000000000000000000000000000000000000000000000000000000000000000000000000000000000000000000000000000000000000000000000000000000000000000000000000
	00000000000000000000000000000000000000000000000000000000000000000000000000000000000000000000000000000000000000000000000000000000000000000000000000000000000000000000000000000000000000000000000000000000000000000000000000000000000000000000000000000000000000
	00000000000000000000000000000000000000000000004D0000002B2D0000000000000000000100000001000000000000000000000000000000000000000000000000000000000000000000000000000000000000000000000000000000000000000000000000000000000000000000000000000000000000000000000000
	00000000000000000000000000000000000000000000000000000000000000000000000000000000000000000000000000000000000000000000000000000000000000000000000000000000000000000000000000000000000000000000000000000000000000000000000000000000000000000000000000000000000000
	000000000000000000000000000000000000000000000000000000000000000000000000000000000000000000000000000000000000000000000000000000000000000000800000008000000000000000000000004E050000CEAE000000000000000000000000000000000000000000000000000000000000000000000000
	00000000000000000000000000000000000000000000000000000000000000000000000000000000000000000000000000000000000000000000000000000000000000000000000000000000000000000000000000000000000000000000000000000000000000000000000000000000000000000000000000000000000000
	00000000000000000000000000000000000000000000000000000000000000000000000000000000000000000000000000000000000000000000000000000000000000000000000000000000000000000000000000000000000000000000000000000000000000000000000000000000000000000000000000000000000000
	00000000000000000000000000000000000000004E05000088EE0000000000000000000000000000000000000000000000000000000000000000000000000000000000000000000000000000000000000000000000000000000000000000000000000000000000000000000000000000000000000000000000000000000000
	00000000000000000000000000000000000000000000000000000000000000000000000000000000000000000000000000000000000000000000000000000000000000000000000000000000000000000000000000000000000000000000000000000000000000000000000000000000000000000000000000000000000000
	000000000000000000000000000000000000000000000000000000000000000000000000000000000000000000000000000000000000000000000000000000000000000000004B06000088EE000000000000000000000000000000000000000000000000000000000000000000000000000000000000000000000000000000
	00000000000000000000000000000000000000000000000000000000000000000000000000000000000000000000000000000000000000000000000000000000000000000000000000000000000000000000000000000000000000000000000000000000000000000000000000000000000000000000000000000000000000
	0000000000000000000000000000000000000000000000000000000000000000000000000000000000000000000000000000000000000000000000000000000000000000000000000000000000000000000000000000000000000000000000000000000000000000000000000000000000000000000000004B0600005E2700
	00000000000000000000000000000000000000000000000000000000000000000000000000000000000000000000000000000000000000000000000000000000000000000000000000000000000000000000000000000000000000000000000000000000000000000000000000000000000000000000000000000000000000
	00000000000000000000000000000000000000000000000000000000000000000000000000000000000000000000000000000000000000000000000000000000000000000000000000000000000000000000000000000000000000000000000000000000000000000000000000000000000000000000000000000000000000
	000000000000000000000000000000000000000000000000000000000000008000000000000000000000004B0600007BAB000000000000000000000000000000000000000000000000000000000000000000000000000000000000000000000000000000000000000000000000000000000000000000000000000000000000
	00000000000000000000000000000000000000000000000000000000000000000000000000000000000000000000000000000000000000000000000000000000000000000000000000000000000000000000000000000000000000000000000000000000000000000000000000000000000000000000000000000000000000
	00000000000000000000000000000000000000000000000000000000000000000000000000000000000000000000000000000000000000000000000000000000000000000000000000000000000000000048010000270200000000000000000000000000000000000000000000000000000000000000000000000000000000
	00000000000000000000000000000000000000000000000000000000000000000000000000000000000000000000000000000000000000000000000000000000000000000000000000000000000000000000000000000000000000000000000000000000000000000000000000000000000000000000000000000000000000
	00000000000000000000000000000000000000000000000000000000000000000000000000000000000000000000000000000000000000000000000000000000000000000000000000000000000000000000000000000000000000000000000000000000000000000000000000000000000000000000000000000000000000
	000000000000000080000000000000000000000000000000500F00007FC200000000000000000000000000000000000000000000000000000000000000000000000000000000000000000000000000000000000000000000000000000000000000000000000000000000000000000000000000000000000000000000000000
	00000000000000000000000000000000000000000000000000000000000000000000000000000000000000000000000000000000000000000000000000000000000000000000000000000000000000000000000000000000000000000000000000000000000000000000000000000000000000000000000000000000000000
	00000000000000000000000000000000000000000000000000000000000000000000000000000000000000000000000000000000000000000000000000000000000000000000000000000000000000000000000000000000000000000000500F00007FC2000000000000000000000000000000000000000000000000000000
	00000000000000000000000000000000000000000000000000000000000000000000000000000000000000000000000000000000000000000000000000000000000000000000000000000000000000000000000000000000000000000000000000000000000000000000000000000000000000000000000000000000000000
	00000000000000000000000000000000000000000000000000000000000000000000000000000000000000000000000000000000000000000000000000000000000000000000000000000000000000000000000000000000000000000000000000000000000000000000000000000000000000000000000000000000000000
	00000000000000000000000000000000000000000000000000000000000000000000000000500F00005A39000000000000000000000000000100000000000000000000000000000000000000000000000000000000000000000000000000000000000000000000000000000000000000000000000000000000000000000000
	00000000000000000000000000000000000000000000000000000000000000000000000000000000000000000000000000000000000000000000000000000000000000000000000000000000000000000000000000000000000000000000000000000000000000000000000000000000000000000000000000000000000000
	0000000000000000000000000000000000000000000000000000000000000000000000000000000000000000000000000000000000000000000000000000000000000000000000000000000000000000000000000000004B1000009B3900000000000000000000000000000000000000000000000000000000000000000000
	00000000000000000000000000000000000000000000000000000000000000000000000000000000000000000000000000000000000000000000000000000000000000000000000000000000000000000000000000000000000000000000000000000000000000000000000000000000000000000000000000000000000000
	00000000000000000000000000000000000000000000000000000000000000000000000000000000000000000000000000000000000000000000000000000000000000000000000000000000000000000000000000000000000000000000000000000000000000000000000000000000000000000000000000000000000000
	000000000000000000004B1000009B39000000000000000000000000000000000000000000000000000000000000000000000000000000000000000000000000000000000000000000000000000000000000000000000000000000000000000000000000000000000000000000000000000000000000000000000000000000
	00000000000000000000000000000000000000000000000000000000000000000000000000000000000000000000000000000000000000000000000000000000000000000000000000000000000000000000000000000000000000000000000000000000000000000000000000000000000000000000000000000000000000
	0000000000000000000000000000000000000000000000000000000000000000000000000000000000000000000000000000000000000000000000004B1000000F7900000000000000000000000000000000000000000000000000000000000000000000000000000000000000000000000000000000000000000000000000
	00000000000000000000000000000000000000000000000000000000000000000000000000000000000000000000000000000000000000000000000000000000000000000000000000000000000000000000000000000000000000000000000000280700000F79000000000000000000000000000000000000000000000000
	00000000000000000000000000000000000000000000000000000000000000000000000000000000000000000000000000000000000000000000000000000000000000000000000000000000000000000000000000000000000000000000000000000000000000000000000000000000000000000000000000000000000000
	0000000000000028070000ABEA000000FFFF06FFFF0083FF00807900807FFC807FFF867FFF8042FF80403880403FFC403FFFC63FFFC022FFC02018C0201FFC201FFFE61FFFE012FFE01008E0100FFC100FFFF60FFFF00BFFF00801F00807FC0807FFFE07FFF8037FF80405780403F80403FFFE03FFFC077FFC02017C0201FA
	0201FFFC01FFFE077FFE01037E0100F80100FFFD00FFFF06FFFF0083FF00807900807FFC00000006270800004832000000000000000000000100000000000000000080000000000000000040000000000000000000000000008000000000000000004000000000000000000000000020800000000000000000400000000000
	00000020000000000000000000000000004000001000000000002000000000000000001000000000000000000000000000200000000000000800100000000000000000080000000000000000000000000010000000000000000008000400000000000004000000000000000000000000000800000000000000000400000000
	0002000002000000000000000000000000000400000000000000000200000000000000000101000000000000000000000000020000000000000000010000000000000000008000000000000000000000000001000000000000000000800000000000000000400000000000000000500A000078160000000000000000800000
	00000000800040000000008000400000000000004000000000002040002000000000000020000000000000200010100000000000100000000000001000080000000008000800000000000008000400000000000004000400000000040002000000000000020000000000020200010000000000000100000000000001000081
	0000000000008000000000000080004000000000280900009C500000000040000000002001000000000000000000200000800010000000000000000000401000000000080000000000200000000008000000000400100000000000008000040000080002000000004000000000040200000000012000000000020000000001
	001000000000000000000100000800008000000000000000000400800000000040000000000200000000004000000000200100000000000000280200001FB500000000000000000001000000000000000000000000000000000000000000000000000000000000000000000000000000000000000000000000000000000000
	00000000000000000000000000000000000000000000000000000000000000000000000000000000000000000000000000000000000000000000000000000000000000000000000000000000000080000000000000000000000027030000A70200000000000000000000000000000000000000000000000000000000000000
	0000000000000000000000000000000000000000000000000000000000000000000000000000000000000000000000000000000000000000000000000000000000000000000000000000000000000000000000000000000000000000000000000000000000000000000000000000000000000025040000BA83000000000000
	00000000000000010000000000000000000000000000000000000000000000000000000000000000000000000000000000000000000000000000000000000000000000000000000000000000000000000000000000000000000000000000000000000000000000000000000000000000000000000000000000000000800000
	0000000000000000000000000025040000AE26000000000000000000000000000000000000000000000000000000000000000000000000000000000000000000000000000000000000000000000000000000000000000000000000000000000000000000000000000000000000000000000000000000000000000000000000
	000000000000000000000000000000000000000000000000000000000000000000000000000000000000260E0000AE2600000000000000000000000000000000000000000000000000000000000000000000000000000000000000000000000000000000000000000000000000000000000000000000000000000000000000
	0000000000000000000000000000000000000000000000000000000000000000000000000000000000000000000000000000000000000000000000000000000000000000000000260E000046FA0000000000000000000000000000000000000000000000000000000000000000000000000000000000000000000000000000
	000000000000000000000000000000000000000000000000000000000000000000000000000000000000000000000000000000000000000000000000000000000000000000000000000000000000000000000000000000000000000000000000000000000000000000000000280D0000CEB100004000810040000102000000
	02002000002020400020004080000000800000000010100000101020000000204000000040080000000808000000081000000010200400002004000000000400000004080002000810020000100000000000020000010204000100040800000008000000000081000000810200000002040000000400400000004080004000
	810040000102000000020020000000204000280D000046FA00000000000000000000000000000000000000000000000000000000000000000000000000000000000000000000000000000000000000000000000000000000000000000000000000000000000000000000000000000000000000000000000000000000000000
	00000000000000000000000000000000000000000000000000000000000000000000000000000000000000000000000000000000000000280D0000E781000000000000000000000000000000000000000000000000000000000000000000000000000000000000000000000000000000000000000000000000000000000000
	00000000000000000000000000000000000000000000000000000000000000000000000000000000000000000000000000000000000000000000000000000000000000000000000000000000000000000000000000000000000000000000000000000000000000000000000000000000000000000000000000000000000000
	00000000000000000000000000000000000000000000000000000000000000000000000000000000000000000000000000000000000000000000000000000000000000000000000000000000000000000000000000000000000000000000000000000000000000000000000000000000004D0C0000E7810000000000000000
	00000000000000000000000000000000000000000000000000000000000000000000000000000000000000000000000000000000000000000000000000000000000000000000000000000000000000000000000000000000000000000000000000000000000000000000000000000000000000000000000000000000000000
	00000000000000000000000000000000000000000000000000000000000000000000000000000000000000000000000000000000000000000000000000000000000000000000000000000000000000000000000000000000000000000000000000000000000000000000000000000000000000000000000000000000000000
	00000000000000000000000000000000000000000000000000000000000000000000000000000000000000004D0C0000905E0000000000000000000100000001000000000000000000000000000000000000000000000000000000000000000000000000000000000000000000000000000000000000000000000000000000
	00000000000000000000000000000000000000000000000000000000000000000000000000000000000000000000000000000000000000000000000000000000000000000000000000000000000000000000000000000000000000000000000000000000000000000000000000000000000000000000000000000000000000
	000000000000000000000000000000000000000000000000000000000000000000000000000000000000000000000000000000000000000000000000000000000000000000000000000000000000000000000000000000000000800000008000000000000000000000004E0B000075DD000000000000000000000000000000
	00000000000000000000000000000000000000000000000000000000000000000000000000000000000000000000000000000000000000000000000000000000000000000000000000000000000000000000000000000000000000000000000000000000000000000000000000000000000000000000000000000000000000
	00000000000000000000000000000000000000000000000000000000000000000000000000000000000000000000000000000000000000000000000000000000000000000000000000000000000000000000000000000000000000000000000000000000000000000000000000000000000000000000000000000000000000
	00000000000000000000000000000000000000000000000000000000000000000000000000000000004E0B000075DD0000000000000000000000000000000000000000000000000000000000000000000000000000000000000000000000000000000000000000000000000000000000000000000000000000000000000000
	00000000000000000000000000000000000000000000000000000000000000000000000000000000000000000000000000000000000000000000000000000000000000000000000000000000000000000000000000000000000000000000000000000000000000000000000000000000000000000000000000000000000000
	000000000000000000000000000000000000000000000000000000000000000000000000000000000000000000000000000000000000000000000000000000000000000000000000000000000000000000000000000000000000000000000000000000000000004E0B00005D19000000000000000000000000000000000000
	00000000000000000000000000000000000000000000000000000000000000000000000000000000000000000000000000000000000000000000000000000000000000000000000000000000000000000000000000000000000000000000000000000000000000000000000000000000000000000000000000000000000000
	00000000000000000000000000000000000000000000000000000000000000000000000000000000000000000000000000000000000000000000000000000000000000000000000000000000000000000000000000000000000000000000000000000000000000000000000000000000000000000000000000000000000000
	000000000000000000000000000000000000000000000000000000000000000000004D0000006F33000000000000000000010000000000000000000000000000000000000000000000000000000000000000000000000000000000000000000000000000000000000000000000000000000000000000000000000000000000
	00000000000000000000000000000000000000000000000000000000000000000000000000000000000000000000000000000000000000000000000000000000000000000000000000000000000000000000000000000000000000000000000000000000000000000000000000000000000000000000000000000000000000
	00000000000000000000000000000000000000000000000000000000000000000000000000000000000000000000000000000000000000000000000000000000000000000000000000000000000000008000000000000000000000004D0000005D190000000000000000000000000000000000000000000000000000000000
	00000000000000000000000000000000000000000000000000000000000000000000000000000000000000000000000000000000000000000000000000000000000000000000000000000000000000000000000000000000000000000000000000000000000000000000000000000000000000000000000000000000000000
	00000000000000000000000000000000000000000000000000000000000000000000000000000000000000000000000000000000000000000000000000000000000000000000000000000000000000000000000000000000000000000000000000000000000000000000000000000000000000000000000000000000000000
	00000000000000000000000000000000000000000000004D000000F8C70000000000000000000000000001000000000000000000000000000000000000000000000000000000000000000000000000000000000000000000000000000000000000000000000000000000000000000000000000000000000000000000000000
	00000000000000000000000000000000000000000000000000000000000000000000000000000000000000000000000000000000000000000000000000000000000000000000000000000000000000000000000000000000000000000000000000000000000000000000000000000000000000000000000000000000000000
	0000000000000000000000000000000000000000000000000000000000000000000000000000000000000000000000000000000000000000000000000000000000800000000000000000000000000000004D000000CEAE00000000000000000000000000000000000000000000000000000000000000000000000000000000
	00000000000000000000000000000000000000000000000000000000000000000000000000000000000000000000000000000000000000000000000000000000000000000000000000000000000000000000000000000000000000000000000000000000000000000000000000000000000000000000000000000000000000
	00000000000000000000000000000000000000000000000000000000000000000000000000000000000000000000000000000000000000000000000000000000000000000000000000000000000000000000000000000000000000000000000000000000000000000000000000000000000000000000000000000000000000
	000000000000000000000000000000004E050000CEAE000000000000000000000000000000000000000000000000000000000000000000000000000000000000000000000000000000000000000000000000000000000000000000000000000000000000000000000000000000000000000000000000000000000000000000
	00000000000000000000000000000000000000000000000000000000000000000000000000000000000000000000000000000000000000000000000000000000000000000000000000000000000000000000000000000000000000000000000000000000000000000000000000000000000000000000000000000000000000
	0000000000000000000000000000000000000000000000000000000000000000000000000000000000000000000000000000000000000000000000000000000000000000000000000000000000004E05000088EE00000000000000000000000000000000000000000000000000000000000000000000000000000000000000
	00000000000000000000000000000000000000000000000000000000000000000000000000000000000000000000000000000000000000000000000000000000000000000000000000000000000000000000000000000000000000000000000000000000000000000000000000000000000000000000000000000000000000
	00000000000000000000000000000000000000000000000000000000000000000000000000000000000000000000000000000000000000000000000000000000000000000000000000000000000000000000000000000000000000000000000000000000000000000000000000000000000000000000000000000000000000
	004B06000088EE000000000000000000000000000000000000000000000000000000000000000000000000000000000000000000000000000000000000000000000000000000000000000000000000000000000000000000000000000000000000000000000000000000000000000000000000000000000000000000000000
	00000000000000000000000000000000000000000000000000000000000000000000000000000000000000000000000000000000000000000000000000000000000000000000000000000000000000000000000000000000000000000000000000000000000000000000000000000000000000000000000000000000000000
	0000000000000000000000000000000000000000000000000000000000000000000000000000000000000000000000000000004B06000088EE00000000000000000000000000000000000000000000000000000000000000000000000000000000000000000000000000000000000000000000000000000000000000000000
	00000000000000000000000000000000000000000000000000000000000000000000000000000000000000000000000000000000000000000000000000000000000000000000000000000000000000000000000000000000000000000000000000000000000000000000000000000000000000000000000000000000000000
	00000000000000000000000000000000000000000000000000000000000000000000000000000000000000000000000000000000000000000000000000000000000000000000000000000000000000000000000000000000000000000000000000000000004B0600007BAB0000000000000000000000000000000000000000
	00000000000000000000000000000000000000000000000000000000000000000000000000000000000000000000000000000000000000000000000000000000000000000000000000000000000000000000000000000000000000000000000000000000000000000000000000000000000000000000000000000000000000
	00000000000000000000000000000000000000000000000000000000000000000000000000000000000000000000000000000000000000000000000000000000000000000000000000000000000000000000000000000000000000000000000000000000000000000000000000000000000000000000000000000000000000
	000000000000000000000000480100007FC200000000000000000000000000000000000000000000000000000000000000000000000000000000000000000000000000000000000000000000000000000000000000000000000000000000000000000000000000000000000000000000000000000000000000000000000000
	00000000000000000000000000000000000000000000000000000000000000000000000000000000000000000000000000000000000000000000000000000000000000000000000000000000000000000000000000000000000000000000000000000000000000000000000000000000000000000000000000000000000000
	00000000000000000000000000000000000000000000000000000000000000000000000000000000000000000000000000000000000000000000000000000000000000000000000000000000000000000000500F0000F0EE000000000000000000010000000100000000000000000000000000000000000000000000000000
	00000000000000000000000000000000000000000000000000000000000000000000000000000000000000000000000000000000000000000000000000000000000000000000000000000000000000000000000000000000000000000000000000000000000000000000000000000000000000000000000000000000000000
	00000000000000000000000000000000000000000000000000000000000000000000000000000000000000000000000000000000000000000000000000000000000000000000000000000000000000000000000000000000000000000000000000000000000000000000000000000000000000000000000000000000000000
	00000000000000000080000000800000000000000000000000500F00007FC2000000000000000000000000000000000000000000000000000000000000000000000000000000000000000000000000000000000000000000000000000000000000000000000000000000000000000000000000000000000000000000000000
	00000000000000000000000000000000000000000000000000000000000000000000000000000000000000000000000000000000000000000000000000000000000000000000000000000000000000000000000000000000000000000000000000000000000000000000000000000000000000000000000000000000000000
	0000000000000000000000000000000000000000000000000000000000000000000000000000000000000000000000000000000000000000000000000000000000000000000000000000000000000000000000000000000000000000000000500F00009B390000000000000000000000000000000000000000000000000000
	00000000000000000000000000000000000000000000000000000000000000000000000000000000000000000000000000000000000000000000000000000000000000000000000000000000000000000000000000000000000000000000000000000000000000000000000000000000000000000000000000000000000000
	00000000000000000000000000000000000000000000000000000000000000000000000000000000000000000000000000000000000000000000000000000000000000000000000000000000000000000000000000000000000000000000000000000000000000000000000000000000000000000000000000000000000000
	0000000000000000000000000000000000004B1000009B3900000000000000000000000000000000000000000000000000000000000000000000000000000000000000000000000000000000000000000000000000000000000000000000000000000000000000000000000000000000000000000000000000000000000000
	00000000000000000000000000000000000000000000000000000000000000000000000000000000000000000000000000000000000000000000000000000000000000000000000000000000000000000000000000000000000000000000000000000000000000000000000000000000000000000000000000000000000000
	00000000000000000000000000000000000000000000000000000000000000000000000000000000000000000000000000000000000000000000000000000000000000004B10000088A10000000000000000000100000000000000000000000000000000000000000000000000000000000000000000000000000000000000
	00000000000000000000000000000000000000000000000000000000000000000000000000000000000000000000000000000000000000000000000000000000000000000000000000000000000000000000000000000000000000000000000000000000000000000000000000000000000000000000000000000000000000
	000000000000000000000000000000000000000000000000000000000000000000000000000000000000000000000000000000000000000000000000000000000000000000000000000000000000000000000000000000000000000000000000000000000000000000008000000000000000000000004B1000000F79000000
	00000000000000000000000000000000000000000000000000000000000000000000000000000000000000000000000000000000000000000000000000000000000000000000000000000000000000000000000000000000000000000000000000000000000000000000000000000000000000000000000000000000000000
	0000000000000000000000000000000000000000000000000000000028070000E011000000000000000000000000000100000000000000000000000000000000000000000000000000000000000000000000000000000000000000000000000000000000000000000000000000000000000000000000000000000000000000
	000000000000000000000000000000000000000000000000000000000000000000000000000000000000000000000000008000000000000000000000000000000028070000E007000000FFFF06FFFF0082FF00807800807FFC807FFF867FFF8042FF80403880403FFC403FFFC63FFFC022FFC02018C0201FFC201FFFE61FFF
	E012FFE01008E0100FFC100FFFF60FFFF00BFFF00801F00807FC0807FFFE07FFF8037FF80405780403F80403FFFE03FFFC077FFC02017C0201FA0201FFFC01FFFE077FFE01037E0100F80100FFFD00FFFF067FFF00837F00807900807FFC000000062708000048320000000000000000000001000000000000000000800000
	00000000000040000000000000000000000000008000000000000000004000000000000000000000000020800000000000000000400000000000000000200000000000000000000000000040000010000000000020000000000000000010000000000000000000000000002000000000000008001000000000000000000800
	00000000000000000000000010000000000000000008000400000000000004000000000000000000000000000800000000000000000400000000000200000200000000000000000000000000040000000000000000020000000000000000010100000000000000000000000002000000000000000001000000000000000000
	8000000000000000000000000001000000000000000000800000000000000000400000000000000000500A000078160000000000000000800000000000008000400000000080004000000000000040000000000020400020000000000000200000000000002000101000000000001000000000000010000800000000080008
	000000000000080004000000000000040004000000000400020000000000000200000000000202000100000000000001000000000000010000810000000000008000000000000080004000000000280900009C5000000000400000000020010000000000000000002000008000100000000000000000004010000000000800
	0000000020000000000800000000040010000000000000800004000008000200000000400000000004020000000001200000000002000000000100100000000000000000010000080000800000000000000000040080000000004000000000020000000000400000000020010000000000000028020000F48C000000000000
	00000000000000000000000000000000000000000000000000000000000000000000000000000000000000000000000000000000000000000000000000000000000000000000000000000000000000000000000000000000000000000000000000000000000000000000000000000000000000000000000000000000000000
	00000000000000000000000000000000000000000027030000A70200000000000000000000000000000000000000000000000000000000000000000000000000000000000000000000000000000000000000000000000000000000000000000000000000000000000000000000000000000000000000000000000000000000
	0000000000000000000000000000000000000000000000000000000000000000000000000000000000000000000025040000A702000000000000000000000000000000000000000000000000000000000000000000000000000000000000000000000000000000000000000000000000000000000000000000000000000000
	0000000000000000000000000000000000000000000000000000000000000000000000000000000000000000000000000000000000000000000000000000000000000000000000250400000D4A0000000000000000000100000001000000000000000000000000000000000000000000000000000000000000000000000000
	00000000000000000000000000000000000000000000000000000000000000000000000000000000000000000000000000000000000000000000000000000000000000000000000000000000000000000000000080000000800000000000000000000000260E0000AE26000000000000000000000000000000000000000000
	00000000000000000000000000000000000000000000000000000000000000000000000000000000000000000000000000000000000000000000000000000000000000000000000000000000000000000000000000000000000000000000000000000000000000000000000000000000000000000000000000000000000000
	0000260E000046FA0000000000000000000000000000000000000000000000000000000000000000000000000000000000000000000000000000000000000000000000000000000000000000000000000000000000000000000000000000000000000000000000000000000000000000000000000000000000000000000000
	000000000000000000000000000000000000000000000000000000000000000000000000000000280D0000CEB100004000810040000102000000020020000020204000200040800000008000000000101000001010200000002040000000400800000008080000000810000000102004000020040000000004000000040800
	02000810020000100000000000020000010204000100040800000008000000000081000000810200000002040000000400400000004080004000810040000102000000020020000000204000280D000083AB000000000000000000010000000000000000000000000000000000000000000000000000000000000000000000
	0000000000000000000000000000000000000000000000000000000000000000000000000000000000000000000000000000000000000000000000000000000000000000000000000000000000000000000000000000000000000000000000000000000000000000000000000000000000280D0000E7810000000000000000
	00000000000000000000000000000000000000000000000000000000000000000000000000000000000000000000000000000000000000000000000000000000000000000000000000000000000000000000000000000000000000000000000000000000000000000000000000000000000000000000000000000000000000
	00000000000000000000000000000000000000000000000000000000000000000000000000000000000000000000000000000000000000000000000000000000000000000000000000000000000000000000000000000000000000000000000000000000000000000000000000000000000000000000000000000000000000
	00000000000000000000000000000000000000000000000000000000000000000000000000000000000000004D0C000026810000000000000000000000000001000000000000000000000000000000000000000000000000000000000000000000000000000000000000000000000000000000000000000000000000000000
	00000000000000000000000000000000000000000000000000000000000000000000000000000000000000000000000000000000000000000000000000000000000000000000000000000000000000000000000000000000000000000000000000000000000000000000000000000000000000000000000000000000000000
	0000000000000000000000000000000000000000000000000000000000000000000000000000000000000000000000000000000000000000000000000000000000000000000000000000000000000000000000000000000000000000000000000000000000004D0C000075DD00000000000000000000000000000000000000
	00000000000000000000000000000000000000000000000000000000000000000000000000000000000000000000000000000000000000000000000000000000000000000000000000000000000000000000000000000000000000000000000000000000000000000000000000000000000000000000000000000000000000
	00000000000000000000000000000000000000000000000000000000000000000000000000000000000000000000000000000000000000000000000000000000000000000000000000000000000000000000000000000000000000000000000000000000000000000000000000000000000000000000000000000000000000
	000000000000000000000000000000000000000000000000000000000000000000000000004E0B000075DD000000000000000000000000000000000000000000000000000000000000000000000000000000000000000000000000000000000000000000000000000000000000000000000000000000000000000000000000
	00000000000000000000000000000000000000000000000000000000000000000000000000000000000000000000000000000000000000000000000000000000000000000000000000000000000000000000000000000000000000000000000000000000000000000000000000000000000000000000000000000000000000
	0000000000000000000000000000000000000000000000000000000000000000000000000000000000000000000000000000000000000000000000000000000000000000000000000000000000000000000000000000000000000000000000000000004E0B000082A600000000000000000000000000000000000000000000
	00000000000000000000000000000000000000000000000000000000000000000000000000000000000000000000000000000000000000000000000000000000000000000000000000000000000000000000000000000000000000000000000000000000000000000000000000000000000000000000000000000000000000
	00000000000000000000000000000000000000000000000000000000000000000000000000000000000000000000000000000000000000000000000000000000000000000000000000000000000000000000000000000000000000000000000000000000000000000000000000000000000000000000000000000000000000
	000000000000000000000000000000000000800000000000000000000000000000004E0B00005D19000000000000000000000000000000000000000000000000000000000000000000000000000000000000000000000000000000000000000000000000000000000000000000000000000000000000000000000000000000
	00000000000000000000000000000000000000000000000000000000000000000000000000000000000000000000000000000000000000000000000000000000000000000000000000000000000000000000000000000000000000000000000000000000000000000000000000000000000000000000000000000000000000
	00000000000000000000000000000000000000000000000000000000000000000000000000000000000000000000000000000000000000000000000000000000000000000000000000000000000000000000000000000000000000004D0000005D190000000000000000000000000000000000000000000000000000000000
	00000000000000000000000000000000000000000000000000000000000000000000000000000000000000000000000000000000000000000000000000000000000000000000000000000000000000000000000000000000000000000000000000000000000000000000000000000000000000000000000000000000000000
	00000000000000000000000000000000000000000000000000000000000000000000000000000000000000000000000000000000000000000000000000000000000000000000000000000000000000000000000000000000000000000000000000000000000000000000000000000000000000000000000000000000000000
	00000000000000000000000000000000000000000000004D0000005D190000000000000000000000000000000000000000000000000000000000000000000000000000000000000000000000000000000000000000000000000000000000000000000000000000000000000000000000000000000000000000000000000000
	00000000000000000000000000000000000000000000000000000000000000000000000000000000000000000000000000000000000000000000000000000000000000000000000000000000000000000000000000000000000000000000000000000000000000000000000000000000000000000000000000000000000000
	0000000000000000000000000000000000000000000000000000000000000000000000000000000000000000000000000000000000000000000000000000000000000000000000000000000000000000004D0000005D1900000000000000000000000000000000000000000000000000000000000000000000000000000000
	00000000000000000000000000000000000000000000000000000000000000000000000000000000000000000000000000000000000000000000000000000000000000000000000000000000000000000000000000000000000000000000000000000000000000000000000000000000000000000000000000000000000000
	00000000000000000000000000000000000000000000000000000000000000000000000000000000000000000000000000000000000000000000000000000000000000000000000000000000000000000000000000000000000000000000000000000000000000000000000000000000000000000000000000000000000000
	0000000000000000000000004D0000002B2D00000000000000000001000000010000000000000000000000000000000000000000000000000000000000000000000000000000000000000000000000000000000000000000000000000000000000000000000000000000000000000000000000000000000000000000000000
	00000000000000000000000000000000000000000000000000000000000000000000000000000000000000000000000000000000000000000000000000000000000000000000000000000000000000000000000000000000000000000000000000000000000000000000000000000000000000000000000000000000000000
	00000000000000000000000000000000000000000000000000000000000000000000000000000000000000000000000000000000000000000000800000008000000000000000000000004E050000CEAE0000000000000000000000000000000000000000000000000000000000000000000000000000000000000000000000
	00000000000000000000000000000000000000000000000000000000000000000000000000000000000000000000000000000000000000000000000000000000000000000000000000000000000000000000000000000000000000000000000000000000000000000000000000000000000000000000000000000000000000
	00000000000000000000000000000000000000000000000000000000000000000000000000000000000000000000000000000000000000000000000000000000000000000000000000000000000000000000000000000000000000000000000000000000000000000000000000000000000000000000000000000000000000
	0000000000000000004E05000088EE00000000000000000000000000000000000000000000000000000000000000000000000000000000000000000000000000000000000000000000000000000000000000000000000000000000000000000000000000000000000000000000000000000000000000000000000000000000
	00000000000000000000000000000000000000000000000000000000000000000000000000000000000000000000000000000000000000000000000000000000000000000000000000000000000000000000000000000000000000000000000000000000000000000000000000000000000000000000000000000000000000
	00000000000000000000000000000000000000000000000000000000000000000000000000000000000000000000000000000000000000000000004B06000088EE0000000000000000000000000000000000000000000000000000000000000000000000000000000000000000000000000000000000000000000000000000
	00000000000000000000000000000000000000000000000000000000000000000000000000000000000000000000000000000000000000000000000000000000000000000000000000000000000000000000000000000000000000000000000000000000000000000000000000000000000000000000000000000000000000
	000000000000000000000000000000000000000000000000000000000000000000000000000000000000000000000000000000000000000000000000000000000000000000000000000000000000000000000000000000000000000000000000000000000000000000000000004B0600009B76000000000000000000010000
	00000000000000000000000000000000000000000000000000000000000000000000000000000000000000000000000000000000000000000000000000000000000000000000000000000000000000000000000000000000000000000000000000000000000000000000000000000000000000000000000000000000000000
	00000000000000000000000000000000000000000000000000000000000000000000000000000000000000000000000000000000000000000000000000000000000000000000000000000000000000000000000000000000000000000000000000000000000000000000000000000000000000000000000000000000000000
	00000000000000000000000000000000000000008000000000000000000000004B0600007BAB0000000000000000000000000000000000000000000000000000000000000000000000000000000000000000000000000000000000000000000000000000000000000000000000000000000000000000000000000000000000
	00000000000000000000000000000000000000000000000000000000000000000000000000000000000000000000000000000000000000000000000000000000000000000000000000000000000000000000000000000000000000000000000000000000000000000000000000000000000000000000000000000000000000
	0000000000000000000000000000000000000000000000000000000000000000000000000000000000000000000000000000000000000000000000000000000000000000000048010000E602000000000000000000000000000100000000000000000000000000000000000000000000000000000000000000000000000000
	00000000000000000000000000000000000000000000000000000000000000000000000000000000000000000000000000000000000000000000000000000000000000000000000000000000000000000000000000000000000000000000000000000000000000000000000000000000000000000000000000000000000000
	00000000000000000000000000000000000000000000000000000000000000000000000000000000000000000000000000000000000000000000000000000000000000000000000000000000000000000000000000000000000000000000000000000000000000000000000000000000000000000000000000000000800000
	00000000000000000000000000500F00007FC2000000000000000000000000000000000000000000000000000000000000000000000000000000000000000000000000000000000000000000000000000000000000000000000000000000000000000000000000000000000000000000000000000000000000000000000000
	00000000000000000000000000000000000000000000000000000000000000000000000000000000000000000000000000000000000000000000000000000000000000000000000000000000000000000000000000000000000000000000000000000000000000000000000000000000000000000000000000000000000000
	0000000000000000000000000000000000000000000000000000000000000000000000000000000000000000000000000000000000000000000000000000000000000000000000000000000000000000000000500F00007FC20000000000000000000000000000000000000000000000000000000000000000000000000000
	00000000000000000000000000000000000000000000000000000000000000000000000000000000000000000000000000000000000000000000000000000000000000000000000000000000000000000000000000000000000000000000000000000000000000000000000000000000000000000000000000000000000000
	00000000000000000000000000000000000000000000000000000000000000000000000000000000000000000000000000000000000000000000000000000000000000000000000000000000000000000000000000000000000000000000000000000000000000000000000000000000000000000000000000000000000000
	0000000000000000000000000000000000000000000000000000500F00009B390000000000000000000000000000000000000000000000000000000000000000000000000000000000000000000000000000000000000000000000000000000000000000000000000000000000000000000000000000000000000000000000
	00000000000000000000000000000000000000000000000000000000000000000000000000000000000000000000000000000000000000000000000000000000000000000000000000000000000000000000000000000000000000000000000000000000000000000000000000000000000000000000000000000000000000
	000000000000000000000000000000000000000000000000000000000000000000000000000000000000000000000000000000000000000000000000000000000000000000000000000000004B1000009B39000000000000000000000000000000000000000000000000000000000000000000000000000000000000000000
	00000000000000000000000000000000000000000000000000000000000000000000000000000000000000000000000000000000000000000000000000000000000000000000000000000000000000000000000000000000000000000000000000000000000000000000000000000000000000000000000000000000000000
	0000000000000000000000000000000000000000000000000000000000000000000000000000000000000000000000000000000000000000000000000000000000000000000000000000000000000000000000000000000000000000000000000000000000000000000000000000000000000000000000000000000000004B
	1000009B390000000000000000000000000000000000000000000000000000000000000000000000000000000000000000000000000000000000000000000000000000000000000000000000000000000000000000000000000000000000000000000000000000000000000000000000000000000000000000000000000000
	00000000000000000000000000000000000000000000000000000000000000000000000000000000000000000000000000000000000000000000000000000000000000000000000000000000000000000000000000000000000000000000000000000000000000000000000000000000000000000000000000000000000000
	000000000000000000000000000000000000000000000000000000000000000000000000000000000000000000000000004B1000000F79000000000000000000000000000000000000000000000000000000000000000000000000000000000000000000000000000000000000000000000000000000000000000000000000
	0000000000000000000000000000000000000000000000000000000000000000000000000000000000000000000000000000000000000000000000000000000000000000000000000000000000000000000000000000280700000F790000000000000000000000000000000000000000000000000000000000000000000000
	00000000000000000000000000000000000000000000000000000000000000000000000000000000000000000000000000000000000000000000000000000000000000000000000000000000000000000000000000000000000000000000000000000000000000000000000000000000000000000000000000000028070000
	ABEA000000FFFF06FFFF0083FF00807900807FFC807FFF867FFF8042FF80403880403FFC403FFFC63FFFC022FFC02018C0201FFC201FFFE61FFFE012FFE01008E0100FFC100FFFF60FFFF00BFFF00801F00807FC0807FFFE07FFF8037FF80405780403F80403FFFE03FFFC077FFC02017C0201FA0201FFFC01FFFE077FFE01
	037E0100F80100FFFD00FFFF06FFFF0083FF00807900807FFC000000062708000048320000000000000000000001000000000000000000800000000000000000400000000000000000000000000080000000000000000040000000000000000000000000208000000000000000004000000000000000002000000000000000
	00000000000040000010000000000020000000000000000010000000000000000000000000002000000000000008001000000000000000000800000000000000000000000000100000000000000000080004000000000000040000000000000000000000000008000000000000000004000000000002000002000000000000
	000000000000000400000000000000000200000000000000000101000000000000000000000000020000000000000000010000000000000000008000000000000000000000000001000000000000000000800000000000000000400000000000000000500A0000781600000000000000008000000000000080004000000000
	80004000000000000040000000000020400020000000000000200000000000002000101000000000001000000000000010000800000000080008000000000000080004000000000000040004000000000400020000000000000200000000000202000100000000000001000000000000010000810000000000008000000000
	000080004000000000280900009C5000000000400000000020010000000000000000002000008000100000000000000000004010000000000800000000002000000000080000000004001000000000000080000400000800020000000040000000000402000000000120000000000200000000010010000000000000000001
	00000800008000000000000000000400800000000040000000000200000000004000000000200100000000000000280200001FB5000000000000000000010000000000000000000000000000000000000000000000000000000000000000000000000000000000000000000000000000000000000000000000000000000000
	0000000000000000000000000000000000000000000000000000000000000000000000000000000000000000000000000000000000000000000000000000000000000080000000000000000000000027030000A702000000000000000000000000000000000000000000000000000000000000000000000000000000000000
	000000000000000000000000000000000000000000000000000000000000000000000000000000000000000000000000000000000000000000000000000000000000000000000000000000000000000000000000000000000000000000000000000000000000000025040000BA830000000000000000000000000001000000
	00000000000000000000000000000000000000000000000000000000000000000000000000000000000000000000000000000000000000000000000000000000000000000000000000000000000000000000000000000000000000000000000000000000000000000000000000000000008000000000000000000000000000
	000025040000AE260000000000000000000000000000000000000000000000000000000000000000000000000000000000000000000000000000000000000000000000000000000000000000000000000000000000000000000000000000000000000000000000000000000000000000000000000000000000000000000000
	00000000000000000000000000000000000000000000000000000000000000260E0000AE26000000000000000000000000000000000000000000000000000000000000000000000000000000000000000000000000000000000000000000000000000000000000000000000000000000000000000000000000000000000000
	000000000000000000000000000000000000000000000000000000000000000000000000000000000000000000000000000000000000000000000000260E000046FA00000000000000000000000000000000000000000000000000000000000000000000000000000000000000000000000000000000000000000000000000
	00000000000000000000000000000000000000000000000000000000000000000000000000000000000000000000000000000000000000000000000000000000000000000000000000000000000000000000000000000000000000000000000000280D0000CEB1000040008100400001020000000200200000202040002000
	40800000008000000000101000001010200000002040000000400800000008080000000810000000102004000020040000000004000000040800020008100200001000000000000200000102040001000408000000080000000000810000008102000000020400000004004000000040800040008100400001020000000200
	20000000204000280D000046FA000000000000000000000000000000000000000000000000000000000000000000000000000000000000000000000000000000000000000000000000000000000000000000000000000000000000000000000000000000000000000000000000000000000000000000000000000000000000
	0000000000000000000000000000000000000000000000000000000000000000000000000000000000000000280D0000E7810000000000000000000000000000000000000000000000000000000000000000000000000000000000000000000000000000000000000000000000000000000000000000000000000000000000
	00000000000000000000000000000000000000000000000000000000000000000000000000000000000000000000000000000000000000000000000000000000000000000000000000000000000000000000000000000000000000000000000000000000000000000000000000000000000000000000000000000000000000
	0000000000000000000000000000000000000000000000000000000000000000000000000000000000000000000000000000000000000000000000000000000000000000000000000000000000000000000000000000000000000000000000000000000000004D0C0000E78100000000000000000000000000000000000000
	00000000000000000000000000000000000000000000000000000000000000000000000000000000000000000000000000000000000000000000000000000000000000000000000000000000000000000000000000000000000000000000000000000000000000000000000000000000000000000000000000000000000000
	00000000000000000000000000000000000000000000000000000000000000000000000000000000000000000000000000000000000000000000000000000000000000000000000000000000000000000000000000000000000000000000000000000000000000000000000000000000000000000000000000000000000000
	0000000000000000000000000000000000000000000000000000000000000000004D0C0000905E00000000000000000001000000010000000000000000000000000000000000000000000000000000000000000000000000000000000000000000000000000000000000000000000000000000000000000000000000000000
	00000000000000000000000000000000000000000000000000000000000000000000000000000000000000000000000000000000000000000000000000000000000000000000000000000000000000000000000000000000000000000000000000000000000000000000000000000000000000000000000000000000000000
	00000000000000000000000000000000000000000000000000000000000000000000000000000000000000000000000000000000000000000000000000000000000000000000000000000000000000800000008000000000000000000000004E0B000075DD0000000000000000000000000000000000000000000000000000
	00000000000000000000000000000000000000000000000000000000000000000000000000000000000000000000000000000000000000000000000000000000000000000000000000000000000000000000000000000000000000000000000000000000000000000000000000000000000000000000000000000000000000
	00000000000000000000000000000000000000000000000000000000000000000000000000000000000000000000000000000000000000000000000000000000000000000000000000000000000000000000000000000000000000000000000000000000000000000000000000000000000000000000000000000000000000
	0000000000000000000000000000000000000000000000000000000000004E0B000075DD00000000000000000000000000000000000000000000000000000000000000000000000000000000000000000000000000000000000000000000000000000000000000000000000000000000000000000000000000000000000000
	00000000000000000000000000000000000000000000000000000000000000000000000000000000000000000000000000000000000000000000000000000000000000000000000000000000000000000000000000000000000000000000000000000000000000000000000000000000000000000000000000000000000000
	00000000000000000000000000000000000000000000000000000000000000000000000000000000000000000000000000000000000000000000000000000000000000000000000000000000000000000000000000000000000000004E0B00005D190000000000000000000000000000000000000000000000000000000000
	00000000000000000000000000000000000000000000000000000000000000000000000000000000000000000000000000000000000000000000000000000000000000000000000000000000000000000000000000000000000000000000000000000000000000000000000000000000000000000000000000000000000000
	00000000000000000000000000000000000000000000000000000000000000000000000000000000000000000000000000000000000000000000000000000000000000000000000000000000000000000000000000000000000000000000000000000000000000000000000000000000000000000000000000000000000000
	00000000000000000000000000000000000000000000004D00000098480000000000000000000100000000000000000000000000000000000000000000000000000000000000000000000000000000000000000000000000000000000000000000000000000000000000000000000000000000000000000000000000000000
	00000000000000000000000000000000000000000000000000000000000000000000000000000000000000000000000000000000000000000000000000000000000000000000000000000000000000000000000000000000000000000000000000000000000000000000000000000000000000000000000000000000000000
	0000000000000000000000000000000000000000000000000000000000000000000000000000000000000000000000000000000000000000000000000000000000000000000000000000000000000000004D0000005D1900000000000000000000000000000000000000000000000000000000000000000000000000000000
	00000000000000000000000000000000000000000000000000000000000000000000000000000000000000000000000000000000000000000000000000000000000000000000000000000000000000000000000000000000000000000000000000000000000000000000000000000000000000000000000000000000000000
	00000000000000000000000000000000000000000000000000000000000000000000000000000000000000000000000000000000000000000000000000000000000000000000000000000000000000000000000000000000000000000000000000000000000000000000000000000000000000000000000000000000000000
	0000000000000000000000004D0000009C1900000000000000000000000000010000000000000000000000000000000000000000000000000000000000000000000000000000000000000000000000000000000000000000000000000000000000000000000000000000000000000000000000000000000000000000000000
	00000000000000000000000000000000000000000000000000000000000000000000000000000000000000000000000000000000000000000000000000000000000000000000000000000000000000000000000000000000000000000000000000000000000000000000000000000000000000000000000000000000000000
	000000000000000000000000000000000000000000000000000000000000000000000000000000000000000000000000000000000000000000000000000000000000000000004D000000CEAE000000000000000000000000000000000000000000000000000000000000000000000000000000000000000000000000000000
	00000000000000000000000000000000000000000000000000000000000000000000000000000000000000000000000000000000000000000000000000000000000000000000000000000000000000000000000000000000000000000000000000000000000000000000000000000000000000000000000000000000000000
	00000000000000000000000000000000000000000000000000000000000000000000000000000000000000000000000000000000000000000000000000000000000000000000000000000000000000000000000000000000000000000000000000000000000000000000000000000000000000000000000000000000000000
	00000000004E050000CEAE0000000000000000000000000000000000000000000000000000000000000000000000000000000000000000000000000000000000000000000000000000000000000000000000000000000000000000000000000000000000000000000000000000000000000000000000000000000000000000
	00000000000000000000000000000000000000000000000000000000000000000000000000000000000000000000000000000000000000000000000000000000000000000000000000000000000000000000000000000000000000000000000000000000000000000000000000000000000000000000000000000000000000
	000000000000000000000000000000000000000000000000000000000000000000000000000000000000000000000000000000000000000000000000000000000000004E0500008191000000000000000000000000000000000000000000000000000000000000000000000000000000000000000000000000000000000000
	00000000000000000000000000000000000000000000000000000000000000000000000000000000000000000000000000000000000000000000000000000000000000000000000000000000000000000000000000000000000000000000000000000000000000000000000000000000000000000000000000000000000000
	0000000000000000000000000000000000000000000000000000000000000000000000000000000000000000000000000000000000000000000000000000000000000000000000000000000000000000000000000000000000000000000000000000000000800000000000000000000000000000004B06000088EE00000000
	00000000000000000000000000000000000000000000000000000000000000000000000000000000000000000000000000000000000000000000000000000000000000000000000000000000000000000000000000000000000000000000000000000000000000000000000000000000000000000000000000000000000000
	00000000000000000000000000000000000000000000000000000000000000000000000000000000000000000000000000000000000000000000000000000000000000000000000000000000000000000000000000000000000000000000000000000000000000000000000000000000000000000000000000000000000000
	000000000000000000000000000000000000000000000000000000000000000000000000000000004B06000088EE000000000000000000000000000000000000000000000000000000000000000000000000000000000000000000000000000000000000000000000000000000000000000000000000000000000000000000
	00000000000000000000000000000000000000000000000000000000000000000000000000000000000000000000000000000000000000000000000000000000000000000000000000000000000000000000000000000000000000000000000000000000000000000000000000000000000000000000000000000000000000
	0000000000000000000000000000000000000000000000000000000000000000000000000000000000000000000000000000000000000000000000000000000000000000000000000000000000000000000000000000000000004B0600007BAB00000000000000000000000000000000000000000000000000000000000000
	00000000000000000000000000000000000000000000000000000000000000000000000000000000000000000000000000000000000000000000000000000000000000000000000000000000000000000000000000000000000000000000000000000000000000000000000000000000000000000000000000000000000000
	00000000000000000000000000000000000000000000000000000000000000000000000000000000000000000000000000000000000000000000000000000000000000000000000000000000000000000000000000000000000000000000000000000000000000000000000000000000000000000000000000000000000000
	00480100007FC2000000000000000000000000000000000000000000000000000000000000000000000000000000000000000000000000000000000000000000000000000000000000000000000000000000000000000000000000000000000000000000000000000000000000000000000000000000000000000000000000
	00000000000000000000000000000000000000000000000000000000000000000000000000000000000000000000000000000000000000000000000000000000000000000000000000000000000000000000000000000000000000000000000000000000000000000000000000000000000000000000000000000000000000
	0000000000000000000000000000000000000000000000000000000000000000000000000000000000000000000000000000000000000000000000000000000000000000000000500F0000F0EE0000000000000000000100000001000000000000000000000000000000000000000000000000000000000000000000000000
	00000000000000000000000000000000000000000000000000000000000000000000000000000000000000000000000000000000000000000000000000000000000000000000000000000000000000000000000000000000000000000000000000000000000000000000000000000000000000000000000000000000000000
	00000000000000000000000000000000000000000000000000000000000000000000000000000000000000000000000000000000000000000000000000000000000000000000000000000000000000000000000000000000000000000000000000000000000000000000000000000000000000000000000000000000008000
	0000800000000000000000000000500F00007FC20000000000000000000000000000000000000000000000000000000000000000000000000000000000000000000000000000000000000000000000000000000000000000000000000000000000000000000000000000000000000000000000000000000000000000000000
	00000000000000000000000000000000000000000000000000000000000000000000000000000000000000000000000000000000000000000000000000000000000000000000000000000000000000000000000000000000000000000000000000000000000000000000000000000000000000000000000000000000000000
	000000000000000000000000000000000000000000000000000000000000000000000000000000000000000000000000000000000000000000000000000000000000000000000000000000000000000000000000500F00009B3900000000000000000000000000000000000000000000000000000000000000000000000000
	00000000000000000000000000000000000000000000000000000000000000000000000000000000000000000000000000000000000000000000000000000000000000000000000000000000000000000000000000000000000000000000000000000000000000000000000000000000000000000000000000000000000000
	00000000000000000000000000000000000000000000000000000000000000000000000000000000000000000000000000000000000000000000000000000000000000000000000000000000000000000000000000000000000000000000000000000000000000000000000000000000000000000000000000000000000000
	000000000000004B1000009B39000000000000000000000000000000000000000000000000000000000000000000000000000000000000000000000000000000000000000000000000000000000000000000000000000000000000000000000000000000000000000000000000000000000000000000000000000000000000
	00000000000000000000000000000000000000000000000000000000000000000000000000000000000000000000000000000000000000000000000000000000000000000000000000000000000000000000000000000000000000000000000000000000000000000000000000000000000000000000000000000000000000
	0000000000000000000000000000000000000000000000000000000000000000000000000000000000000000000000000000000000000000004B10000088A100000000000000000001000000000000000000000000000000000000000000000000000000000000000000000000000000000000000000000000000000000000
	00000000000000000000000000000000000000000000000000000000000000000000000000000000000000000000000000000000000000000000000000000000000000000000000000000000000000000000000000000000000000000000000000000000000000000000000000000000000000000000000000000000000000
	00000000000000000000000000000000000000000000000000000000000000000000000000000000000000000000000000000000000000000000000000000000000000000000000000000000000000000000000000000000000000000000008000000000000000000000004B1000000F790000000000000000000000000000
	00000000000000000000000000000000000000000000000000000000000000000000000000000000000000000000000000000000000000000000000000000000000000000000000000000000000000000000000000000000000000000000000000000000000000000000000000000000000000000000000000000000000000
	000000000000000000000000000000000028070000E0110000000000000000000000000001000000000000000000000000000000000000000000000000000000000000000000000000000000000000000000000000000000000000000000000000000000000000000000000000000000000000000000000000000000000000
	00000000000000000000000000000000000000000000000000000000000000000000000000008000000000000000000000000000000028070000E007000000FFFF06FFFF0082FF00807800807FFC807FFF867FFF8042FF80403880403FFC403FFFC63FFFC022FFC02018C0201FFC201FFFE61FFFE012FFE01008E0100FFC10
	0FFFF60FFFF00BFFF00801F00807FC0807FFFE07FFF8037FF80405780403F80403FFFE03FFFC077FFC02017C0201FA0201FFFC01FFFE077FFE01037E0100F80100FFFD00FFFF067FFF00837F00807900807FFC0000000627080000483200000000000000000000010000000000000000008000000000000000004000000000
	00000000000000000080000000000000000040000000000000000000000000208000000000000000004000000000000000002000000000000000000000000000400000100000000000200000000000000000100000000000000000000000000020000000000000080010000000000000000008000000000000000000000000
	00100000000000000000080004000000000000040000000000000000000000000008000000000000000004000000000002000002000000000000000000000000000400000000000000000200000000000000000101000000000000000000000000020000000000000000010000000000000000008000000000000000000000
	000001000000000000000000800000000000000000400000000000000000500A0000781600000000000000008000000000000080004000000000800040000000000000400000000000204000200000000000002000000000000020001010000000000010000000000000100008000000000800080000000000000800040000
	00000000040004000000000400020000000000000200000000000202000100000000000001000000000000010000810000000000008000000000000080004000000000280900009C50000000004000000000200100000000000000000020000080001000000000000000000040100000000008000000000020000000000800
	000000040010000000000000800004000008000200000000400000000004020000000001200000000002000000000100100000000000000000010000080000800000000000000000040080000000004000000000020000000000400000000020010000000000000028020000F48C0000000000000000000000000000000000
	00000000000000000000000000000000000000000000000000000000000000000000000000000000000000000000000000000000000000000000000000000000000000000000000000000000000000000000000000000000000000000000000000000000000000000000000000000000000000000000000000000000000000
	0000000000000000000027030000A702000000000000000000000000000000000000000000000000000000000000000000000000000000000000000000000000000000000000000000000000000000000000000000000000000000000000000000000000000000000000000000000000000000000000000000000000000000
	000000000000000000000000000000000000000000000000000000000000000000000025040000A7020000000000000000000000000000000000000000000000000000000000000000000000000000000000000000000000000000000000000000000000000000000000000000000000000000000000000000000000000000
	000000000000000000000000000000000000000000000000000000000000000000000000000000000000000000000000000000000000000000000000250400000D4A00000000000000000001000000010000000000000000000000000000000000000000000000000000000000000000000000000000000000000000000000
	0000000000000000000000000000000000000000000000000000000000000000000000000000000000000000000000000000000000000000000000000000000000000000000000000080000000800000000000000000000000260E0000AE260000000000000000000000000000000000000000000000000000000000000000
	00000000000000000000000000000000000000000000000000000000000000000000000000000000000000000000000000000000000000000000000000000000000000000000000000000000000000000000000000000000000000000000000000000000000000000000000000000000000000000000260E000046FA000000
	00000000000000000000000000000000000000000000000000000000000000000000000000000000000000000000000000000000000000000000000000000000000000000000000000000000000000000000000000000000000000000000000000000000000000000000000000000000000000000000000000000000000000
	00000000000000000000000000000000000000000000000000000000280D0000CEB1000040008100400001020000000200200000202040002000408000000080000000001010000010102000000020400000004008000000080800000008100000001020040000200400000000040000000408000200081002000010000000
	0000020000010204000100040800000008000000000081000000810200000002040000000400400000004080004000810040000102000000020020000000204000280D0000EAD70000000000000000000100000000000000000000000000000000000000000000000000000000000000000000000000000000000000000000
	000000000000000000000000000000000000000000000000000000000000000000000000000000000000000000000000000000000000000000000000000000000000000000000000000000000000000000000000000000000000800000000000000000000000280D0000E78100000000000000000000000000000000000000
	00000000000000000000000000000000000000000000000000000000000000000000000000000000000000000000000000000000000000000000000000000000000000000000000000000000000000000000000000000000000000000000000000000000000000000000000000000000000000000000000000000000000000
	00000000000000000000000000000000000000000000000000000000000000000000000000000000000000000000000000000000000000000000000000000000000000000000000000000000000000000000000000000000000000000000000000000000000000000000000000000000000000000000000000000000000000
	0000000000000000000000000000000000000000000000000000000000000000004D0C0000425F00000000000000000000000000010000000000000000000000000000000000000000000000000000000000000000000000000000000000000000000000000000000000000000000000000000000000000000000000000000
	00000000000000000000000000000000000000000000000000000000000000000000000000000000000000000000000000000000000000000000000000000000000000000000000000000000000000000000000000000000000000000000000000000000000000000000000000000000000000000000000000000000000000
	000000000000000000000000000000000000000000000000000000000000000000000000000000000000000000000000000000000000000000000000000000000000000000000000000000800000000000000000000000000000004D0C000075DD000000000000000000000000000000000000000000000000000000000000
	00000000000000000000000000000000000000000000000000000000000000000000000000000000000000000000000000000000000000000000000000000000000000000000000000000000000000000000000000000000000000000000000000000000000000000000000000000000000000000000000000000000000000
	00000000000000000000000000000000000000000000000000000000000000000000000000000000000000000000000000000000000000000000000000000000000000000000000000000000000000000000000000000000000000000000000000000000000000000000000000000000000000000000000000000000000000
	00000000000000000000000000000000000000000000000000004E0B000075DD0000000000000000000000000000000000000000000000000000000000000000000000000000000000000000000000000000000000000000000000000000000000000000000000000000000000000000000000000000000000000000000000
	00000000000000000000000000000000000000000000000000000000000000000000000000000000000000000000000000000000000000000000000000000000000000000000000000000000000000000000000000000000000000000000000000000000000000000000000000000000000000000000000000000000000000
	000000000000000000000000000000000000000000000000000000000000000000000000000000000000000000000000000000000000000000000000000000000000000000000000000000000000000000000000000000004E0B000075DD000000000000000000000000000000000000000000000000000000000000000000
	00000000000000000000000000000000000000000000000000000000000000000000000000000000000000000000000000000000000000000000000000000000000000000000000000000000000000000000000000000000000000000000000000000000000000000000000000000000000000000000000000000000000000
	00000000000000000000000000000000000000000000000000000000000000000000000000000000000000000000000000000000000000000000000000000000000000000000000000000000000000000000000000000000000000000000000000000000000000000000000000000000000000000000000000000000000000
	00000000000000000000000000000000000000000000004E0B00005D190000000000000000000000000000000000000000000000000000000000000000000000000000000000000000000000000000000000000000000000000000000000000000000000000000000000000000000000000000000000000000000000000000
	00000000000000000000000000000000000000000000000000000000000000000000000000000000000000000000000000000000000000000000000000000000000000000000000000000000000000000000000000000000000000000000000000000000000000000000000000000000000000000000000000000000000000
	0000000000000000000000000000000000000000000000000000000000000000000000000000000000000000000000000000000000000000000000000000000000000000000000000000000000000000004D0000005D1900000000000000000000000000000000000000000000000000000000000000000000000000000000
	00000000000000000000000000000000000000000000000000000000000000000000000000000000000000000000000000000000000000000000000000000000000000000000000000000000000000000000000000000000000000000000000000000000000000000000000000000000000000000000000000000000000000
	00000000000000000000000000000000000000000000000000000000000000000000000000000000000000000000000000000000000000000000000000000000000000000000000000000000000000000000000000000000000000000000000000000000000000000000000000000000000000000000000000000000000000
	0000000000000000000000004D0000005D1900000000000000000000000000000000000000000000000000000000000000000000000000000000000000000000000000000000000000000000000000000000000000000000000000000000000000000000000000000000000000000000000000000000000000000000000000
	00000000000000000000000000000000000000000000000000000000000000000000000000000000000000000000000000000000000000000000000000000000000000000000000000000000000000000000000000000000000000000000000000000000000000000000000000000000000000000000000000000000000000
	000000000000000000000000000000000000000000000000000000000000000000000000000000000000000000000000000000000000000000000000000000000000000000004D0000005D19000000000000000000000000000000000000000000000000000000000000000000000000000000000000000000000000000000
	00000000000000000000000000000000000000000000000000000000000000000000000000000000000000000000000000000000000000000000000000000000000000000000000000000000000000000000000000000000000000000000000000000000000000000000000000000000000000000000000000000000000000
	00000000000000000000000000000000000000000000000000000000000000000000000000000000000000000000000000000000000000000000000000000000000000000000000000000000000000000000000000000000000000000000000000000000000000000000000000000000000000000000000000000000000000
	004D0000002B2D000000000000000000010000000100000000000000000000000000000000000000000000000000000000000000000000000000000000000000000000000000000000000000000000000000000000000000000000000000000000000000000000000000000000000000000000000000000000000000000000
	00000000000000000000000000000000000000000000000000000000000000000000000000000000000000000000000000000000000000000000000000000000000000000000000000000000000000000000000000000000000000000000000000000000000000000000000000000000000000000000000000000000000000
	0000000000000000000000000000000000000000000000000000000000000000000000000000000000000000000000800000008000000000000000000000004E050000CEAE00000000000000000000000000000000000000000000000000000000000000000000000000000000000000000000000000000000000000000000
	00000000000000000000000000000000000000000000000000000000000000000000000000000000000000000000000000000000000000000000000000000000000000000000000000000000000000000000000000000000000000000000000000000000000000000000000000000000000000000000000000000000000000
	00000000000000000000000000000000000000000000000000000000000000000000000000000000000000000000000000000000000000000000000000000000000000000000000000000000000000000000000000000000000000000000000000000000000000000000000000000000000000000000000000000000004E05
	000088EE000000000000000000000000000000000000000000000000000000000000000000000000000000000000000000000000000000000000000000000000000000000000000000000000000000000000000000000000000000000000000000000000000000000000000000000000000000000000000000000000000000
	00000000000000000000000000000000000000000000000000000000000000000000000000000000000000000000000000000000000000000000000000000000000000000000000000000000000000000000000000000000000000000000000000000000000000000000000000000000000000000000000000000000000000
	0000000000000000000000000000000000000000000000000000000000000000000000000000000000000000000000004B06000088EE00000000000000000000000000000000000000000000000000000000000000000000000000000000000000000000000000000000000000000000000000000000000000000000000000
	00000000000000000000000000000000000000000000000000000000000000000000000000000000000000000000000000000000000000000000000000000000000000000000000000000000000000000000000000000000000000000000000000000000000000000000000000000000000000000000000000000000000000
	00000000000000000000000000000000000000000000000000000000000000000000000000000000000000000000000000000000000000000000000000000000000000000000000000000000000000000000000000000000000000000000000000004B0600009B760000000000000000000100000000000000000000000000
	00000000000000000000000000000000000000000000000000000000000000000000000000000000000000000000000000000000000000000000000000000000000000000000000000000000000000000000000000000000000000000000000000000000000000000000000000000000000000000000000000000000000000
	00000000000000000000000000000000000000000000000000000000000000000000000000000000000000000000000000000000000000000000000000000000000000000000000000000000000000000000000000000000000000000000000000000000000000000000000000000000000000000000000000000000000000
	0000000000000000008000000000000000000000004B0600007BAB00000000000000000000000000000000000000000000000000000000000000000000000000000000000000000000000000000000000000000000000000000000000000000000000000000000000000000000000000000000000000000000000000000000
	00000000000000000000000000000000000000000000000000000000000000000000000000000000000000000000000000000000000000000000000000000000000000000000000000000000000000000000000000000000000000000000000000000000000000000000000000000000000000000000000000000000000000
	000000000000000000000000000000000000000000000000000000000000000000000000000000000000000000000000000000000000000000000048010000E6020000000000000000000000000001000000000000000000000000000000000000000000000000000000000000000000000000000000000000000000000000
	00000000000000000000000000000000000000000000000000000000000000000000000000000000000000000000000000000000000000000000000000000000000000000000000000000000000000000000000000000000000000000000000000000000000000000000000000000000000000000000000000000000000000
	00000000000000000000000000000000000000000000000000000000000000000000000000000000000000000000000000000000000000000000000000000000000000000000000000000000000000000000000000000000000000000000000000000000000000000000000000000000008000000000000000000000000000
	0000500F00007FC20000000000000000000000000000000000000000000000000000000000000000000000000000000000000000000000000000000000000000000000000000000000000000000000000000000000000000000000000000000000000000000000000000000000000000000000000000000000000000000000
	00000000000000000000000000000000000000000000000000000000000000000000000000000000000000000000000000000000000000000000000000000000000000000000000000000000000000000000000000000000000000000000000000000000000000000000000000000000000000000000000000000000000000
	000000000000000000000000000000000000000000000000000000000000000000000000000000000000000000000000000000000000000000000000000000000000000000000000500F00007FC200000000000000000000000000000000000000000000000000000000000000000000000000000000000000000000000000
	00000000000000000000000000000000000000000000000000000000000000000000000000000000000000000000000000000000000000000000000000000000000000000000000000000000000000000000000000000000000000000000000000000000000000000000000000000000000000000000000000000000000000
	00000000000000000000000000000000000000000000000000000000000000000000000000000000000000000000000000000000000000000000000000000000000000000000000000000000000000000000000000000000000000000000000000000000000000000000000000000000000000000000000000000000000000
	000000000000000000000000000000500F00009B3900000000000000000000000000000000000000000000000000000000000000000000000000000000000000000000000000000000000000000000000000000000000000000000000000000000000000000000000000000000000000000000000000000000000000000000
	00000000000000000000000000000000000000000000000000000000000000000000000000000000000000000000000000000000000000000000000000000000000000000000000000000000000000000000000000000000000000000000000000000000000000000000000000000000000000000000000000000000000000
	00000000000000000000000000000000000000000000000000000000000000000000000000000000000000000000000000000000000000000000000000000000004B1000009B390000000000000000000000000000000000000000000000000000000000000000000000000000000000000000000000000000000000000000
	00000000000000000000000000000000000000000000000000000000000000000000000000000000000000000000000000000000000000000000000000000000000000000000000000000000000000000000000000000000000000000000000000000000000000000000000000000000000000000000000000000000000000
	000000000000000000000000000000000000000000000000000000000000000000000000000000000000000000000000000000000000000000000000000000000000000000000000000000000000000000000000000000000000000000000000000000000000000000000000000000000000004B1000009B39000000000000
	00000000000000000000000000000000000000000000000000000000000000000000000000000000000000000000000000000000000000000000000000000000000000000000000000000000000000000000000000000000000000000000000000000000000000000000000000000000000000000000000000000000000000
	00000000000000000000000000000000000000000000000000000000000000000000000000000000000000000000000000000000000000000000000000000000000000000000000000000000000000000000000000000000000000000000000000000000000000000000000000000000000000000000000000000000000000
	00000000000000000000000000000000000000000000000000000000000000000000000000004B1000000F790000000000000000000000000000000000000000000000000000000000000000000000000000000000000000000000000000000000000000000000000000000000000000000000000000000000000000000000
	000000000000000000000000000000000000000000000000000000000000000000000000000000000000000000000000000000000000000000000000000000000000000000000000000000280700000F7900000000000000000000000000000000000000000000000000000000000000000000000000000000000000000000
	0000000000000000000000000000000000000000000000000000000000000000000000000000000000000000000000000000000000000000000000000000000000000000000000000000000000000000000000000000000000000000000000000000000000000000000000000000000028070000ABEA000000FFFF06FFFF00
	83FF00807900807FFC807FFF867FFF8042FF80403880403FFC403FFFC63FFFC022FFC02018C0201FFC201FFFE61FFFE012FFE01008E0100FFC100FFFF60FFFF00BFFF00801F00807FC0807FFFE07FFF8037FF80405780403F80403FFFE03FFFC077FFC02017C0201FA0201FFFC01FFFE077FFE01037E0100F80100FFFD00FF
	FF06FFFF0083FF00807900807FFC0000000627080000483200000000000000000000010000000000000000008000000000000000004000000000000000000000000000800000000000000000400000000000000000000000002080000000000000000040000000000000000020000000000000000000000000004000001000
	00000000200000000000000000100000000000000000000000000020000000000000080010000000000000000008000000000000000000000000001000000000000000000800040000000000000400000000000000000000000000080000000000000000040000000000020000020000000000000000000000000004000000
	00000000000200000000000000000101000000000000000000000000020000000000000000010000000000000000008000000000000000000000000001000000000000000000800000000000000000400000000000000000500A00007816000000000000000080000000000000800040000000008000400000000000004000
	00000000204000200000000000002000000000000020001010000000000010000000000000100008000000000800080000000000000800040000000000000400040000000004000200000000000002000000000002020001000000000000010000000000000100008100000000000080000000000000800040000000002809
	00009C50000000004000000000200100000000000000000020000080001000000000000000000040100000000008000000000020000000000800000000040010000000000000800004000008000200000000400000000004020000000001200000000002000000000100100000000000000000010000080000800000000000
	0000000400800000000040000000000200000000004000000000200100000000000000280200001FB50000000000000000000100000000000000000000000000000000000000000000000000000000000000000000000000000000000000000000000000000000000000000000000000000000000000000000000000000000
	000000000000000000000000000000000000000000000000000000000000000000000000000000000000000000000000000000000000000080000000000000000000000027030000A7020000000000000000000000000000000000000000000000000000000000000000000000000000000000000000000000000000000000
	00000000000000000000000000000000000000000000000000000000000000000000000000000000000000000000000000000000000000000000000000000000000000000000000000000000000000000000000000000000000000000025040000BA8300000000000000000000000000010000000000000000000000000000
	0000000000000000000000000000000000000000000000000000000000000000000000000000000000000000000000000000000000000000000000000000000000000000000000000000000000000000000000000000000000000000000000000000000000008000000000000000000000000000000025040000AE26000000
	00000000000000000000000000000000000000000000000000000000000000000000000000000000000000000000000000000000000000000000000000000000000000000000000000000000000000000000000000000000000000000000000000000000000000000000000000000000000000000000000000000000000000
	0000000000000000000000000000000000000000260E0000AE260000000000000000000000000000000000000000000000000000000000000000000000000000000000000000000000000000000000000000000000000000000000000000000000000000000000000000000000000000000000000000000000000000000000
	00000000000000000000000000000000000000000000000000000000000000000000000000000000000000000000000000260E000046FA000000000000000000000000000000000000000000000000000000000000000000000000000000000000000000000000000000000000000000000000000000000000000000000000
	0000000000000000000000000000000000000000000000000000000000000000000000000000000000000000000000000000000000000000000000000000000000000000000000000000000000000000000000000000280D0000CEB10000400081004000010200000002002000002020400020004080000000800000000010
	100000101020000000204000000040080000000808000000081000000010200400002004000000000400000004080002000810020000100000000000020000010204000100040800000008000000000081000000810200000002040000000400400000004080004000810040000102000000020020000000204000280D0000
	46FA0000000000000000000000000000000000000000000000000000000000000000000000000000000000000000000000000000000000000000000000000000000000000000000000000000000000000000000000000000000000000000000000000000000000000000000000000000000000000000000000000000000000
	000000000000000000000000000000000000000000000000000000000000000000280D0000E78100000000000000000000000000000000000000000000000000000000000000000000000000000000000000000000000000000000000000000000000000000000000000000000000000000000000000000000000000000000
	00000000000000000000000000000000000000000000000000000000000000000000000000000000000000000000000000000000000000000000000000000000000000000000000000000000000000000000000000000000000000000000000000000000000000000000000000000000000000000000000000000000000000
	000000000000000000000000000000000000000000000000000000000000000000000000000000000000000000000000000000000000000000000000000000000000000000000000000000000000000000000000000000000000004D0C0000E781000000000000000000000000000000000000000000000000000000000000
	00000000000000000000000000000000000000000000000000000000000000000000000000000000000000000000000000000000000000000000000000000000000000000000000000000000000000000000000000000000000000000000000000000000000000000000000000000000000000000000000000000000000000
	00000000000000000000000000000000000000000000000000000000000000000000000000000000000000000000000000000000000000000000000000000000000000000000000000000000000000000000000000000000000000000000000000000000000000000000000000000000000000000000000000000000000000
	000000000000000000000000000000000000000000004D0C0000905E000000000000000000010000000100000000000000000000000000000000000000000000000000000000000000000000000000000000000000000000000000000000000000000000000000000000000000000000000000000000000000000000000000
	00000000000000000000000000000000000000000000000000000000000000000000000000000000000000000000000000000000000000000000000000000000000000000000000000000000000000000000000000000000000000000000000000000000000000000000000000000000000000000000000000000000000000
	0000000000000000000000000000000000000000000000000000000000000000000000000000000000000000000000000000000000000000000000000000000000000000800000008000000000000000000000004E0B000075DD00000000000000000000000000000000000000000000000000000000000000000000000000
	00000000000000000000000000000000000000000000000000000000000000000000000000000000000000000000000000000000000000000000000000000000000000000000000000000000000000000000000000000000000000000000000000000000000000000000000000000000000000000000000000000000000000
	00000000000000000000000000000000000000000000000000000000000000000000000000000000000000000000000000000000000000000000000000000000000000000000000000000000000000000000000000000000000000000000000000000000000000000000000000000000000000000000000000000000000000
	000000000000000000000000000000000000004E0B000075DD000000000000000000000000000000000000000000000000000000000000000000000000000000000000000000000000000000000000000000000000000000000000000000000000000000000000000000000000000000000000000000000000000000000000
	00000000000000000000000000000000000000000000000000000000000000000000000000000000000000000000000000000000000000000000000000000000000000000000000000000000000000000000000000000000000000000000000000000000000000000000000000000000000000000000000000000000000000
	0000000000000000000000000000000000000000000000000000000000000000000000000000000000000000000000000000000000000000000000000000000000000000000000000000000000000000004E0B00005D1900000000000000000000000000000000000000000000000000000000000000000000000000000000
	00000000000000000000000000000000000000000000000000000000000000000000000000000000000000000000000000000000000000000000000000000000000000000000000000000000000000000000000000000000000000000000000000000000000000000000000000000000000000000000000000000000000000
	00000000000000000000000000000000000000000000000000000000000000000000000000000000000000000000000000000000000000000000000000000000000000000000000000000000000000000000000000000000000000000000000000000000000000000000000000000000000000000000000000000000000000
	0000000000000000000000004D000000AA6200000000000000000000000000000000000000000000000000000000000000000000000000000000000000000000000000000000000000000000000000000000000000000000000000000000000000000000000000000000000000000000000000000000000000000000000000
	00000000000000000000000000000000000000000000000000000000000000000000000000000000000000000000000000000000000000000000000000000000000000000000000000000000000000000000000000000000000000000000000000000000000000000000000000000000000000000000000000000000000000
	000000000000000000000000000000000000000000000000000000000000000000000000000000000000000000000000000000000000000000008000000000000000000000004D0000005D19000000000000000000000000000000000000000000000000000000000000000000000000000000000000000000000000000000
	00000000000000000000000000000000000000000000000000000000000000000000000000000000000000000000000000000000000000000000000000000000000000000000000000000000000000000000000000000000000000000000000000000000000000000000000000000000000000000000000000000000000000
	00000000000000000000000000000000000000000000000000000000000000000000000000000000000000000000000000000000000000000000000000000000000000000000000000000000000000000000000000000000000000000000000000000000000000000000000000000000000000000000000000000000000000
	004D00000039C7000000000000000000000000000000000000000000000000000000000000000000000000000000000000000000000000000000000000000000000000000000000000000000000000000000000000000000000000000000000000000000000000000000000000000000000000000000000000000000000000
	00000000000000000000000000000000000000000000000000000000000000000000000000000000000000000000000000000000000000000000000000000000000000000000000000000000000000000000000000000000000000000000000000000000000000000000000000000000000000000000000000000000000000
	00000000000000000000000000000000000000000000000000000000000000000000000000000000000000800000000000000000000000000000004D000000CEAE0000000000000000000000000000000000000000000000000000000000000000000000000000000000000000000000000000000000000000000000000000
	00000000000000000000000000000000000000000000000000000000000000000000000000000000000000000000000000000000000000000000000000000000000000000000000000000000000000000000000000000000000000000000000000000000000000000000000000000000000000000000000000000000000000
	000000000000000000000000000000000000000000000000000000000000000000000000000000000000000000000000000000000000000000000000000000000000000000000000000000000000000000000000000000000000000000000000000000000000000000000000000000000000000000000000004E050000CEAE
	00000000000000000000000000000000000000000000000000000000000000000000000000000000000000000000000000000000000000000000000000000000000000000000000000000000000000000000000000000000000000000000000000000000000000000000000000000000000000000000000000000000000000
	00000000000000000000000000000000000000000000000000000000000000000000000000000000000000000000000000000000000000000000000000000000000000000000000000000000000000000000000000000000000000000000000000000000000000000000000000000000000000000000000000000000000000
	00000000000000000000000000000000000000000000000000000000000000000000000000000000000000000000000000000000000000004E05000088EE0000000000000000000000000000000000000000000000000000000000000000000000000000000000000000000000000000000000000000000000000000000000
	00000000000000000000000000000000000000000000000000000000000000000000000000000000000000000000000000000000000000000000000000000000000000000000000000000000000000000000000000000000000000000000000000000000000000000000000000000000000000000000000000000000000000
	000000000000000000000000000000000000000000000000000000000000000000000000000000000000000000000000000000000000000000000000000000000000000000000000000000000000000000000000000000000000000000000000000000000000000000004B06000088EE000000000000000000000000000000
	00000000000000000000000000000000000000000000000000000000000000000000000000000000000000000000000000000000000000000000000000000000000000000000000000000000000000000000000000000000000000000000000000000000000000000000000000000000000000000000000000000000000000
	00000000000000000000000000000000000000000000000000000000000000000000000000000000000000000000000000000000000000000000000000000000000000000000000000000000000000000000000000000000000000000000000000000000000000000000000000000000000000000000000000000000000000
	00000000000000000000000000000000000000000000000000000000004B06000088EE0000000000000000000000000000000000000000000000000000000000000000000000000000000000000000000000000000000000000000000000000000000000000000000000000000000000000000000000000000000000000000
	00000000000000000000000000000000000000000000000000000000000000000000000000000000000000000000000000000000000000000000000000000000000000000000000000000000000000000000000000000000000000000000000000000000000000000000000000000000000000000000000000000000000000
	000000000000000000000000000000000000000000000000000000000000000000000000000000000000000000000000000000000000000000000000000000000000000000000000000000000000004B0600007BAB000000000000000000000000000000000000000000000000000000000000000000000000000000000000
	00000000000000000000000000000000000000000000000000000000000000000000000000000000000000000000000000000000000000000000000000000000000000000000000000000000000000000000000000000000000000000000000000000000000000000000000000000000000000000000000000000000000000
	000000000000000000000000000000000000000000000000000000000000000000000000000000000000000000000000000000000000000000000000000000000000000000000000000000000000000000000000000000000000000000000000000000000000000000000000000000000000000000480100007FC200000000
	00000000000000000000000000000000000000000000000000000000000000000000000000000000000000000000000000000000000000000000000000000000000000000000000000000000000000000000000000000000000000000000000000000000000000000000000000000000000000000000000000000000000000
	00000000000000000000000000000000000000000000000000000000000000000000000000000000000000000000000000000000000000000000000000000000000000000000000000000000000000000000000000000000000000000000000000000000000000000000000000000000000000000000000000000000000000
	000000000000000000000000000000000000000000000000000000000000000000000000000000000000000000000000000000000000000000000000500F0000F4BF00000000000000000000000000000000000000000000000000000000000000000000000000000000000000000000000000000000000000000000000000
	00000000000000000000000000000000000000000000000000000000000000000000000000000000000000000000000000000000000000000000000000000000000000000000000000000000000000000000000000000000000000000000000000000000000000000000000000000000000000000000000000000000000000
	00000000000000000000000000000000000000000000000000000000000000000000000000000000000000000000000000000000000000000000000000000000000000000000000000000000000000000000000000000000000000000000000000000000000000000000000000000000000080000000800000000000000000
	000000500F00007FC200000000000000000000000000000000000000000000000000000000000000000000000000000000000000000000000000000000000000000000000000000000000000000000000000000000000000000000000000000000000000000000000000000000000000000000000000000000000000000000
	00000000000000000000000000000000000000000000000000000000000000000000000000000000000000000000000000000000000000000000000000000000000000000000000000000000000000000000000000000000000000000000000000000000000000000000000000000000000000000000000000000000000000
	00000000000000000000000000000000000000000000000000000000000000000000000000000000000000000000000000000000000000000000000000000000000000000000000000500F00009B39000000000000000000000000000000000000000000000000000000000000000000000000000000000000000000000000
	00000000000000000000000000000000000000000000000000000000000000000000000000000000000000000000000000000000000000000000000000000000000000000000000000000000000000000000000000000000000000000000000000000000000000000000000000000000000000000000000000000000000000
	0000000000000000000000000000000000000000000000000000000000000000000000000000000000000000000000000000000000000000000000000000000000000000000000000000000000000000000000000000000000000000000000000000000000000000000000000000000000000000000000000000004B100000
	9B390000000000000000000000000000000000000000000000000000000000000000000000000000000000000000000000000000000000000000000000000000000000000000000000000000000000000000000000000000000000000000000000000000000000000000000000000000000000000000000000000000000000
	00000000000000000000000000000000000000000000000000000000000000000000000000000000000000000000000000000000000000000000000000000000000000000000000000000000000000000000000000000000000000000000000000000000000000000000000000000000000000000000000000000000000000
	000000000000000000000000000000000000000000000000000000000000000000000000000000000000000000004B10000088A1000000000000000000010000000000000000000000000000000000000000000000000000000000000000000000000000000000000000000000000000000000000000000000000000000000
	00000000000000000000000000000000000000000000000000000000000000000000000000000000000000000000000000000000000000000000000000000000000000000000000000000000000000000000000000000000000000000000000000000000000000000000000000000000000000000000000000000000000000
	0000000000000000000000000000000000000000000000000000000000000000000000000000000000000000000000000000000000000000000000000000000000000000000000000000000000000000000000008000000000000000000000004B1000000F7900000000000000000000000000000000000000000000000000
	00000000000000000000000000000000000000000000000000000000000000000000000000000000000000000000000000000000000000000000000000000000000000000000000000000000000000000000000000000000000000000000000000000000000000000000000000000000000000000000000000000000000000
	00000000000028070000E01100000000000000000000000000010000000000000000000000000000000000000000000000000000000000000000000000000000000000000000000000000000000000000000000000000000000000000000000000000000000000000000000000000000000000000000000000000000000000
	0000000000000000000000000000000000000000000000000000008000000000000000000000000000000028070000E007000000FFFF06FFFF0082FF00807800807FFC807FFF867FFF8042FF80403880403FFC403FFFC63FFFC022FFC02018C0201FFC201FFFE61FFFE012FFE01008E0100FFC100FFFF60FFFF00BFFF00801
	F00807FC0807FFFE07FFF8037FF80405780403F80403FFFE03FFFC077FFC02017C0201FA0201FFFC01FFFE077FFE01037E0100F80100FFFD00FFFF067FFF00837F00807900807FFC00000006270800004832000000000000000000000100000000000000000080000000000000000040000000000000000000000000008000
	00000000000000400000000000000000000000002080000000000000000040000000000000000020000000000000000000000000004000001000000000002000000000000000001000000000000000000000000000200000000000000800100000000000000000080000000000000000000000000010000000000000000008
	00040000000000000400000000000000000000000000080000000000000000040000000000020000020000000000000000000000000004000000000000000002000000000000000001010000000000000000000000000200000000000000000100000000000000000080000000000000000000000000010000000000000000
	00800000000000000000400000000000000000500A00007816000000000000000080000000000000800040000000008000400000000000004000000000002040002000000000000020000000000000200010100000000000100000000000001000080000000008000800000000000008000400000000000004000400000000
	0400020000000000000200000000000202000100000000000001000000000000010000810000000000008000000000000080004000000000280900009C500000000040000000002001000000000000000000200000800010000000000000000000401000000000080000000000200000000008000000000400100000000000
	00800004000008000200000000400000000004020000000001200000000002000000000100100000000000000000010000080000800000000000000000040080000000004000000000020000000000400000000020010000000000000028020000F48C00000000000000000000000000000000000000000000000000000000
	00000000000000000000000000000000000000000000000000000000000000000000000000000000000000000000000000000000000000000000000000000000000000000000000000000000000000000000000000000000000000000000000000000000000000000000000000000000000000000000000000000000000027
	030000A7020000000000000000000000000000000000000000000000000000000000000000000000000000000000000000000000000000000000000000000000000000000000000000000000000000000000000000000000000000000000000000000000000000000000000000000000000000000000000000000000000000
	00000000000000000000000000000000000000000000000025040000A70200000000000000000000000000000000000000000000000000000000000000000000000000000000000000000000000000000000000000000000000000000000000000000000000000000000000000000000000000000000000000000000000000
	00000000000000000000000000000000000000000000000000000000000000000000000000000000000000000000000000250400000D4A000000000000000000010000000100000000000000000000000000000000000000000000000000000000000000000000000000000000000000000000000000000000000000000000
	000000000000000000000000000000000000000000000000000000000000000000000000000000000000000000000000000000000000000000000000000080000000800000000000000000000000260E0000AE2600000000000000000000000000000000000000000000000000000000000000000000000000000000000000
	0000000000000000000000000000000000000000000000000000000000000000000000000000000000000000000000000000000000000000000000000000000000000000000000000000000000000000000000000000000000000000000000000000000000000000000000260E000046FA0000000000000000000000000000
	00000000000000000000000000000000000000000000000000000000000000000000000000000000000000000000000000000000000000000000000000000000000000000000000000000000000000000000000000000000000000000000000000000000000000000000000000000000000000000000000000000000000000
	0000000000000000000000000000000000280D0000CEB10000400081004000010200000002002000002020400020004080000000800000000010100000101020000000204000000040080000000808000000081000000010200400002004000000000400000004080002000810020000100000000000020000010204000100
	040800000008000000000081000000810200000002040000000400400000004080004000810040000102000000020020000000204000280D0000EAD700000000000000000001000000000000000000000000000000000000000000000000000000000000000000000000000000000000000000000000000000000000000000
	00000000000000000000000000000000000000000000000000000000000000000000000000000000000000000000000000000000000000000000000000000000000000000000000000000000000000800000000000000000000000280D0000E781000000000000000000000000000000000000000000000000000000000000
	00000000000000000000000000000000000000000000000000000000000000000000000000000000000000000000000000000000000000000000000000000000000000000000000000000000000000000000000000000000000000000000000000000000000000000000000000000000000000000000000000000000000000
	00000000000000000000000000000000000000000000000000000000000000000000000000000000000000000000000000000000000000000000000000000000000000000000000000000000000000000000000000000000000000000000000000000000000000000000000000000000000000000000000000000000000000
	000000000000000000000000000000000000000000004D0C0000425F000000000000000000000000000100000000000000000000000000000000000000000000000000000000000000000000000000000000000000000000000000000000000000000000000000000000000000000000000000000000000000000000000000
	00000000000000000000000000000000000000000000000000000000000000000000000000000000000000000000000000000000000000000000000000000000000000000000000000000000000000000000000000000000000000000000000000000000000000000000000000000000000000000000000000000000000000
	00000000000000000000000000000000000000000000000000000000000000000000000000000000000000000000000000000000000000000000000000000000800000000000000000000000000000004D0C000075DD0000000000000000000000000000000000000000000000000000000000000000000000000000000000
	00000000000000000000000000000000000000000000000000000000000000000000000000000000000000000000000000000000000000000000000000000000000000000000000000000000000000000000000000000000000000000000000000000000000000000000000000000000000000000000000000000000000000
	00000000000000000000000000000000000000000000000000000000000000000000000000000000000000000000000000000000000000000000000000000000000000000000000000000000000000000000000000000000000000000000000000000000000000000000000000000000000000000000000000000000000000
	0000000000000000000000000000004E0B000075DD00000000000000000000000000000000000000000000000000000000000000000000000000000000000000000000000000000000000000000000000000000000000000000000000000000000000000000000000000000000000000000000000000000000000000000000
	00000000000000000000000000000000000000000000000000000000000000000000000000000000000000000000000000000000000000000000000000000000000000000000000000000000000000000000000000000000000000000000000000000000000000000000000000000000000000000000000000000000000000
	00000000000000000000000000000000000000000000000000000000000000000000000000000000000000000000000000000000000000000000000000000000000000000000000000000000004E0B000075DD0000000000000000000000000000000000000000000000000000000000000000000000000000000000000000
	00000000000000000000000000000000000000000000000000000000000000000000000000000000000000000000000000000000000000000000000000000000000000000000000000000000000000000000000000000000000000000000000000000000000000000000000000000000000000000000000000000000000000
	00000000000000000000000000000000000000000000000000000000000000000000000000000000000000000000000000000000000000000000000000000000000000000000000000000000000000000000000000000000000000000000000000000000000000000000000000000000000000000000000000000000000000
	0000000000000000000000004E0B00005D1900000000000000000000000000000000000000000000000000000000000000000000000000000000000000000000000000000000000000000000000000000000000000000000000000000000000000000000000000000000000000000000000000000000000000000000000000
	00000000000000000000000000000000000000000000000000000000000000000000000000000000000000000000000000000000000000000000000000000000000000000000000000000000000000000000000000000000000000000000000000000000000000000000000000000000000000000000000000000000000000
	000000000000000000000000000000000000000000000000000000000000000000000000000000000000000000000000000000000000000000000000000000000000000000004D0000005D19000000000000000000000000000000000000000000000000000000000000000000000000000000000000000000000000000000
	00000000000000000000000000000000000000000000000000000000000000000000000000000000000000000000000000000000000000000000000000000000000000000000000000000000000000000000000000000000000000000000000000000000000000000000000000000000000000000000000000000000000000
	00000000000000000000000000000000000000000000000000000000000000000000000000000000000000000000000000000000000000000000000000000000000000000000000000000000000000000000000000000000000000000000000000000000000000000000000000000000000000000000000000000000000000
	004D0000005D19000000000000000000000000000000000000000000000000000000000000000000000000000000000000000000000000000000000000000000000000000000000000000000000000000000000000000000000000000000000000000000000000000000000000000000000000000000000000000000000000
	00000000000000000000000000000000000000000000000000000000000000000000000000000000000000000000000000000000000000000000000000000000000000000000000000000000000000000000000000000000000000000000000000000000000000000000000000000000000000000000000000000000000000
	00000000000000000000000000000000000000000000000000000000000000000000000000000000000000000000000000000000000000000000004D0000005D190000000000000000000000000000000000000000000000000000000000000000000000000000000000000000000000000000000000000000000000000000
	00000000000000000000000000000000000000000000000000000000000000000000000000000000000000000000000000000000000000000000000000000000000000000000000000000000000000000000000000000000000000000000000000000000000000000000000000000000000000000000000000000000000000
	0000000000000000000000000000000000000000000000000000000000000000000000000000000000000000000000000000000000000000000000000000000000000000000000000000000000000000000000000000000000000000000000000000000000000000000000000000000000000000004D0000002B2D00000000
	00000000000100000001000000000000000000000000000000000000000000000000000000000000000000000000000000000000000000000000000000000000000000000000000000000000000000000000000000000000000000000000000000000000000000000000000000000000000000000000000000000000000000
	00000000000000000000000000000000000000000000000000000000000000000000000000000000000000000000000000000000000000000000000000000000000000000000000000000000000000000000000000000000000000000000000000000000000000000000000000000000000000000000000000000000000000
	000000000000000000000000000000000000000000000000000000000000000000000000800000008000000000000000000000004E050000CEAE000000000000000000000000000000000000000000000000000000000000000000000000000000000000000000000000000000000000000000000000000000000000000000
	00000000000000000000000000000000000000000000000000000000000000000000000000000000000000000000000000000000000000000000000000000000000000000000000000000000000000000000000000000000000000000000000000000000000000000000000000000000000000000000000000000000000000
	0000000000000000000000000000000000000000000000000000000000000000000000000000000000000000000000000000000000000000000000000000000000000000000000000000000000000000000000000000000000000000000000000000000000000000000000000000000000004E05000088EE00000000000000
	00000000000000000000000000000000000000000000000000000000000000000000000000000000000000000000000000000000000000000000000000000000000000000000000000000000000000000000000000000000000000000000000000000000000000000000000000000000000000000000000000000000000000
	00000000000000000000000000000000000000000000000000000000000000000000000000000000000000000000000000000000000000000000000000000000000000000000000000000000000000000000000000000000000000000000000000000000000000000000000000000000000000000000000000000000000000
	000000000000000000000000000000000000000000000000000000000000000000000000004B06000088EE000000000000000000000000000000000000000000000000000000000000000000000000000000000000000000000000000000000000000000000000000000000000000000000000000000000000000000000000
	00000000000000000000000000000000000000000000000000000000000000000000000000000000000000000000000000000000000000000000000000000000000000000000000000000000000000000000000000000000000000000000000000000000000000000000000000000000000000000000000000000000000000
	0000000000000000000000000000000000000000000000000000000000000000000000000000000000000000000000000000000000000000000000000000000000000000000000000000000000000000000000000000004B0600009B7600000000000000000001000000000000000000000000000000000000000000000000
	00000000000000000000000000000000000000000000000000000000000000000000000000000000000000000000000000000000000000000000000000000000000000000000000000000000000000000000000000000000000000000000000000000000000000000000000000000000000000000000000000000000000000
	00000000000000000000000000000000000000000000000000000000000000000000000000000000000000000000000000000000000000000000000000000000000000000000000000000000000000000000000000000000000000000000000000000000000000000000000000000000000000000000000000000000008000
	000000000000000000004B0600007BAB000000000000000000000000000000000000000000000000000000000000000000000000000000000000000000000000000000000000000000000000000000000000000000000000000000000000000000000000000000000000000000000000000000000000000000000000000000
	00000000000000000000000000000000000000000000000000000000000000000000000000000000000000000000000000000000000000000000000000000000000000000000000000000000000000000000000000000000000000000000000000000000000000000000000000000000000000000000000000000000000000
	00000000000000000000000000000000000000000000000000000000000000000000000000000000000000000000000048010000E60200000000000000000000000000010000000000000000000000000000000000000000000000000000000000000000000000000000000000000000000000000000000000000000000000
	00000000000000000000000000000000000000000000000000000000000000000000000000000000000000000000000000000000000000000000000000000000000000000000000000000000000000000000000000000000000000000000000000000000000000000000000000000000000000000000000000000000000000
	00000000000000000000000000000000000000000000000000000000000000000000000000000000000000000000000000000000000000000000000000000000000000000000000000000000000000000000000000000000000000000000000000000000000080000000000000000000000000000000500F00007FC2000000
	00000000000000000000000000000000000000000000000000000000000000000000000000000000000000000000000000000000000000000000000000000000000000000000000000000000000000000000000000000000000000000000000000000000000000000000000000000000000000000000000000000000000000
	00000000000000000000000000000000000000000000000000000000000000000000000000000000000000000000000000000000000000000000000000000000000000000000000000000000000000000000000000000000000000000000000000000000000000000000000000000000000000000000000000000000000000
	00000000000000000000000000000000000000000000000000000000000000000000000000000000000000000000000000000000000000000000000000500F00007FC2000000000000000000000000000000000000000000000000000000000000000000000000000000000000000000000000000000000000000000000000
	00000000000000000000000000000000000000000000000000000000000000000000000000000000000000000000000000000000000000000000000000000000000000000000000000000000000000000000000000000000000000000000000000000000000000000000000000000000000000000000000000000000000000
	00000000000000000000000000000000000000000000000000000000000000000000000000000000000000000000000000000000000000000000000000000000000000000000000000000000000000000000000000000000000000000000000000000000000000000000000000000000000000000000000000000000000000
	00000000500F00009B39000000000000000000000000000000000000000000000000000000000000000000000000000000000000000000000000000000000000000000000000000000000000000000000000000000000000000000000000000000000000000000000000000000000000000000000000000000000000000000
	00000000000000000000000000000000000000000000000000000000000000000000000000000000000000000000000000000000000000000000000000000000000000000000000000000000000000000000000000000000000000000000000000000000000000000000000000000000000000000000000000000000000000
	0000000000000000000000000000000000000000000000000000000000000000000000000000000000000000000000000000000000004B1000009B3900000000000000000000000000000000000000000000000000000000000000000000000000000000000000000000000000000000000000000000000000000000000000
	00000000000000000000000000000000000000000000000000000000000000000000000000000000000000000000000000000000000000000000000000000000000000000000000000000000000000000000000000000000000000000000000000000000000000000000000000000000000000000000000000000000000000
	00000000000000000000000000000000000000000000000000000000000000000000000000000000000000000000000000000000000000000000000000000000000000000000000000000000000000000000000000000000000000000000000000000000000000004B1000009B390000000000000000000000000000000000
	00000000000000000000000000000000000000000000000000000000000000000000000000000000000000000000000000000000000000000000000000000000000000000000000000000000000000000000000000000000000000000000000000000000000000000000000000000000000000000000000000000000000000
	00000000000000000000000000000000000000000000000000000000000000000000000000000000000000000000000000000000000000000000000000000000000000000000000000000000000000000000000000000000000000000000000000000000000000000000000000000000000000000000000000000000000000
	0000000000000000000000000000000000000000000000000000004B1000000F7900000000000000000000000000000000000000000000000000000000000000000000000000000000000000000000000000000000000000000000000000000000000000000000000000000000000000000000000000000000000000000000
	00000000000000000000000000000000000000000000000000000000000000000000000000000000000000000000000000000000000000000000000000000000280700000F79000000000000000000000000000000000000000000000000000000000000000000000000000000000000000000000000000000000000000000
	000000000000000000000000000000000000000000000000000000000000000000000000000000000000000000000000000000000000000000000000000000000000000000000000000000000000000000000000000000000000000000000000000000000028070000ABEA000000FFFF06FFFF0083FF00807900807FFC807F
	FF867FFF8042FF80403880403FFC403FFFC63FFFC022FFC02018C0201FFC201FFFE61FFFE012FFE01008E0100FFC100FFFF60FFFF00BFFF00801F00807FC0807FFFE07FFF8037FF80405780403F80403FFFE03FFFC077FFC02017C0201FA0201FFFC01FFFE077FFE01037E0100F80100FFFD00FFFF06FFFF0083FF00807900
	807FFC00000006270800004832000000000000000000000100000000000000000080000000000000000040000000000000000000000000008000000000000000004000000000000000000000000020800000000000000000400000000000000000200000000000000000000000000040000010000000000020000000000000
	00001000000000000000000000000000200000000000000800100000000000000000080000000000000000000000000010000000000000000008000400000000000004000000000000000000000000000800000000000000000400000000000200000200000000000000000000000000040000000000000000020000000000
	0000000101000000000000000000000000020000000000000000010000000000000000008000000000000000000000000001000000000000000000800000000000000000400000000000000000500A000078160000000000000000800000000000008000400000000080004000000000000040000000000020400020000000
	000000200000000000002000101000000000001000000000000010000800000000080008000000000000080004000000000000040004000000000400020000000000000200000000000202000100000000000001000000000000010000810000000000008000000000000080004000000000280900009C5000000000400000
	00002001000000000000000000200000800010000000000000000000401000000000080000000000200000000008000000000400100000000000008000040000080002000000004000000000040200000000012000000000020000000001001000000000000000000100000800008000000000000000000400800000000040
	000000000200000000004000000000200100000000000000280200001FB500000000000000000001000000000000000000000000000000000000000000000000000000000000000000000000000000000000000000000000000000000000000000000000000000000000000000000000000000000000000000000000000000
	00000000000000000000000000000000000000000000000000000000000000000000000000000000000000000080000000000000000000000027030000A70200000000000000000000000000000000000000000000000000000000000000000000000000000000000000000000000000000000000000000000000000000000
	0000000000000000000000000000000000000000000000000000000000000000000000000000000000000000000000000000000000000000000000000000000000000000000000000000000000000000000025040000BA83000000000000000000000000000100000000000000000000000000000000000000000000000000
	000000000000000000000000000000000000000000000000000000000000000000000000000000000000000000000000000000000000000000000000000000000000000000000000000000000000000000000000000000000000008000000000000000000000000000000025040000AE260000000000000000000000000000
	00000000000000000000000000000000000000000000000000000000000000000000000000000000000000000000000000000000000000000000000000000000000000000000000000000000000000000000000000000000000000000000000000000000000000000000000000000000000000000000000000000000000000
	000000000000000000260E0000AE2600000000000000000000000000000000000000000000000000000000000000000000000000000000000000000000000000000000000000000000000000000000000000000000000000000000000000000000000000000000000000000000000000000000000000000000000000000000
	0000000000000000000000000000000000000000000000000000000000000000000000000000260E000046FA0000000000000000000000000000000000000000000000000000000000000000000000000000000000000000000000000000000000000000000000000000000000000000000000000000000000000000000000
	000000000000000000000000000000000000000000000000000000000000000000000000000000000000000000000000000000000000000000000000000000000000000000000000000000280D0000CEB100004000810040000102000000020020000020204000200040800000008000000000101000001010200000002040
	00000040080000000808000000081000000010200400002004000000000400000004080002000810020000100000000000020000010204000100040800000008000000000081000000810200000002040000000400400000004080004000810040000102000000020020000000204000280D000046FA000000000000000000
	00000000000000000000000000000000000000000000000000000000000000000000000000000000000000000000000000000000000000000000000000000000000000000000000000000000000000000000000000000000000000000000000000000000000000000000000000000000000000000000000000000000000000
	00000000000000000000000000000000000000000000280D0000E781000000000000000000000000000000000000000000000000000000000000000000000000000000000000000000000000000000000000000000000000000000000000000000000000000000000000000000000000000000000000000000000000000000
	00000000000000000000000000000000000000000000000000000000000000000000000000000000000000000000000000000000000000000000000000000000000000000000000000000000000000000000000000000000000000000000000000000000000000000000000000000000000000000000000000000000000000
	00000000000000000000000000000000000000000000000000000000000000000000000000000000000000000000000000000000000000000000000000000000000000000000000000000000000000004D0C0000E7810000000000000000000000000000000000000000000000000000000000000000000000000000000000
	00000000000000000000000000000000000000000000000000000000000000000000000000000000000000000000000000000000000000000000000000000000000000000000000000000000000000000000000000000000000000000000000000000000000000000000000000000000000000000000000000000000000000
	00000000000000000000000000000000000000000000000000000000000000000000000000000000000000000000000000000000000000000000000000000000000000000000000000000000000000000000000000000000000000000000000000000000000000000000000000000000000000000000000000000000000000
	00000000000000000000004D0C0000905E0000000000000000000100000001000000000000000000000000000000000000000000000000000000000000000000000000000000000000000000000000000000000000000000000000000000000000000000000000000000000000000000000000000000000000000000000000
	00000000000000000000000000000000000000000000000000000000000000000000000000000000000000000000000000000000000000000000000000000000000000000000000000000000000000000000000000000000000000000000000000000000000000000000000000000000000000000000000000000000000000
	000000000000000000000000000000000000000000000000000000000000000000000000000000000000000000000000000000000000000000800000008000000000000000000000004E0B000075DD000000000000000000000000000000000000000000000000000000000000000000000000000000000000000000000000
	00000000000000000000000000000000000000000000000000000000000000000000000000000000000000000000000000000000000000000000000000000000000000000000000000000000000000000000000000000000000000000000000000000000000000000000000000000000000000000000000000000000000000
	00000000000000000000000000000000000000000000000000000000000000000000000000000000000000000000000000000000000000000000000000000000000000000000000000000000000000000000000000000000000000000000000000000000000000000000000000000000000000000000000000000000000000
	00000000000000004E0B000075DD0000000000000000000000000000000000000000000000000000000000000000000000000000000000000000000000000000000000000000000000000000000000000000000000000000000000000000000000000000000000000000000000000000000000000000000000000000000000
	00000000000000000000000000000000000000000000000000000000000000000000000000000000000000000000000000000000000000000000000000000000000000000000000000000000000000000000000000000000000000000000000000000000000000000000000000000000000000000000000000000000000000
	000000000000000000000000000000000000000000000000000000000000000000000000000000000000000000000000000000000000000000000000000000000000000000004E0B00005D19000000000000000000000000000000000000000000000000000000000000000000000000000000000000000000000000000000
	00000000000000000000000000000000000000000000000000000000000000000000000000000000000000000000000000000000000000000000000000000000000000000000000000000000000000000000000000000000000000000000000000000000000000000000000000000000000000000000000000000000000000
	00000000000000000000000000000000000000000000000000000000000000000000000000000000000000000000000000000000000000000000000000000000000000000000000000000000000000000000000000000000000000000000000000000000000000000000000000000000000000000000000000000000000000
	004D000000AA62000000000000000000000000000000000000000000000000000000000000000000000000000000000000000000000000000000000000000000000000000000000000000000000000000000000000000000000000000000000000000000000000000000000000000000000000000000000000000000000000
	00000000000000000000000000000000000000000000000000000000000000000000000000000000000000000000000000000000000000000000000000000000000000000000000000000000000000000000000000000000000000000000000000000000000000000000000000000000000000000000000000000000000000
	00000000000000000000000000000000000000000000000000000000000000000000000000000000000000000000008000000000000000000000004D0000005D190000000000000000000000000000000000000000000000000000000000000000000000000000000000000000000000000000000000000000000000000000
	00000000000000000000000000000000000000000000000000000000000000000000000000000000000000000000000000000000000000000000000000000000000000000000000000000000000000000000000000000000000000000000000000000000000000000000000000000000000000000000000000000000000000
	0000000000000000000000000000000000000000000000000000000000000000000000000000000000000000000000000000000000000000000000000000000000000000000000000000000000000000000000000000000000000000000000000000000000000000000000000000000000000000004D00000039C700000000
	00000000000000000000000000000000000000000000000000000000000000000000000000000000000000000000000000000000000000000000000000000000000000000000000000000000000000000000000000000000000000000000000000000000000000000000000000000000000000000000000000000000000000
	00000000000000000000000000000000000000000000000000000000000000000000000000000000000000000000000000000000000000000000000000000000000000000000000000000000000000000000000000000000000000000000000000000000000000000000000000000000000000000000000000000000000000
	0000000000000000000000000000000000000000000000000000000000000000800000000000000000000000000000004D000000CEAE00000000000000000000000000000000000000000000000000000000000000000000000000000000000000000000000000000000000000000000000000000000000000000000000000
	00000000000000000000000000000000000000000000000000000000000000000000000000000000000000000000000000000000000000000000000000000000000000000000000000000000000000000000000000000000000000000000000000000000000000000000000000000000000000000000000000000000000000
	00000000000000000000000000000000000000000000000000000000000000000000000000000000000000000000000000000000000000000000000000000000000000000000000000000000000000000000000000000000000000000000000000000000000000000000000000004E050000CEAE0000000000000000000000
	00000000000000000000000000000000000000000000000000000000000000000000000000000000000000000000000000000000000000000000000000000000000000000000000000000000000000000000000000000000000000000000000000000000000000000000000000000000000000000000000000000000000000
	00000000000000000000000000000000000000000000000000000000000000000000000000000000000000000000000000000000000000000000000000000000000000000000000000000000000000000000000000000000000000000000000000000000000000000000000000000000000000000000000000000000000000
	0000000000000000000000000000000000000000000000000000000000000000000000000000000000000000004E05000088EE00000000000000000000000000000000000000000000000000000000000000000000000000000000000000000000000000000000000000000000000000000000000000000000000000000000
	00000000000000000000000000000000000000000000000000000000000000000000000000000000000000000000000000000000000000000000000000000000000000000000000000000000000000000000000000000000000000000000000000000000000000000000000000000000000000000000000000000000000000
	00000000000000000000000000000000000000000000000000000000000000000000000000000000000000000000000000000000000000000000000000000000000000000000000000000000000000000000000000000000000000000000004B06000088EE0000000000000000000000000000000000000000000000000000
	00000000000000000000000000000000000000000000000000000000000000000000000000000000000000000000000000000000000000000000000000000000000000000000000000000000000000000000000000000000000000000000000000000000000000000000000000000000000000000000000000000000000000
	00000000000000000000000000000000000000000000000000000000000000000000000000000000000000000000000000000000000000000000000000000000000000000000000000000000000000000000000000000000000000000000000000000000000000000000000000000000000000000000000000000000000000
	0000000000000000000000000000000000004B06000088EE00000000000000000000000000000000000000000000000000000000000000000000000000000000000000000000000000000000000000000000000000000000000000000000000000000000000000000000000000000000000000000000000000000000000000
	00000000000000000000000000000000000000000000000000000000000000000000000000000000000000000000000000000000000000000000000000000000000000000000000000000000000000000000000000000000000000000000000000000000000000000000000000000000000000000000000000000000000000
	00000000000000000000000000000000000000000000000000000000000000000000000000000000000000000000000000000000000000000000000000000000000000004B0600007BAB0000000000000000000000000000000000000000000000000000000000000000000000000000000000000000000000000000000000
	00000000000000000000000000000000000000000000000000000000000000000000000000000000000000000000000000000000000000000000000000000000000000000000000000000000000000000000000000000000000000000000000000000000000000000000000000000000000000000000000000000000000000
	00000000000000000000000000000000000000000000000000000000000000000000000000000000000000000000000000000000000000000000000000000000000000000000000000000000000000000000000000000000000000000000000000000000000000000000480100007FC2000000000000000000000000000000
	00000000000000000000000000000000000000000000000000000000000000000000000000000000000000000000000000000000000000000000000000000000000000000000000000000000000000000000000000000000000000000000000000000000000000000000000000000000000000000000000000000000000000
	00000000000000000000000000000000000000000000000000000000000000000000000000000000000000000000000000000000000000000000000000000000000000000000000000000000000000000000000000000000000000000000000000000000000000000000000000000000000000000000000000000000000000
	00000000000000000000000000000000000000000000000000000000000000000000000000000000000000000000000000500F0000F4BF000000000000000000000000000000000000000000000000000000000000000000000000000000000000000000000000000000000000000000000000000000000000000000000000
	00000000000000000000000000000000000000000000000000000000000000000000000000000000000000000000000000000000000000000000000000000000000000000000000000000000000000000000000000000000000000000000000000000000000000000000000000000000000000000000000000000000000000
	0000000000000000000000000000000000000000000000000000000000000000000000000000000000000000000000000000000000000000000000000000000000000000000000000000000000000000000000000000000000000000000000000000000000000080000000800000000000000000000000500F00007FC20000
	00000000000000000000000000000000000000000000000000000000000000000000000000000000000000000000000000000000000000000000000000000000000000000000000000000000000000000000000000000000000000000000000000000000000000000000000000000000000000000000000000000000000000
	00000000000000000000000000000000000000000000000000000000000000000000000000000000000000000000000000000000000000000000000000000000000000000000000000000000000000000000000000000000000000000000000000000000000000000000000000000000000000000000000000000000000000
	0000000000000000000000000000000000000000000000000000000000000000000000000000000000000000000000000000000000000000000000000000500F00009B390000000000000000000000000000000000000000000000000000000000000000000000000000000000000000000000000000000000000000000000
	00000000000000000000000000000000000000000000000000000000000000000000000000000000000000000000000000000000000000000000000000000000000000000000000000000000000000000000000000000000000000000000000000000000000000000000000000000000000000000000000000000000000000
	000000000000000000000000000000000000000000000000000000000000000000000000000000000000000000000000000000000000000000000000000000000000000000000000000000000000000000000000000000000000000000000000000000000000000000000000000000004B1000009B39000000000000000000
	00000000000000000000000000000000000000000000000000000000000000000000000000000000000000000000000000000000000000000000000000000000000000000000000000000000000000000000000000000000000000000000000000000000000000000000000000000000000000000000000000000000000000
	00000000000000000000000000000000000000000000000000000000000000000000000000000000000000000000000000000000000000000000000000000000000000000000000000000000000000000000000000000000000000000000000000000000000000000000000000000000000000000000000000000000000000
	00000000000000000000000000000000000000000000000000000000000000000000004B10000088A10000000000000000000100000000000000000000000000000000000000000000000000000000000000000000000000000000000000000000000000000000000000000000000000000000000000000000000000000000
	00000000000000000000000000000000000000000000000000000000000000000000000000000000000000000000000000000000000000000000000000000000000000000000000000000000000000000000000000000000000000000000000000000000000000000000000000000000000000000000000000000000000000
	000000000000000000000000000000000000000000000000000000000000000000000000000000000000000000000000000000000000000000000000000000000000000000000000008000000000000000000000004B1000000F79000000000000000000000000000000000000000000000000000000000000000000000000
	000000000000000000000000000000000000000000000000000000000000000000000000000000000000000000000000000000000000000000000000000000000000000000000000000000000000000000000000000000000000000000000000000000000000000000000000000000000000000000000000000028070000E0
	11000000000000000000000000000100000000000000000000000000000000000000000000000000000000000000000000000000000000000000000000000000000000000000000000000000000000000000000000000000000000000000000000000000000000000000000000000000000000000000000000000000000000
	000000000000000000000000000000008000000000000000000000000000000028070000E007000000FFFF06FFFF0082FF00807800807FFC807FFF867FFF8042FF80403880403FFC403FFFC63FFFC022FFC02018C0201FFC201FFFE61FFFE012FFE01008E0100FFC100FFFF60FFFF00BFFF00801F00807FC0807FFFE07FFF8
	037FF80405780403F80403FFFE03FFFC077FFC02017C0201FA0201FFFC01FFFE077FFE01037E0100F80100FFFD00FFFF067FFF00837F00807900807FFC000000062708000048320000000000000000000001000000000000000000800000000000000000400000000000000000000000000080000000000000000040000000
	00000000000000000020800000000000000000400000000000000000200000000000000000000000000040000010000000000020000000000000000010000000000000000000000000002000000000000008001000000000000000000800000000000000000000000000100000000000000000080004000000000000040000
	00000000000000000000000800000000000000000400000000000200000200000000000000000000000000040000000000000000020000000000000000010100000000000000000000000002000000000000000001000000000000000000800000000000000000000000000100000000000000000080000000000000000040
	0000000000000000500A000078160000000000000000800000000000008000400000000080004000000000000040000000000020400020000000000000200000000000002000101000000000001000000000000010000800000000080008000000000000080004000000000000040004000000000400020000000000000200
	000000000202000100000000000001000000000000010000810000000000008000000000000080004000000000280900009C5000000000400000000020010000000000000000002000008000100000000000000000004010000000000800000000002000000000080000000004001000000000000080000400000800020000
	0000400000000004020000000001200000000002000000000100100000000000000000010000080000800000000000000000040080000000004000000000020000000000400000000020010000000000000028020000F48C000000000000000000000000000000000000000000000000000000000000000000000000000000
	0000000000000000000000000000000000000000000000000000000000000000000000000000000000000000000000000000000000000000000000000000000000000000000000000000000000000000000000000000000000000000000000000000000000000000000000000000000000000027030000A702000000000000
	00000000000000000000000000000000000000000000000000000000000000000000000000000000000000000000000000000000000000000000000000000000000000000000000000000000000000000000000000000000000000000000000000000000000000000000000000000000000000000000000000000000000000
	0000000000000000000000000025040000A702000000000000000000000000000000000000000000000000000000000000000000000000000000000000000000000000000000000000000000000000000000000000000000000000000000000000000000000000000000000000000000000000000000000000000000000000
	0000000000000000000000000000000000000000000000000000000000000000000000000000250400000D4A0000000000000000000100000001000000000000000000000000000000000000000000000000000000000000000000000000000000000000000000000000000000000000000000000000000000000000000000
	00000000000000000000000000000000000000000000000000000000000000000000000000000000000000000000000000000080000000800000000000000000000000260E0000AE26000000000000000000000000000000000000000000000000000000000000000000000000000000000000000000000000000000000000
	000000000000000000000000000000000000000000000000000000000000000000000000000000000000000000000000000000000000000000000000000000000000000000000000000000000000000000000000000000000000000000000000260E000046FA00000000000000000000000000000000000000000000000000
	00000000000000000000000000000000000000000000000000000000000000000000000000000000000000000000000000000000000000000000000000000000000000000000000000000000000000000000000000000000000000000000000000000000000000000000000000000000000000000000000000000000000000
	000000000000280D0000CEB100004000810040000102000000020020000020204000200040800000008000000000101000001010200000002040000000400800000008080000000810000000102004000020040000000004000000040800020008100200001000000000000200000102040001000408000000080000000000
	81000000810200000002040000000400400000004080004000810040000102000000020020000000204000280D0000EAD7000000000000000000010000000000000000000000000000000000000000000000000000000000000000000000000000000000000000000000000000000000000000000000000000000000000000
	0000000000000000000000000000000000000000000000000000000000000000000000000000000000000000000000000000000000000000000000000000000000000000800000000000000000000000280D0000E7810000000000000000000000000000000000000000000000000000000000000000000000000000000000
	00000000000000000000000000000000000000000000000000000000000000000000000000000000000000000000000000000000000000000000000000000000000000000000000000000000000000000000000000000000000000000000000000000000000000000000000000000000000000000000000000000000000000
	00000000000000000000000000000000000000000000000000000000000000000000000000000000000000000000000000000000000000000000000000000000000000000000000000000000000000000000000000000000000000000000000000000000000000000000000000000000000000000000000000000000000000
	00000000000000000000004D0C0000425F0000000000000000000000000001000000000000000000000000000000000000000000000000000000000000000000000000000000000000000000000000000000000000000000000000000000000000000000000000000000000000000000000000000000000000000000000000
	00000000000000000000000000000000000000000000000000000000000000000000000000000000000000000000000000000000000000000000000000000000000000000000000000000000000000000000000000000000000000000000000000000000000000000000000000000000000000000000000000000000000000
	0000000000000000000000000000000000000000000000000000000000000000000000000000000000000000000000000000000000800000000000000000000000000000004D0C000075DD00000000000000000000000000000000000000000000000000000000000000000000000000000000000000000000000000000000
	00000000000000000000000000000000000000000000000000000000000000000000000000000000000000000000000000000000000000000000000000000000000000000000000000000000000000000000000000000000000000000000000000000000000000000000000000000000000000000000000000000000000000
	00000000000000000000000000000000000000000000000000000000000000000000000000000000000000000000000000000000000000000000000000000000000000000000000000000000000000000000000000000000000000000000000000000000000000000000000000000000000000000000000000000000000000
	000000004E0B000075DD000000000000000000000000000000000000000000000000000000000000000000000000000000000000000000000000000000000000000000000000000000000000000000000000000000000000000000000000000000000000000000000000000000000000000000000000000000000000000000
	00000000000000000000000000000000000000000000000000000000000000000000000000000000000000000000000000000000000000000000000000000000000000000000000000000000000000000000000000000000000000000000000000000000000000000000000000000000000000000000000000000000000000
	0000000000000000000000000000000000000000000000000000000000000000000000000000000000000000000000000000000000000000000000000000000000004E0B000075DD00000000000000000000000000000000000000000000000000000000000000000000000000000000000000000000000000000000000000
	00000000000000000000000000000000000000000000000000000000000000000000000000000000000000000000000000000000000000000000000000000000000000000000000000000000000000000000000000000000000000000000000000000000000000000000000000000000000000000000000000000000000000
	00000000000000000000000000000000000000000000000000000000000000000000000000000000000000000000000000000000000000000000000000000000000000000000000000000000000000000000000000000000000000000000000000000000000000000000000000000000000000000000000000000000000000
	004E0B00005D19000000000000000000000000000000000000000000000000000000000000000000000000000000000000000000000000000000000000000000000000000000000000000000000000000000000000000000000000000000000000000000000000000000000000000000000000000000000000000000000000
	00000000000000000000000000000000000000000000000000000000000000000000000000000000000000000000000000000000000000000000000000000000000000000000000000000000000000000000000000000000000000000000000000000000000000000000000000000000000000000000000000000000000000
	00000000000000000000000000000000000000000000000000000000000000000000000000000000000000000000000000000000000000000000004D0000005D190000000000000000000000000000000000000000000000000000000000000000000000000000000000000000000000000000000000000000000000000000
	00000000000000000000000000000000000000000000000000000000000000000000000000000000000000000000000000000000000000000000000000000000000000000000000000000000000000000000000000000000000000000000000000000000000000000000000000000000000000000000000000000000000000
	0000000000000000000000000000000000000000000000000000000000000000000000000000000000000000000000000000000000000000000000000000000000000000000000000000000000000000000000000000000000000000000000000000000000000000000000000000000000000000004D0000005D1900000000
	00000000000000000000000000000000000000000000000000000000000000000000000000000000000000000000000000000000000000000000000000000000000000000000000000000000000000000000000000000000000000000000000000000000000000000000000000000000000000000000000000000000000000
	00000000000000000000000000000000000000000000000000000000000000000000000000000000000000000000000000000000000000000000000000000000000000000000000000000000000000000000000000000000000000000000000000000000000000000000000000000000000000000000000000000000000000
	0000000000000000000000000000000000000000000000000000000000000000000000000000000000000000000000004D0000005D1900000000000000000000000000000000000000000000000000000000000000000000000000000000000000000000000000000000000000000000000000000000000000000000000000
	00000000000000000000000000000000000000000000000000000000000000000000000000000000000000000000000000000000000000000000000000000000000000000000000000000000000000000000000000000000000000000000000000000000000000000000000000000000000000000000000000000000000000
	000000000000000000000000000000000000000000000000000000000000000000000000000000000000000000000000000000000000000000000000000000000000000000000000000000000000000000000000000000000000000000000000000000000000000000004D0000002B2D000000000000000000010000000100
	00000000000000000000000000000000000000000000000000000000000000000000000000000000000000000000000000000000000000000000000000000000000000000000000000000000000000000000000000000000000000000000000000000000000000000000000000000000000000000000000000000000000000
	00000000000000000000000000000000000000000000000000000000000000000000000000000000000000000000000000000000000000000000000000000000000000000000000000000000000000000000000000000000000000000000000000000000000000000000000000000000000000000000000000000000000000
	00000000000000000000000000000000000000000000000000800000008000000000000000000000004E050000CEAE0000000000000000000000000000000000000000000000000000000000000000000000000000000000000000000000000000000000000000000000000000000000000000000000000000000000000000
	00000000000000000000000000000000000000000000000000000000000000000000000000000000000000000000000000000000000000000000000000000000000000000000000000000000000000000000000000000000000000000000000000000000000000000000000000000000000000000000000000000000000000
	000000000000000000000000000000000000000000000000000000000000000000000000000000000000000000000000000000000000000000000000000000000000000000000000000000000000000000000000000000000000000000000000000000000000004E05000088EE000000000000000000000000000000000000
	00000000000000000000000000000000000000000000000000000000000000000000000000000000000000000000000000000000000000000000000000000000000000000000000000000000000000000000000000000000000000000000000000000000000000000000000000000000000000000000000000000000000000
	00000000000000000000000000000000000000000000000000000000000000000000000000000000000000000000000000000000000000000000000000000000000000000000000000000000000000000000000000000000000000000000000000000000000000000000000000000000000000000000000000000000000000
	00000000000000000000000000000000000000000000000000004B06000088EE0000000000000000000000000000000000000000000000000000000000000000000000000000000000000000000000000000000000000000000000000000000000000000000000000000000000000000000000000000000000000000000000
	00000000000000000000000000000000000000000000000000000000000000000000000000000000000000000000000000000000000000000000000000000000000000000000000000000000000000000000000000000000000000000000000000000000000000000000000000000000000000000000000000000000000000
	000000000000000000000000000000000000000000000000000000000000000000000000000000000000000000000000000000000000000000000000000000000000000000000000000000004B0600009B76000000000000000000010000000000000000000000000000000000000000000000000000000000000000000000
	00000000000000000000000000000000000000000000000000000000000000000000000000000000000000000000000000000000000000000000000000000000000000000000000000000000000000000000000000000000000000000000000000000000000000000000000000000000000000000000000000000000000000
	0000000000000000000000000000000000000000000000000000000000000000000000000000000000000000000000000000000000000000000000000000000000000000000000000000000000000000000000000000000000000000000000000000000000000000000000000000000000008000000000000000000000004B
	0600007BAB0000000000000000000000000000000000000000000000000000000000000000000000000000000000000000000000000000000000000000000000000000000000000000000000000000000000000000000000000000000000000000000000000000000000000000000000000000000000000000000000000000
	00000000000000000000000000000000000000000000000000000000000000000000000000000000000000000000000000000000000000000000000000000000000000000000000000000000000000000000000000000000000000000000000000000000000000000000000000000000000000000000000000000000000000
	0000000000000000000000000000000000000000000000000000000000000000000000000048010000E602000000000000000000000000000100000000000000000000000000000000000000000000000000000000000000000000000000000000000000000000000000000000000000000000000000000000000000000000
	00000000000000000000000000000000000000000000000000000000000000000000000000000000000000000000000000000000000000000000000000000000000000000000000000000000000000000000000000000000000000000000000000000000000000000000000000000000000000000000000000000000000000
	0000000000000000000000000000000000000000000000000000000000000000000000000000000000000000000000000000000000000000000000000000000000000000000000000000000000000000000000000000000000000080000000000000000000000000000000500F00007FC20000000000000000000000000000
	00000000000000000000000000000000000000000000000000000000000000000000000000000000000000000000000000000000000000000000000000000000000000000000000000000000000000000000000000000000000000000000000000000000000000000000000000000000000000000000000000000000000000
	00000000000000000000000000000000000000000000000000000000000000000000000000000000000000000000000000000000000000000000000000000000000000000000000000000000000000000000000000000000000000000000000000000000000000000000000000000000000000000000000000000000000000
	0000000000000000000000000000000000000000000000000000000000000000000000000000000000000000000000000000500F00007FC20000000000000000000000000000000000000000000000000000000000000000000000000000000000000000000000000000000000000000000000000000000000000000000000
	00000000000000000000000000000000000000000000000000000000000000000000000000000000000000000000000000000000000000000000000000000000000000000000000000000000000000000000000000000000000000000000000000000000000000000000000000000000000000000000000000000000000000
	000000000000000000000000000000000000000000000000000000000000000000000000000000000000000000000000000000000000000000000000000000000000000000000000000000000000000000000000000000000000000000000000000000000000000000000000000000000000000000000000500F00009B3900
	00000000000000000000000000000000000000000000000000000000000000000000000000000000000000000000000000000000000000000000000000000000000000000000000000000000000000000000000000000000000000000000000000000000000000000000000000000000000000000000000000000000000000
	00000000000000000000000000000000000000000000000000000000000000000000000000000000000000000000000000000000000000000000000000000000000000000000000000000000000000000000000000000000000000000000000000000000000000000000000000000000000000000000000000000000000000
	000000000000000000000000000000000000000000000000000000000000000000000000000000000000004B1000009B39000000000000000000000000000000000000000000000000000000000000000000000000000000000000000000000000000000000000000000000000000000000000000000000000000000000000
	00000000000000000000000000000000000000000000000000000000000000000000000000000000000000000000000000000000000000000000000000000000000000000000000000000000000000000000000000000000000000000000000000000000000000000000000000000000000000000000000000000000000000
	0000000000000000000000000000000000000000000000000000000000000000000000000000000000000000000000000000000000000000000000000000000000000000000000000000000000000000000000000000000000000000004B1000009B3900000000000000000000000000000000000000000000000000000000
	00000000000000000000000000000000000000000000000000000000000000000000000000000000000000000000000000000000000000000000000000000000000000000000000000000000000000000000000000000000000000000000000000000000000000000000000000000000000000000000000000000000000000
	00000000000000000000000000000000000000000000000000000000000000000000000000000000000000000000000000000000000000000000000000000000000000000000000000000000000000000000000000000000000000000000000000000000000000000000000000000000000000000000000000000000000000
	000000000000000000000000000000004B1000000F79000000000000000000000000000000000000000000000000000000000000000000000000000000000000000000000000000000000000000000000000000000000000000000000000000000000000000000000000000000000000000000000000000000000000000000
	0000000000000000000000000000000000000000000000000000000000000000000000000000000000000000000000000000000000280700000F790000000000000000000000000000000000000000000000000000000000000000000000000000000000000000000000000000000000000000000000000000000000000000
	00000000000000000000000000000000000000000000000000000000000000000000000000000000000000000000000000000000000000000000000000000000000000000000000000000000000000000000000000000000000028070000ABEA000000FFFF06FFFF0083FF00807900807FFC807FFF867FFF8042FF80403880
	403FFC403FFFC63FFFC022FFC02018C0201FFC201FFFE61FFFE012FFE01008E0100FFC100FFFF60FFFF00BFFF00801F00807FC0807FFFE07FFF8037FF80405780403F80403FFFE03FFFC077FFC02017C0201FA0201FFFC01FFFE077FFE01037E0100F80100FFFD00FFFF06FFFF0083FF00807900807FFC0000000627080000
	48320000000000000000000001000000000000000000800000000000000000400000000000000000000000000080000000000000000040000000000000000000000000208000000000000000004000000000000000002000000000000000000000000000400000100000000000200000000000000000100000000000000000
	00000000002000000000000008001000000000000000000800000000000000000000000000100000000000000000080004000000000000040000000000000000000000000008000000000000000004000000000002000002000000000000000000000000000400000000000000000200000000000000000101000000000000
	000000000000020000000000000000010000000000000000008000000000000000000000000001000000000000000000800000000000000000400000000000000000500A0000781600000000000000008000000000000080004000000000800040000000000000400000000000204000200000000000002000000000000020
	00101000000000001000000000000010000800000000080008000000000000080004000000000000040004000000000400020000000000000200000000000202000100000000000001000000000000010000810000000000008000000000000080004000000000280900009C50000000004000000000200100000000000000
	00002000008000100000000000000000004010000000000800000000002000000000080000000004001000000000000080000400000800020000000040000000000402000000000120000000000200000000010010000000000000000001000008000080000000000000000004008000000000400000000002000000000040
	00000000200100000000000000280200001FB5000000000000000000010000000000000000000000000000000000000000000000000000000000000000000000000000000000000000000000000000000000000000000000000000000000000000000000000000000000000000000000000000000000000000000000000000
	0000000000000000000000000000000000000000000000000000000000000000000080000000000000000000000027030000A702000000000000000000000000000000000000000000000000000000000000000000000000000000000000000000000000000000000000000000000000000000000000000000000000000000
	000000000000000000000000000000000000000000000000000000000000000000000000000000000000000000000000000000000000000000000000000000000000000000000025040000BA830000000000000000000000000001000000000000000000000000000000000000000000000000000000000000000000000000
	00000000000000000000000000000000000000000000000000000000000000000000000000000000000000000000000000000000000000000000000000000000000000000000000000000000000000008000000000000000000000000000000025040000AE2600000000000000000000000000000000000000000000000000
	0000000000000000000000000000000000000000000000000000000000000000000000000000000000000000000000000000000000000000000000000000000000000000000000000000000000000000000000000000000000000000000000000000000000000000000000000000000000000000000000000000000000260E
	0000AE26000000000000000000000000000000000000000000000000000000000000000000000000000000000000000000000000000000000000000000000000000000000000000000000000000000000000000000000000000000000000000000000000000000000000000000000000000000000000000000000000000000
	000000000000000000000000000000000000000000000000000000260E000046FA00000000000000000000000000000000000000000000000000000000000000000000000000000000000000000000000000000000000000000000000000000000000000000000000000000000000000000000000000000000000000000000
	00000000000000000000000000000000000000000000000000000000000000000000000000000000000000000000000000000000000000000000000000000000280D0000CEB1000040008100400001020000000200200000202040002000408000000080000000001010000010102000000020400000004008000000080800
	0000081000000010200400002004000000000400000004080002000810020000100000000000020000010204000100040800000008000000000081000000810200000002040000000400400000004080004000810040000102000000020020000000204000280D000046FA0000000000000000000000000000000000000000
	00000000000000000000000000000000000000000000000000000000000000000000000000000000000000000000000000000000000000000000000000000000000000000000000000000000000000000000000000000000000000000000000000000000000000000000000000000000000000000000000000000000000000
	0000000000000000000000280D0000E7810000000000000000000000000000000000000000000000000000000000000000000000000000000000000000000000000000000000000000000000000000000000000000000000000000000000000000000000000000000000000000000000000000000000000000000000000000
	00000000000000000000000000000000000000000000000000000000000000000000000000000000000000000000000000000000000000000000000000000000000000000000000000000000000000000000000000000000000000000000000000000000000000000000000000000000000000000000000000000000000000
	0000000000000000000000000000000000000000000000000000000000000000000000000000000000000000000000000000000000000000000000000000000000000000004D0C0000E78100000000000000000000000000000000000000000000000000000000000000000000000000000000000000000000000000000000
	00000000000000000000000000000000000000000000000000000000000000000000000000000000000000000000000000000000000000000000000000000000000000000000000000000000000000000000000000000000000000000000000000000000000000000000000000000000000000000000000000000000000000
	00000000000000000000000000000000000000000000000000000000000000000000000000000000000000000000000000000000000000000000000000000000000000000000000000000000000000000000000000000000000000000000000000000000000000000000000000000000000000000000000000000000000000
	4D0C0000905E00000000000000000001000000010000000000000000000000000000000000000000000000000000000000000000000000000000000000000000000000000000000000000000000000000000000000000000000000000000000000000000000000000000000000000000000000000000000000000000000000
	00000000000000000000000000000000000000000000000000000000000000000000000000000000000000000000000000000000000000000000000000000000000000000000000000000000000000000000000000000000000000000000000000000000000000000000000000000000000000000000000000000000000000
	00000000000000000000000000000000000000000000000000000000000000000000000000000000000000000000800000008000000000000000000000004E0B000075DD0000000000000000000000000000000000000000000000000000000000000000000000000000000000000000000000000000000000000000000000
	00000000000000000000000000000000000000000000000000000000000000000000000000000000000000000000000000000000000000000000000000000000000000000000000000000000000000000000000000000000000000000000000000000000000000000000000000000000000000000000000000000000000000
	000000000000000000000000000000000000000000000000000000000000000000000000000000000000000000000000000000000000000000000000000000000000000000000000000000000000000000000000000000000000000000000000000000000000000000000000000000000000000000000000000000004E0B00
	0075DD00000000000000000000000000000000000000000000000000000000000000000000000000000000000000000000000000000000000000000000000000000000000000000000000000000000000000000000000000000000000000000000000000000000000000000000000000000000000000000000000000000000
	00000000000000000000000000000000000000000000000000000000000000000000000000000000000000000000000000000000000000000000000000000000000000000000000000000000000000000000000000000000000000000000000000000000000000000000000000000000000000000000000000000000000000
	00000000000000000000000000000000000000000000000000000000000000000000000000000000000000000000000000000000000000000000004E0B00005D190000000000000000000000000000000000000000000000000000000000000000000000000000000000000000000000000000000000000000000000000000
	00000000000000000000000000000000000000000000000000000000000000000000000000000000000000000000000000000000000000000000000000000000000000000000000000000000000000000000000000000000000000000000000000000000000000000000000000000000000000000000000000000000000000
	0000000000000000000000000000000000000000000000000000000000000000000000000000000000000000000000000000000000000000000000000000000000000000000000000000000000000000000000000000000000000000000000000000000000000000000000000000000000000000004D000000AA6200000000
	00000000000000000000000000000000000000000000000000000000000000000000000000000000000000000000000000000000000000000000000000000000000000000000000000000000000000000000000000000000000000000000000000000000000000000000000000000000000000000000000000000000000000
	00000000000000000000000000000000000000000000000000000000000000000000000000000000000000000000000000000000000000000000000000000000000000000000000000000000000000000000000000000000000000000000000000000000000000000000000000000000000000000000000000000000000000
	0000000000000000000000000000000000000000000000000000000000000000000000008000000000000000000000004D0000005D1900000000000000000000000000000000000000000000000000000000000000000000000000000000000000000000000000000000000000000000000000000000000000000000000000
	00000000000000000000000000000000000000000000000000000000000000000000000000000000000000000000000000000000000000000000000000000000000000000000000000000000000000000000000000000000000000000000000000000000000000000000000000000000000000000000000000000000000000
	000000000000000000000000000000000000000000000000000000000000000000000000000000000000000000000000000000000000000000000000000000000000000000000000000000000000000000000000000000000000000000000000000000000000000000004D00000039C7000000000000000000000000000000
	00000000000000000000000000000000000000000000000000000000000000000000000000000000000000000000000000000000000000000000000000000000000000000000000000000000000000000000000000000000000000000000000000000000000000000000000000000000000000000000000000000000000000
	00000000000000000000000000000000000000000000000000000000000000000000000000000000000000000000000000000000000000000000000000000000000000000000000000000000000000000000000000000000000000000000000000000000000000000000000000000000000000000000000000000000000000
	000000000000000000000000000000000000000000800000000000000000000000000000004D000000CEAE000000000000000000000000000000000000000000000000000000000000000000000000000000000000000000000000000000000000000000000000000000000000000000000000000000000000000000000000
	00000000000000000000000000000000000000000000000000000000000000000000000000000000000000000000000000000000000000000000000000000000000000000000000000000000000000000000000000000000000000000000000000000000000000000000000000000000000000000000000000000000000000
	0000000000000000000000000000000000000000000000000000000000000000000000000000000000000000000000000000000000000000000000000000000000000000000000000000000000000000000000000000000000000000000000000000004E050000CEAE00000000000000000000000000000000000000000000
	00000000000000000000000000000000000000000000000000000000000000000000000000000000000000000000000000000000000000000000000000000000000000000000000000000000000000000000000000000000000000000000000000000000000000000000000000000000000000000000000000000000000000
	00000000000000000000000000000000000000000000000000000000000000000000000000000000000000000000000000000000000000000000000000000000000000000000000000000000000000000000000000000000000000000000000000000000000000000000000000000000000000000000000000000000000000
	000000000000000000000000000000000000000000000000000000000000000000004E05000088EE000000000000000000000000000000000000000000000000000000000000000000000000000000000000000000000000000000000000000000000000000000000000000000000000000000000000000000000000000000
	00000000000000000000000000000000000000000000000000000000000000000000000000000000000000000000000000000000000000000000000000000000000000000000000000000000000000000000000000000000000000000000000000000000000000000000000000000000000000000000000000000000000000
	0000000000000000000000000000000000000000000000000000000000000000000000000000000000000000000000000000000000000000000000000000000000000000000000000000000000000000000000004B06000088EE00000000000000000000000000000000000000000000000000000000000000000000000000
	00000000000000000000000000000000000000000000000000000000000000000000000000000000000000000000000000000000000000000000000000000000000000000000000000000000000000000000000000000000000000000000000000000000000000000000000000000000000000000000000000000000000000
	00000000000000000000000000000000000000000000000000000000000000000000000000000000000000000000000000000000000000000000000000000000000000000000000000000000000000000000000000000000000000000000000000000000000000000000000000000000000000000000000000000000000000
	000000000000004B06000088EE000000000000000000000000000000000000000000000000000000000000000000000000000000000000000000000000000000000000000000000000000000000000000000000000000000000000000000000000000000000000000000000000000000000000000000000000000000000000
	00000000000000000000000000000000000000000000000000000000000000000000000000000000000000000000000000000000000000000000000000000000000000000000000000000000000000000000000000000000000000000000000000000000000000000000000000000000000000000000000000000000000000
	0000000000000000000000000000000000000000000000000000000000000000000000000000000000000000000000000000000000000000004B0600007BAB00000000000000000000000000000000000000000000000000000000000000000000000000000000000000000000000000000000000000000000000000000000
	00000000000000000000000000000000000000000000000000000000000000000000000000000000000000000000000000000000000000000000000000000000000000000000000000000000000000000000000000000000000000000000000000000000000000000000000000000000000000000000000000000000000000
	0000000000000000000000000000000000000000000000000000000000000000000000000000000000000000000000000000000000000000000000000000000000000000000000000000000000000000000000000000000000000000000000480100007FC20000000000000000000000000000000000000000000000000000
	00000000000000000000000000000000000000000000000000000000000000000000000000000000000000000000000000000000000000000000000000000000000000000000000000000000000000000000000000000000000000000000000000000000000000000000000000000000000000000000000000000000000000
	00000000000000000000000000000000000000000000000000000000000000000000000000000000000000000000000000000000000000000000000000000000000000000000000000000000000000000000000000000000000000000000000000000000000000000000000000000000000000000000000000000000000000
	0000000000000000000000000000000000000000000000000000000000000000000000000000500F0000F4BF0000000000000000000000000000000000000000000000000000000000000000000000000000000000000000000000000000000000000000000000000000000000000000000000000000000000000000000000
	00000000000000000000000000000000000000000000000000000000000000000000000000000000000000000000000000000000000000000000000000000000000000000000000000000000000000000000000000000000000000000000000000000000000000000000000000000000000000000000000000000000000000
	000000000000000000000000000000000000000000000000000000000000000000000000000000000000000000000000000000000000000000000000000000000000000000000000000000000000000000000000000000000000000080000000800000000000000000000000500F00007FC200000000000000000000000000
	00000000000000000000000000000000000000000000000000000000000000000000000000000000000000000000000000000000000000000000000000000000000000000000000000000000000000000000000000000000000000000000000000000000000000000000000000000000000000000000000000000000000000
	00000000000000000000000000000000000000000000000000000000000000000000000000000000000000000000000000000000000000000000000000000000000000000000000000000000000000000000000000000000000000000000000000000000000000000000000000000000000000000000000000000000000000
	000000000000000000000000000000000000000000000000000000000000000000000000000000000000000000000000000000500F00009B3900000000000000000000000000000000000000000000000000000000000000000000000000000000000000000000000000000000000000000000000000000000000000000000
	00000000000000000000000000000000000000000000000000000000000000000000000000000000000000000000000000000000000000000000000000000000000000000000000000000000000000000000000000000000000000000000000000000000000000000000000000000000000000000000000000000000000000
	00000000000000000000000000000000000000000000000000000000000000000000000000000000000000000000000000000000000000000000000000000000000000000000000000000000000000000000000000000000000000000000000000000000004B1000009B390000000000000000000000000000000000000000
	00000000000000000000000000000000000000000000000000000000000000000000000000000000000000000000000000000000000000000000000000000000000000000000000000000000000000000000000000000000000000000000000000000000000000000000000000000000000000000000000000000000000000
	00000000000000000000000000000000000000000000000000000000000000000000000000000000000000000000000000000000000000000000000000000000000000000000000000000000000000000000000000000000000000000000000000000000000000000000000000000000000000000000000000000000000000
	0000000000000000000000000000000000000000000000004B1000004DF000000000000000000000000000000000000000000000000000000000000000000000000000000000000000000000000000000000000000000000000000000000000000000000000000000000000000000000000000000000000000000000000000
	00000000000000000000000000000000000000000000000000000000000000000000000000000000000000000000000000000000000000000000000000000000000000000000000000000000000000000000000000000000000000000000000000000000000000000000000000000000000000000000000000000000000000
	00000000000000000000000000000000000000000000000000000000000000000000000000000000000000000000000000000000000000000000000000008000000000000000000000004B1000000F790000000000000000000000000000000000000000000000000000000000000000000000000000000000000000000000
	00000000000000000000000000000000000000000000000000000000000000000000000000000000000000000000000000000000000000000000000000000000000000000000000000000000000000000000000000000000000000000000000000000000000000000000000000000028070000211100000000000000000000
	00000000000000000000000000000000000000000000000000000000000000000000000000000000000000000000000000000000000000000000000000000000000000000000000000000000000000000000000000000000000000000000000000000000000000000000000000000000000000000000000000000000000000
	00000000008000000000000000000000000000000028070000E007000000FFFF06FFFF0082FF00807800807FFC807FFF867FFF8042FF80403880403FFC403FFFC63FFFC022FFC02018C0201FFC201FFFE61FFFE012FFE01008E0100FFC100FFFF60FFFF00BFFF00801F00807FC0807FFFE07FFF8037FF80405780403F80403
	FFFE03FFFC077FFC02017C0201FA0201FFFC01FFFE077FFE01037E0100F80100FFFD00FFFF067FFF00837F00807900807FFC0000000627080000483200000000000000000000010000000000000000008000000000000000004000000000000000000000000000800000000000000000400000000000000000000000002080
	00000000000000004000000000000000002000000000000000000000000000400000100000000000200000000000000000100000000000000000000000000020000000000000080010000000000000000008000000000000000000000000001000000000000000000800040000000000000400000000000000000000000000
	08000000000000000004000000000002000002000000000000000000000000000400000000000000000200000000000000000101000000000000000000000000020000000000000000010000000000000000008000000000000000000000000001000000000000000000800000000000000000400000000000000000500A00
	00B91600000000000000008000000000010080004000000000800040000000000000400000000000204000200000000000002000000000000020001010000000000010000000000000100008000000000800080000000000000800040000000000000400040000000004000200000000000002000000000002020001000000
	00000001000000000000010000810000000000008000000000000080004000000000280900009C50000000004000000000200100000000000000000020000080001000000000000000000040100000000008000000000020000000000800000000040010000000000000800004000008000200000000400000000004020000
	000001200000000002000000000100100000000000000000010000080000800000000000000000040080000000004000000000020000000000400000000020010000000000000028020000F48C0000000000000000000000000000000000000000000000000000000000000000000000000000000000000000000000000000
	000000000000000000000000000000000000000000000000000000000000000000000000000000000000000000000000000000000000000000000000000000000000000000000000000000000000000000000000000000000000000000000000000000000000000027030000A7020000000000000000000000000000000000
	00000000000000000000000000000000000000000000000000000000000000000000000000000000000000000000000000000000000000000000000000000000000000000000000000000000000000000000000000000000000000000000000000000000000000000000000000000000000000000000000000000000000000
	000025040000A7020000000000000000000000000000000000000000000000000000000000000000000000000000000000000000000000000000000000000000000000000000000000000000000000000000000000000000000000000000000000000000000000000000000000000000000000000000000000000000000000
	000000000000000000000000000000000000000000000000000000250400000D4A00000000000000000001000000010000000000000000000000000000000000000000000000000000000000000000000000000000000000000000000000000000000000000000000000000000000000000000000000000000000000000000
	0000000000000000000000000000000000000000000000000000000000000000000000000000000080000000800000000000000000000000260E0000AE260000000000000000000000000000000000000000000000000000000000000000000000000000000000000000000000000000000000000000000000000000000000
	00000000000000000000000000000000000000000000000000000000000000000000000000000000000000000000000000000000000000000000000000000000000000000000000000000000000000000000000000260E000046FA000000000000000000000000000000000000000000000000000000000000000000000000
	0000000000000000000000000000000000000000000000000000000000000000000000000000000000000000000000000000000000000000000000000000000000000000000000000000000000000000000000000000000000000000000000000000000000000000000000000000000000000000000000000000280D0000CE
	B1000040008100400001020000000200200000202040002000408000000080000000001010000010102000000020400000004008000000080800000008100000001020040000200400000000040000000408000200081002000010000000000002000001020400010004080000000800000000008100000081020000000204
	0000000400400000004080004000810040000102000000020020000000204000280D000046FA0000000000000000000000000000000000000000000000000000000000000000000000000000000000000000000000000000000000000000000000000000000000000000000000000000000000000000000000000000000000
	000000000000000000000000000000000000000000000000000000000000000000000000000000000000000000000000000000000000000000000000000000000000000000280D0000E78100000000000000000000000000000000000000000000000000000000000000000000000000000000000000000000000000000000
	00000000000000000000000000000000000000000000000000000000000000000000000000000000000000000000000000000000000000000000000000000000000000000000000000000000000000000000000000000000000000000000000000000000000000000000000000000000000000000000000000000000000000
	00000000000000000000000000000000000000000000000000000000000000000000000000000000000000000000000000000000000000000000000000000000000000000000000000000000000000000000000000000000000000000000000000000000000000000000000000000000000000000000000000000000000000
	4D0C0000E78100000000000000000000000000000000000000000000000000000000000000000000000000000000000000000000000000000000000000000000000000000000000000000000000000000000000000000000000000000000000000000000000000000000000000000000000000000000000000000000000000
	00000000000000000000000000000000000000000000000000000000000000000000000000000000000000000000000000000000000000000000000000000000000000000000000000000000000000000000000000000000000000000000000000000000000000000000000000000000000000000000000000000000000000
	000000000000000000000000000000000000000000000000000000000000000000000000000000000000000000000000000000000000000000004D0C000075DD000000000000000000000000000000000000000000000000000000000000000000000000000000000000000000000000000000000000000000000000000000
	00000000000000000000000000000000000000000000000000000000000000000000000000000000000000000000000000000000000000000000000000000000000000000000000000000000000000000000000000000000000000000000000000000000000000000000000000000000000000000000000000000000000000
	0000000000000000000000000000000000000000000000000000000000000000000000000000000000000000000000000000000000000000000000000000000000000000000000000000000000000000000000000000000000000000000000000000000000000000000000000000000000000000000000004E0B000075DD00
	00000000000000000000000000000000000000000000000000000000000000000000000000000000000000000000000000000000000000000000000000000000000000000000000000000000000000000000000000000000000000000000000000000000000000000000000000000000000000000000000000000000000000
	00000000000000000000000000000000000000000000000000000000000000000000000000000000000000000000000000000000000000000000000000000000000000000000000000000000000000000000000000000000000000000000000000000000000000000000000000000000000000000000000000000000000000
	000000000000000000000000000000000000000000000000000000000000000000000000000000000000000000000000000000000000004E0B0000B4DD000000000000000000000000000100000000000000000000000000000000000000000000000000000000000000000000000000000000000000000000000000000000
	00000000000000000000000000000000000000000000000000000000000000000000000000000000000000000000000000000000000000000000000000000000000000000000000000000000000000000000000000000000000000000000000000000000000000000000000000000000000000000000000000000000000000
	0000000000000000000000000000000000000000000000000000000000000000000000000000000000000000000000000000000000000000000000000000000000000000000000000000000000000000000000000000000000000000000000000000000000000000000000000000000000000000004E0B00005D1900000000
	00000000000000000000000000000000000000000000000000000000000000000000000000000000000000000000000000000000000000000000000000000000000000000000000000000000000000000000000000000000000000000000000000000000000000000000000000000000000000000000000000000000000000
	00000000000000000000000000000000000000000000000000000000000000000000000000000000000000000000000000000000000000000000000000000000000000000000000000000000000000000000000000000000000000000000000000000000000000000000000000000000000000000000000000000000000000
	0000000000000000000000000000000000000000000000000000000000000000000000000000000000000000000000004D0000005D1900000000000000000000000000000000000000000000000000000000000000000000000000000000000000000000000000000000000000000000000000000000000000000000000000
	00000000000000000000000000000000000000000000000000000000000000000000000000000000000000000000000000000000000000000000000000000000000000000000000000000000000000000000000000000000000000000000000000000000000000000000000000000000000000000000000000000000000000
	000000000000000000000000000000000000000000000000000000000000000000000000000000000000000000000000000000000000000000000000000000000000000000000000000000000000000000000000000000000000000000000000000000000000000000004D0000005D19000000000000000000000000000000
	00000000000000000000000000000000000000000000000000000000000000000000000000000000000000000000000000000000000000000000000000000000000000000000000000000000000000000000000000000000000000000000000000000000000000000000000000000000000000000000000000000000000000
	00000000000000000000000000000000000000000000000000000000000000000000000000000000000000000000000000000000000000000000000000000000000000000000000000000000000000000000000000000000000000000000000000000000000000000000000000000000000000000000000000000000000000
	000000000000000000000000000000000000000000000000000000000000000000000000004D0000005D19000000000000000000000000000000000000000000000000000000000000000000000000000000000000000000000000000000000000000000000000000000000000000000000000000000000000000000000000
	00000000000000000000000000000000000000000000000000000000000000000000000000000000000000000000000000000000000000000000000000000000000000000000000000000000000000000000000000000000000000000000000000000000000000000000000000000000000000000000000000000000000000
	00000000000000000000000000000000000000000000000000000000000000000000000000000000000000000000000000000000000000000000000000000000000000000000000000000000000000000000000000000000000000000000004D000000CAFF0000000000000000000100000001000000000000000000000000
	00000000000000000000000000000000000000000000000000000000000000000000000000000000000000000000000000000000000000000000000000000000000000000000000000000000000000000000000000000000000000000000000000000000000000000000000000000000000000000000000000000000000000
	00000000000000000000000000000000000000000000000000000000000000000000000000000000000000000000000000000000000000000000000000000000000000000000000000000000000000000000000000000000000000000000000000000000000000000000000000000000000000000000000000000000000000
	0000000000000000000000000000000000000000000000000000000000004E050000CEAE00000000000000000000000000000000000000000000000000000000000000000000000000000000000000000000000000000000000000000000000000000000000000000000000000000000000000000000000000000000000000
	00000000000000000000000000000000000000000000000000000000000000000000000000000000000000000000000000000000000000000000000000000000000000000000000000000000000000000000000000000000000000000000000000000000000000000000000000000000000000000000000000000000000000
	00000000000000000000000000000000000000000000000000000000000000000000000000000000000000000000000000000000000000000000000000000000000000000000000000000000000000000000000000000000000000004E050000786E0000000000000000000000000000000000000000000000000000000000
	00000000000000000000000000000000000000000000000000000000000000000000000000000000000000000000000001000000000000000000000000000000000000000000000000000000000000000000000000000000000000000000000000000000000000000000000000000000000000000000000000000000000000
	00000000000000000000000000000000000000000000000000000000000000000000000000000000000000000000000000000000000000000000000000000000000000000000000000000000000000000000000000000000000000000000000000000000000000000000000000000000000000000000000000000000000000
	0000000000000000000000000000004B06000088EE00000000000000000000000000000000000000000000000000000000000000000000000000000000000000000000000000000000000000000000000000000000000000000000000000000000000000000000000000000000000000000000000000000000000000000000
	00000000000000000000000000000000000000000000000000000000000000000000000000000000000000000000000000000000000000000000000000000000000000000000000000000000000000000000000000000000000000000000000000000000000000000000000000000000000000000000000000000000000000
	00000000000000000000000000000000000000000000000000000000000000000000000000000000000000000000000000000000000000000000000000000000004B0600004DBF0000000000000000000100000000000000000000000000000000000000000000000000000000000000000000000000000000000000000000
	00000000000000000000000000000000000000000000000000000000000000000000000000000000000000000000000000000000000000000000000000000000000000000000000000000000000000000000000000000000000000000000000000000000000000000000000000000000000000000000000000000000000000
	000000000000000000000000000000000000000000000000000000000000000000000000000000000000000000000000000000000000000000000000000000000000000000000000000000000000000000000000000000000000000000000000000000000000000000000000000000000000004B0600002BAA000000000000
	00000000000000000000000000000000000000000000000100000000000000000000000000000000000000000000000000000000000000000000000000000000000000000000000000000000000000000000000000000000000000000000000000000000000000000000000000000000000000000000000000000000000000
	00000000000000000000000000000000000000000000000000000000000000000000000000000000000000000000000000000000000000000000000000000000000000000000000000000000000000000000000000000000000000000000000000000000000000000000000000000000000000000000000000000000000000
	000000000000000000000000000000000000000000000000000048010000BEC20000000000000000000000000001000000000000000000000000000000000000000000000000000000000000000000000000000000000000000000000000000000000000000000000000000000000000000000000000000000000000000000
	00000000000000000000000000000000000000000000000000000000000000000000000000000000000000000000000000000000000000000000000000000000000000000000000000000000000000000000000000000000000000000000000000000000000000000000000000000000000000000000000000000000000000
	000000000000000000000000000000000000000000000000000000000000000000000000000000000000000000000000000000000000000000000000000000000000000000000000000000000000000000000000000000000000000000000000500F00007FC200000000000000000000000000000000000000000000000000
	00000000000000000000000000000000000000000000000000000000000000000000000000000000000000000000000000000000000000000000000000000000000000000000000000000000000000000000000000000000000000000000000000000000000000000000000000000000000000000000000000000000000000
	00000000000000000000000000000000000000000000000000000000000000000000000000000000000000000000000000000000000000000000000000000000000000000000000000000000000000000000000000000000000000000000000000000000000000000000000000000000000000000000000000000000000000
	000000000000000000000000000000000000000000000000000000000000000000000000000000500F00007FC200000000000000000000000000000000000000000000000000000000000000000000000000000000000000000000000000000000000000000000000000000000000000000000000000000000000000000000
	00000000000000000000000000000000000000000000000000000000000000000000000000000000000000000000000000000000000000000000000000000000000000000000000000000000000000000000000000000000000000000000000000000000000000000000000000000000000000000000000000000000000000
	00000000000000000000000000000000000000000000000000000000000000000000000000000000000000000000000000000000000000000000000000000000000000000000000000000000000000000000000000000000000000000000000000000000000000000000000000500F0000D7E9000000000000000000080000
	00000000000000000000000000000000000000000000000000000000000000000000000000000000000000000000000000000000000000000000000000000000000000000002000000000000000000000000000000000000000000000000000000000000000000000000000000000000000000000000000000000000000000
	00000000000000000000000000000000000000000000000000000000000000000000000000000000000000000000000000000000000000000000000000000000000000000000000000000000000000000000000000000000000000000000000000000000000000000000000000000000000000000000000000000000000000
	00000000000000000000000000000000000000000000000000000000000000004B100000E2CB0000000000040000000000000000000000040000000000000000000000040000000000000000000000000000000000000000000000000000000000000000000000000000000000000000000000000000000000000000000000
	00000000000000000000000000000000000000000000000001000000000000000000000000000000010000000200000000000000000000000000000000000000000000000000000000000000000000000000000000000000000000000000000000000000000000000000000000000000000000000000000000000000000000
	000000000000000000000000000000000000000000000000000000000000000000000000000000000000000000000000000000000002000000000000000000000000000000010000000000000000000000004B1000000ACF000000000000000000040000000000000000000000000000000000000000000000000000000000
	00000000000000000000000000000000000000000000000000000000000000000000000000000200000000000000000000000000000000000000000000000000000000000000000000000100000000000000000000000100000000000000020000000000000000000000000000000000000000000000000000000000000000
	00000000000000000000000000000000000000000000000000000000000000000000000000000000000000000000000000000000000000000000000000000000000000000000000000000000000000000000000000000000000000000000000000000000000000020000000000000000000000000000000100000000000000
	00000000004B1000000F790000000000000000000000000000000000000000000000000000000000000000000000000000000000000000000000000000000000000000000000000000000000000000000000000000000000000000000000000000000000000000000000000000000000000000000000000000000000000000
	000000000000000000000000000000000000000000000000000000000000000000000000000000000000280700006DFD00000000000000000004000000060000000200000000000000040000000200000000000000000000000000000000000000000000000000000000000000000000000200000001000000000000000000
	0000020000000100000000000000000000000000000000000000000000000000000001000000010000000000000000000000010000000000000002000000010000000000000000000000020000000128070000E456000000FFFF06FFFF0083FF00807900807FFC807FFF867FFF8042FF80403880403FFC403FFFC63FFFC022
	FFC02018C0201FFC201FFFE61FFFE012FFE01008E0100FFC100FFFF60FFFF00BFFF00801F00807FC0807FFFE07FFF8037FF80405780403F80403FFFE03FFFC077FFC02017C0201FA0201FFFC01FFFE077FFE01037E0100F80100FFFD00FFFF067FFF00837F00807900807FFC00000006270800005AB6000000000000000000
	00010000000000000000008000000000000000004000000000000000000000000000800000000000000000400000000002000000000000002080000000000000000040000000000000000020000000000200000000000000004000001000000000002000000000000000001000000000020000000100000000200000000000
	00080010000000000000000008000000000200000001000000001000000000000000000800040000000000000400000000010000000000000000080000000000000000040000000000020000020000000000000000000000000004000000000000000002000000000000000001010000000000000000000000000200000000
	00000000010000000000020000008000000000000000000000000001000000000000000000800000000000000000400000000000000000500A0000C024000000000000000080000000000000800040000000008000400000000000004000000000002240002000000000000020000000000002200010100000000000100000
	000000001000080000000009000800000000000008000400000000000004000700000000040002000000000200020000000000020200010000000002000100020000000001000081000000000000800000000000008000410000000028090000461E0000000040000000002201000002000000020000200100800011000000
	02000000020040100000000008000000020020000200000801000000050010000300000003800004000008000300000001400000010004020200000003200000020002000000000100100000010000000100010000080000800000000100000001040080000000004000000001020000010000400000000020010000010000
	000128020000C2070000000000020000000100000002000000020000000300000003000000020000000200000002000000020000000200000002000000020000000200000003000000030000000100000000000000030000000100000002000000020000000300000003000000010000000100000001000000010000000100
	00000100000001000000010000000100000001000000010000000100000001000000012703000036E90000000000000000000000000000000000020000000000000000000000020000000300000001000000010000000000000003000000010000000100000000000000030000000000000000000000030000000300000000
	0000000000000002000000030000000000000000000000000000000100000002000000020000000000000001000000000000000000000001000000012504000061C800000000000000000000000000030000000000000000000000000000000000000000000000010000000100000002000000000000000000000000000000
	0300000000000000000000000000000000000000000000000000000000000000030000000200000000000000000000000100000000000000020000000200000001000000000000000000000000000000000000000025040000E2BD000000000000000000000000000400000006000000060000000600000004000000060000
	000600000006000000000000000200000006000000060000000000000002000000020000000000000000000000020000000000000002000000000000000200000003000000010000000000000002000000020000000200000000000000020000000200000002000000010000000200000001260E0000796400000000000600
	00000600000002000000000000000400000004000000060000000400000004000000040000000200000000000000040000000400000002000000000000000000000002000000020000000000000002000000000000000200000000000000010000000300000002000000000000000000000000000000020000000000000001
	00000001000000020000000100000002260E0000F6A8000000000006000000040000000000000000000000000000000000000006000000040000000400000004000000060000000400000004000000040000000200000000000000000000000200000002000000000000000200000000000000020000000000000000000000
	0200000002000000000000000100000001000000020000000000000000000000000000000200000001000000000000000100000003280D00008CF10000400081004000010200000006002000062020400220004082000000800000000610100006101020020000204000000046080000060808000200081000000010220400
	002204000000000400000004080202000810020000120000000000020002010204020100040800000008000000020081000200810203000002040000000600400003004080034000810140000102000000030020000200204000280D0000C95500000000000000000000000000000000000000000000000000000000000000
	00000400000004000000000000000000000004000000040000000000000000000000000000000000000000000000000000000000000000000000000000000000000000000000000000000100000001000000000000000000000001000000010000000000000000000000010000000000000000000000000000000000000000
	280D00006E9F00000000000000000002000000040000000000000000000000040000000000000004000000000000000200000000000000000000000200000000000000000000000000000000000000000000000000000000000000000000000000000000000000000000000200000000000000000000000000000001000000
	02000000000000000100000003000000000000000100000000000000010000000000000000000000010000000100000002000000000000000000000000000000000000000000000000000000000000000000000000000000000000000100000000000000000000000000000000000000020000000000000000000000030000
	000000000000000000000000000000000000000000000000000200000001000000020000000000000002000000000000000200000000000000024D0C00004A8D000000000000000000040000000000000004000000020000000400000000000000000000000000000000000000000000000000000000000000000000000000
	00000000000000000000000000000000000000000000020000000000000000000000000000000000000000000000000000000100000001000000000000000000000000000000010000000000000000000000010000000300000000000000010000000000000000000000000000000000000000000000010000000000000000
	00000000000000010000000000000000000000000000000000000000000000000000000000000000000000000000000000000000000000000000000000000000000000000000000000000000000000000000000000000000000000020000000000000000000000010000000200000000000000004D0C0000984C0000000000
	00000000010000000100000000000000000000000000000000000000040000000000000000000000000000000000000000000000000000000000000000000000020000000000000000000000000000000000000000000000000000000000000000000000000000000000000000000000000000000100000000000000010000
	00000000000000000000000000000000000000000000000000000000000000000000000000000000000000000000000000010000000000000000000000000000000000000001000000000000000000000000000000000000000200000000000000000000000000000000000000000000000000000000000000000000000000
	0000000000000000000000000000000000000000000000000000000000000000000000000000000000000000000000000000004E0B0000544F00000000000000000000000000000000000400000000000000000000000000000000000000000000000000000000000000000000000000000000000000000000000000000000
	00000000000000000000000000000000000000000000000000000000000000000000000000000000000000000000000000000000000000000000000000000000000000010000000000000000000000000000000000000000000000000000000000000000000000000000000000000000000000000000000000000000000000
	00000000000000000000000000000000000000000000000000000000000000000000000000000000000000000000000000000000000000000000000000000000000000000000000000000000000000000000000000000000000000000200000000000000000000000000000000000000004E0B0000652C0000000000020000
	00040000000000000000000000000000000000000000000000000000000000000000000000000000000000000000000000000000000000000000000000000000000000000000000000000000000000000000000000000000000000000000000000000000000000000000000000020000000000000000000000000000000000
	00000000000001000000000000000000000000000000000000000100000000000000000000000000000000000000000000000000000000000000000000000000000000000000000000000000000000000000000000000000000000000000000000000000000000000000000000000000000002000000000000000000000000
	0000000000000000000000020000000000000001000000000000000000000000000000000000000000000000000000004E0B00009EA600000000000000000000000000000000000000000000000000000000000000000000000000000000000000000000000000000000000000000000000000000000000000000001000000
	00000000000000000000000000000000000000000000000000000000000000000000000000000000000000000000000000000000000000000000000000000000000000000000000000000000000000000000000002000000000000000000000001000000000000000000000000000000000000000000000000000000000000
	000000000000000000000000000000000000000000000000000000000000000000000000000000000000000000000000000000000000000000000000000000000000000000000000000000000000000000000000000000000000000000000000000000000000000000004D00000077BB000000000000000000000000000000
	00000000000000000000000000000000000000000000000000000000000000000000000000000000000001000000000000000000000000000000000000000000000000000000010000000000000000000000000000000000000000000000000000000000000000000000000000000000000000000000000000000000000000
	00000000000000000000000000000000000000000000000000000000000000000000000000000000000000000000000000000000000000000000000000000000000000020000000000000000000000000000000200000002000000000000000000000000000000000000000000000000000000020000000000000000000000
	000000000000000000000000000000000000000000000000000000000000000000000000004D00000057D9000000000000000000000000000000000000000000000000000000000000000000010000000000000001000000000000000000000000000000020000000000000000000000000000000000000000000000000000
	00000000000200000000000000000000000000000000000000000000000000000000000000000000000000000000000000000000000100000000000000000000000000000000000000000000000000000000000000000000000000000000000000000000000000000000000000000000000000000000000000000000000000
	00000000000000000000000000000000000000000000000000000000000000000000000000000000000000000000000000000000000000000000010000000000000000000000000000000000000000000000000000000000000000000000004D000000108A0000000000000000000000000000000000000000000000000000
	00000002000000000000000000000000000000000000000000000000000000000000000000000000000000000000000000000000000000000000000000000000000000000000000000000000000000000000000000000000000000000000000000000000000000000000000000000000000000000000000000000000000000
	00000000000000000000000000000000000000000000000000000000000000000000000000000000000000000000000000000000000000000000000000000000000000000000000000000000000000000000000000000000000000000000000000000000000000000000000000000000000000000000000000000000000000
	00000000000100000000000000000000000000000000000000004D00000055A40000000000000000000000000000000000000000000000000000000000000000000000000000000000000000000000000000000000020000000000000000000000000000000000000000000000000000000000000000000000000000000000
	00000000000000000000000000000100000000000000000000000200000001000000000000000000000000000000000000000000000000000000020000000000000000000000000000000000000000000000000000000000000000000000000000000000000000000000000000000000000000000000000000000000000000
	000000000000000000000000000000010000000000000000000000020000000000000000000000000000000200000000000000000000000000000002000000000000000000000000000000030000000000000000000000004E0500004B3E000000000000000000000000000000000000000000000000000000000000000000
	00000000000000000000000000000000000000000000000000000000000000000000000000000000000000000000000000000000000000000000000001000000000000000000000000000000000000000000000000000000010000000000000000000000000000000000000000000000000000000000000000000000000000
	00000000000000000000000000000000000000000000000000000000000000000000000000000000000000000000000000000000000000000000000000000000000000000000000000000000000000000000000000000000000000000000000000000000000200000000000000010000000000000002000000000000000000
	00000200000000000000000000000000000000000000024E050000859F0000000000000000000000000000000000000000000000000000000000000000000000000000000000000000000000000000000000000000000000000000000000000000000000000000000000000000000000000000000000000000000000000000
	00000000000000000000000000000000000000000000000000000000000000000000000000000000000000000000000000000000000000000000000000000000000000000000000000000000000000000000000000000000000000000000000000000000000000000000000000000000000000000000000000000000000000
	020000000000000000000000000000000000000000000000000000000000000000000000000000000000000000000000000000000000000000000000000000000300000000000000004B0600008CE7000000000000000000020000000000000000000000000000000000000000000000000000000000000002000000000000
	00000000000000000000000000000000000000000000000000000000000000000001000000000000000200000000000000000000000000000000000000000000000000000000000000000000000000000000000000000000000000000000000000000000000000000000000000010000000000000000000000000000000000
	0000000000000000000000000000000000000000000000000000000000000000000000000000000000000000000000000000000000000000000004000000000000000200000000000000000000000000000000000000000000000000000000000000000000000000000000000000000000000000000000000000004B060000
	EED10000000000000000000000000002000000000000000000000000000000000000000000000000000000000000000000000000000000000000000000000000000000000000000000000000000000000000000000000000000000000000000000000000000000000000000100000000000000000000000000000000000000
	01000000000000000000000000000000000000000000000000000000000000000000000000000000000000000000000000000000000000000000000000000000000000000000000000000000000000000000000000000000000000000000000000000000000000000000000000000000000000000000000000000000000000
	000000000000000000010000000000000000000000000000000000000000000000000000000000000000000000004B0600002D9F000000000000000000000000000000000000000000000000000000000000000000010000000000000000000000020000000000000000000000010000000000000000000000000000000000
	00000000000001000000000000000000000000000000000000000000000000000000010000000000000000000000000000000000000000000000000000000000000000000000000000000000000000000000000000000000000000000000000000000200000000000000040000000000000000000000000000000000000000
	0000000000000001000000000000000000000000000000000000000000000001000000020000000000000001000000000000000100000000000000000000000000000000000000000000000100000000000000004801000063E700000000000000000000000000040000000000000000000000000000000000000000000000
	00000000000000000000000000000000000000000000000000000000000000000000000000000000000000000000000000000000000000000000000000000000000000000000000001000000000000000000000000000000000000000000000000000000000000000000000000000000000000000000000002000000000000
	00000000000000000002000000000000000000000000000000000000000000000000000000000000000000000000000000020000000000000000000000000000000000000000000000000000000000000000000000030000000000000000000000000000000000000000000000000000000000000000000000000000000000
	000000000000000000000000000000000000000000000000000002500F0000F9CA00000000000000000000000000000000000400000000000000000000000000000000000000000000000000000000000000000000000000000000000000000000000000000000000000000000000000000000000000000000000000000000
	00000000000000000000000000000001000000000000000000000000000000000000000000000000000000000000000000000000000000000000000000000000000000000000000000000000000000000000000000000000000000000000000000000000000000000000000000000000000000000000000000000000000000
	00000000000000000000000000000000000000000000000000000000000000000000000000000000000000000000000000000000000000000000000000000000000000000000000000000000000000000000000000000000000000000000000000500F000085D9000000000000000000000000000000000000000000000000
	00000000000000000002000000000000000000000000000000000000000000000000000000000000000000000002000000000000000000000000000000000000000000000000000000000000000000000000000000000000000000000000000000000000000000000000000000000000000000000000000000000000000000
	00000000000002000000000000000000000000000000020000000000000000000000000000000000000000000000000000000000000000000000000000000000000000000000000000000000000000000000000000000000000000000000000000000200000000000000000000000000000000000000000000000000000000
	00000000000000000000000000000000000000000000000000000000000000000000000200000000500F00008084000000000000000000000000000000000004000000000000000000000000000000000000000400000000000000000000000000000000000000000000000000000000000000000000000000000000000000
	00000000000000000000000000000000000000000000000002000000000000000000000002000000000000000200000000000000000000000000000000000000000000000200000000000000000000000000000000000000020000000000000000000000020000000000000000000000000000000200000000000000000000
	0000000000000000000200000000000000000000000000000002000000000000000000000000000000000000000000000000000000000000000000000000000000000000000000000000000000020000000000000000000000004B100000F37000000000000000000000000000000000000000000000000000000000000000
	00000400000000000000000000000000000000000000000000000000000000000000000000000000000000000000000000000000000000000000020000000000000000000000000000000000000000000000000000000000000000000000000000000000000000000000000000000000000000000000000000000000000000
	00000000000000000000000000000000000000000000000000000000000000000000000000000000000000000000000000000000000000000000000000000000000000000000000000000000000000000000000000000002000000000000000000000000000000000000000000000000000000000000000000000000000000
	000000000000000002000000004B1000001098000000000000000000000000000000000004000000000000000000000004000000000000000400000000000000000000000000000000000000000000000000000000000000000000000000000000000000000000000200000000000000000000000000000000000000020000
	00000000000000000002000000000000000000000002000000000000000000000000000000000000000200000000000000000000000000000000000000020000000000000000000000020000000000000000000000000000000200000000000000000000000000000000000000020000000000000000000000000000000200
	0000000000000000000000000000000000000000000000000000000000000000000000000000000000000000000000000000020000000000000002000000004B1000000F7900000000000000000000000000000000000000000000000000000000000000000000000000000000000000000000000000000000000000000000
	0000000000000000000000000000000000000000000000000000000000000000000000000000000000000000000000000000000000000000000000000000000000000000000000000000000000000000000000000000000000000000000000000000000028070000FC0D000000000000000000040000000000000000000000
	00000000040000000000000000000000000000000000000000000000020000000000000000000000000000000000000000000000000000000200000000000000000000000000000002000000020000000000000000000000000000000000000000000000000000000000000000000000020000000200000000000000000000
	0000000000000000000028070000587A000000FFFF07FFFF0082FF00807800807FFC807FFF867FFF8042FF80403880403FFC403FFFC63FFFC022FFC02018C0201FFC201FFFE61FFFE012FFE01008E0100FFC100FFFF60FFFF00BFFF00801F00807FC0807FFFE07FFF8037FF80405780403F80403FFFE03FFFC077FFC02017C
	0201FA0201FFFC01FFFE077FFE01037E0100F80100FFFD00FFFF067FFF00837F00807980807FFC00000006270800008E59000000000001000000000100000000000004000080000000000000000040000000000000000000000000008000000000000000004000000000000000000000000020800000000000000000400000
	00000000000020000000000000000000000000004000001000000000002000000000000000001000000000000000000000000000200000000000000800100000000000000000080200000000000000000000000010000000000000000008000400000000000004000000000000000000000000000800000000000000000400
	0000000002000002000000000000000000000000000400000000000000000200020000000000000101000000000000000000000000020000000000000000010000000000020000008000000000000000000000000001000000000000000000800200000000000000408000000000000000500A0000A3C30000000000000000
	80000000000400800044000000008000400000000000004000000000002040002000000000000020000000000000200010100000000000100000000000001000080000000008000800000000000008000400000000000004000400000000040002000000000200020000000000020200010000000000000100000000000001
	00008100000000000080000000000000800040000000002809000019020000000040000000002001000000000000000000200000800010000000000000000000401000000000080000000000200000000008000000000400100002000000008000040000080002000000004000000000040200000000012000000000020000
	00000100100000000000000000010000080000800000000000000000040080000000004000000002020000000000400000000020010000000000000028020000B02200000000000100000000000000000000000000000000000000000000000000000000000000020000000000000000000000000000000000000000000000
	000000000200000000000000000000000000000000000000000000000000000000000000000000000000000000000000000000000000000000000000000000000000000000000000000000000200000000000000008000000000000000270300000B7600000000000200000002000000000000000000000000000000000000
	0002000000020000000000000000000000020000000200000000000000000000000200000000000000000000000000000000000000000000000200000002000000000000000000000000000000000000000200000002000000000000000000000002000000000000000000000000000000000000000025040000F3D4000000
	00000200000002000000000000000000000000000000000000000200000002000000000000000000000002000000020000000000000000000000000000000200000000000000000000000000000000000000020000000200000000000000000000000000000000000000020000000200000000000000000000000000000002
	0000000000000000000000000000000025040000DF86000000000004000000050000000000000000000000000000000000000000000000000000000000000000000000000000000000000004000000000000000000000000000000000000000000000000000000000000000000000000000000000000000000000000000000
	000000000000000000000000000000000000000000000000020000000200000002800000000000000000000000260E00008A9900000000000400000004000000000000000000000000000000000000000000000000000000000000000000000000000000000000000000000004000000000000000000000000000000000000
	0000000000000000000000000000000000000000000000000000000000000000000000000000000000000000000000000000000000020000000200000000000000020000000200000000260E0000C0470000000000040000000400000004000000040000000000000000000000000000000400000004000000040000000000
	000000000000040000000000000000000000000000000000000000000000000000000200000002000000000000000000000000000000000000000200000002000000000000000000000002000000020000000200000002000000020000000000000000000000000000000000000000280D000097E300004000810440000102
	00000002002000042020400420004080000000800000000010100004101020000000204400000040080000000808000400081000000010200400002004000000000400000004080002000812020000100000000000020000010204000100040A00000008000000000081000000810202000002040000000400400002004080
	024000810040000102000000020020000000204000280D00002CC300000000000400000000000000000000000400000004000000000000000000000004000000040000000000000000000000040000000400000000000000000000000000000000000000000000000000000000000000020000000000000000000000000000
	00000000000200000000000000000000000200000002000000000000000000000002000000020000000000000000000000000000000000000002280D0000358E000000000004000000000000000400000000000000000000000000000001000000000000000000000000000000000000000000000000000000000000000000
	00000000000000000000000000000000000000000000000000000000000000000000000000000000000000000000000000000000000000000000000000000000000000000000020000000000000000000000020000000000000000000000000000000000000000000000000000000200000000000000000000000000000000
	00000002000000000000000000000000000000000000000200000000000000020000000000000000000000000000000000000000000000000000000000000000000000000000000000000002000000020000000000000000000000000000000000000002000000000000000000000000000000004D0C000060AB0000000000
	05000000000000000000000004000000000000000000000000000000000000000000000000000000000000000000000000000000000000000000000000000000000000000200000002000000000000000000000000000000000000000000000000000000000000000000000000000000000000000200000000000000000000
	00020000000000000000000000000000000000000002000000020000000000000000000000020000000000000002000000000000000000000002000000000000000000000000000000000000000000000002000000000000000200000000000000000000000200000000000000020000000000000002000000000000000000
	00000000000000000000020000000000000002000000000000000000000000000000000000000280000000000000004D0C0000CD350000000000000000000000000000000000000000000000000000000000000000000000000000000000000000000000000000000000000000000000000000000000000000000000000000
	00000000000000000000000000000000000000000000000000000000000000000000000000000000000000000000000000000000000000000000000000000000000000000000000000000000000000000000000000000000000000000000000000000000000000000000000200000000000000000000000000000000000000
	000000000000000000000000000000000000000002000000000000000000000000000000000000000000000000000000000000000000000000000000000000000000000000000000000000000000000000000000000000000000000000000000000000000000000000000000004E0B0000AE7E000000000000000000000000
	00000000000000000000000000000000000000000000000000000000000000000000000000000000000000000000000000000000000000000000000000020000000000000000000000000000000000000000000000000000000000000000000000000000000000000000000000020000000000000000000000000000000000
	00000000000002000000000000000200000000000000000000000000000002000000000000000000000000000000000000000000000000000000000000000000000000000000000000000000000000000000000000000000000000000000000000000200000000000000000000000000000002000000000000000000000002
	00000000000000000000000000000000000000000000000200000000000000000000000200000000000000004E0B00009CA60000000000010000000000000000000000040000000000000000000000000000000100000000000000000000000000000000000000000000000000000000000000000000000000000002000000
	00000000000000000000000000000000000000000000000000000000000000000000000000000000000000000200000000000000000000000200000000000000000000000000000000000000020000000000000000000000000000000000000000000000000000000000000000000000020000000000000000000000000000
	000000000000000000000000000000000000000000000000000000000000000000000000000000000000000000000000000200000000000000000000000000000000000000000000000000000000000000000000000000000000000000000000000280000000000000004E0B0000B3B1000000000002000000000000000000
	00000000000000000000000000000000000000000000000000000000000000000000000000000200000000000000000000000000000000000000000000000000000000000000020000000200000000000000000000000000000002000000000000000000000000000000000000000000000000000000000000000000000000
	00000002000000000000000000000002000000000000000000000000000000000000000000000000000000020000000000000000000000020000000000000000000000000000000000000000000000000000000000000000000000020000000200000000000000000000000000000000000000000000000000000000000000
	000000000000000000000000000000000000000000000000000000000000000000000000004D000000E93C000000000000000000000000000000000000000000000000000000000000000000000000000000000000000000000000000000000000000000000000000000000000000000000000000000000000000000000000
	00000000000000000000000000000000000200000000000000000000000000000000000000000000000000000000000000000000000000000000000000000000000200000000000000000000000000000000000000020000000000000000000000000000000000000000000000000000000000000000000000000000000000
	00000000000000000000000000000000000000000000000000000000000000000000000000000000000000000000000000000000000000000000000000000000000000000000000000000000000000000000000000000000000000000000004D000000AACC0000000000010000000000000000000000000000000000000000
	00000000000000000000000000000000000000000000000000000002000000000000000000000000000000000000000000000000000000000000000000000000000000000000000000000000000000000000000000000000000000000000000000000000000000000000000000000000000000000000000000000000000000
	00000000000000000000000000000000000000000000000000000000000000000000000000000000020000000000000000000000000000000000000000000000000000000000000000000000020000000000000000000000000000000000000002000000000000000000000000000000000000000000000000000000000000
	00000000000000000000000000000000000080000000000000004D00000052BF0000000000020000000100000000000000000000000000000000000000000000000000000000000000000000000000000000000000000000000000000000000000000000000000000000000000000000000200000000000000000000000000
	00000000000002000000000000000000000000000000000000000000000000000000000000000000000000000000000000000000000000000000000000000000000000000000000000000200000000000000000000000000000002000000000000000000000000000000000000000000000002000000000000000000000000
	0000000000000000000000000000000000000000000000000000000000000000000000000000000000000000000000000000000000000000000000000000000000000000000000008000000000000000000000004D0000007FDC00000000000000000000000000000000000000000000000000000000000000000000000000
	00000000000000000000000000000000000000000000000000000000000000000000000000000000000000000000000000000000000000000000000000000000000000000000000000000000000000000000000000000000000000000000000000000000000000000000000000000000000000000000000000000000020000
	00000000000000000000000000000000000000000000000000000000000000000000000000000000000000000000000000000000000000000000000000000000000000000000000000000000000200000000000000020000000000000002000000000000000000000000000000000000000000000000000000000000000000
	000000000000000000000000000000000000004E05000043E8000000000000000000000000000000000000000000000000000000000000000000000000000000000000000000000000000000000000000000000000000000000000000000000000000000000000000000000000000000000000000000000000000000000002
	00000000000000000000000200000000000000000000000000000000000000000000000000000000000000000000000000000000000000000000000000000000000000000000000000000000000000000000000000000000000000020000000000000000000000000000000000000000000000000000000000000000000000
	0000000000000000000000000000000000000000000000000000000000000000000000000000000000000000000000000000000000000000020000000000000000000000000000000200000000000000004E050000EDC100000000000000000000000000000000000000000000000000000000000000000000000000000000
	00000000000000000000000000080000000000000000000000000000000000000000000000000000000000000000000000000000000000000000000000000000000000000000000000000000000000000000000000030000000000000000000000000000000000000000000000000000000000000000000000000000000000
	00000000000000000000000000000000000000000000000000000000000000000000000000000000000000000000000000000000000000000000000000000000000000000000000000000000000000000000000000000000000000000000000000000000000000000000000000000000000000000000000000000000000000
	000000004B060000522A000000000000000000000000000000000000000000200000000000000000000000000000000000000000000000000000000000000000000000000000000000000000000000000000000000000000000000010000000000000000000000000000000000000000000000000000000000000000000000
	00000000000000000000000000000000000000000000000000000000000000000000000000000000000000000000000000000000000000000000000000000000000000000000000000000000000000000000000000000000100000000000000000000000000000000000000000000000000000000000000000000000000000
	0000000000000000000000000000000000010000000000000000000000000000000000000000000000000000000000000000000000004B060000304200000000000000000000000000000000000000000000000000000000000000000000000000000000004000000000000000000000000000000000000000020000000000
	00000000000000000000000000000000000000000000000000000000000000000000000000000000000000000000000000000000000000000000000000000000000000000000000000000000000000000000000000000200000000000000000000000000000000000000000000000000000000000000000000000000000000
	00000000000000000000000000000002000000000000000000000000000000000000000000000000000000020000000000000000000000000000000000000000000000000000000000000000000000020000000200000000000000000000000200000000000000004B060000EB520000000000000000004000000000000000
	08000000020000000000000000000000000000000000000000000000000000000000000000000000000000000000000000000000000000000000000000000000000000000200000000000000000000000000000000000000020000000000000000000000000000000000000000000000000000000000000000000000000000
	00000000000000000000000000020000000000000000000000000000000000000000000000000000000000000002000000000000000000000000000000000000000000000000000000000000000000000000000000020000000000000002000000000000000000000000000000000000000000000000000000000000000000
	00000000000000000000100000000048010000B5A400000000000000000004000000040000000000000004000000000000000000000000000000000000000000000000000000000000000000000000000000020000000000000000000000000000000000000000000000000000000000000040000000000000000000000000
	00000000000000000000000000000000000000000000000000000000000000000000000000000000000000000000000000000000000000000000000000000000000000000000000000000000000000000000000000000000000000000000000000000000000000000000000200000000000000000000000000000000000000
	00000000000000000000000000000000000000000000000000000000000000000000000000000000000000000000000000000000020000000000000000000000000000000000000000000000000000000200000000500F0000903F000000000000000000040000000000000004000000000000000400000000000000000000
	00000000000000000000000000000000000000000002000000000000000000000000000000020000000000000000000000000000000000000040000000000000000000000000000000000000000000000000000000000000000000000000000000000000000000000000000000000000000000000000000000020000000000
	00000000000000000000000000000000000000000000000000000000000000000000000000000000000000000000000000000000000000000000000000000000000000000000000000000000000000000000000000000000000000000000000000000000000000000000000000000000000000000000000000000000000000
	00000000000000000000000000000000000000000000000200000000500F0000B4D4000000000000000000000000000000000000000000000000000000000000000000000000000000000000000000000000000000000000000000000000000000000000000000000000000000000000000000000000000000000000000000
	00000000010000000000000002000000000000000000000000000000000000000000000000000000000000000000000002000000000000000000000000000000000000000000000000000000000000000000000000000000000000000000000000000000000000000000000000000000000000000000000000000000000000
	0000000000000000000000000000000000000000000000000000000000000000000000000000000000000000000000000000000000000000000000000000000000020000000000000000000000000000000000000000000000000000000000000000500F00003ECE0000000000010000000000000000000000000000000000
	00000000000000000000000000000000000000000000000000000000000000000000000000000000000000000000000000000000000020000000000000000000000000000000000000000000000000000000000000000000000000000000000000000000000000000000000000000000000000000000000000000000000000
	00000000000000000000000000000000000000000000000000000000000000000000000000000000000000000000000000000000000000000000000000000000000000000000000000000000000000000000000000000000000000000000000000000000000000000000000000000000000000000000000000000000000000
	0000000000000000000000000080000000000000004B1000002EE600000000000100000000000000000000000000000000000000000000000000000000000000000000000000000000000000000000000000000000000000000000000000000000000000000000000000000000000000000000000000000000000000000000
	00000000000000000000000000000000000000000000000000000000000000000000000000000000000000000000000000000000000000000000000000000000000000000000000000000000000000000000000000000000000000000000000000000000000000000000000000000000000000000000000000000000000000
	00000000000000000000000000000000000000000000000000000000000000000000000000000000000000000000000000000000000000000000000000000080000000000000004B1000009B390000000000000000000000000000000000000000000000000000000000000000000000000000000000000000000000000000
	00000000000000000000000000000000000000000000000000000000000000000000000000000000000000000000000000000000000000000000000000000000000000000000000000000000000000000000000000000000000000000000000000000000000000000000000000000000000000000000000000000000000000
	000000000000000000000000000000000000000000000000000000000000000000000000000000000000000000000000000000000000000000000000000000000000000000000000000000000000000000000000000000000000000000000000000000000000000000000000000000000000000000000000004B10000040BF
	00000000000100000000000000000000000000000000000000000000000000000000000000000000000000000000000000000000000000000000000000000000000000000000000000000000000000000000000000000000000000000020000000000000000000000000000000000000000000000000000000000000000000
	00000000000000000000000000000000000000000000008000000000000000280700000F79000000000000000000000000000000000000000000000000000000000000000000000000000000000000000000000000000000000000000000000000000000000000000000000000000000000000000000000000000000000000
	0000000000000000000000000000000000000000000000000000000000000000000000000000000000000000000000000000000000000000000000000000000000000000280700000B3E000000FFFF06FFFF0083FF00807800807FFC807FFF867FFF8042FF80403880403FFC403FFFC63FFFC022FFC02018C0201FFC201FFF
	E61FFFE012FFE01008E0100FFC100FFFF60FFFF00BFFF00801F00807FC0807FFFE07FFF8037FF80405780403F80403FFFE03FFFC077FFC02017C0201FA0201FFFC01FFFE077FFE01037E0100F80100FFFD00FFFF067FFF0083FF00807900807FFC000000062708000048320000000000000000000001000000000000000000
	80000000000000000040000000000000000000000000008000000000000000004000000000000000000000000020800000000000000000400000000000000000200000000000000000000000000040000010000000000020000000000000000010000000000000000000000000002000000000000008001000000000000000
	00080000000000000000000000000010000000000000000008000400000000000004000000000000000000000000000800000000000000000400000000000200000200000000000000000000000000040000000000000000020000000000000000010100000000000000000000000002000000000000000001000000000000
	0000008000000000000000000000000001000000000000000000800000000000000000400000000000000000500A0000B84B0000000000000000800000000000008000400000000080004000000000000040000000000020400020000000000000200000000000002000101000000000001000000000000010000800000000
	080008000000000000080004000000000000040004000000000400020000000000000200000000000202000100000000000001010000000000010000810000000000008000000000000080004000000000280900009C5000000000400000000020010000000000000000002000008000100000000000000000004010000000
	0008000000000020000000000800000000040010000000000000800004000008000200000000400000000004020000000001200000000002000000000100100000000000000000010000080000800000000000000000040080000000004000000000020000000000400000000020010000000000000028020000F48C000000
	00000000000000000000000000000000000000000000000000000000000000000000000000000000000000000000000000000000000000000000000000000000000000000000000000000000000000000000000000000000000000000000000000000000000000000000000000000000000000000000000000000000000000
	0000000000000000000000000000000000000000000000002703000017D700000000000100000000000000000000000000000000000000000000000000000000000000000000000000000000000000000000000000000000000000000000000000000000000000000000000000000000000000000000000000000000000000
	000000000000000000000000000000000000000000000000000000000000000000000000000000000080000000000000002504000017D7000000000001000000000000000000000000000000000000000000000000000000000000000000000000000000000000000000000000000000000000000000000000000000000000
	000000000000000000000000000000000000000000000000000000000000000000000000000000000000000000000000000000000000000000000000000000000000800000000000000025040000AE260000000000000000000000000000000000000000000000000000000000000000000000000000000000000000000000
	00000000000000000000000000000000000000000000000000000000000000000000000000000000000000000000000000000000000000000000000000000000000000000000000000000000000000000000000000000000000000000000000000000000000000260E0000AE26000000000000000000000000000000000000
	00000000000000000000000000000000000000000000000000000000000000000000000000000000000000000000000000000000000000000000000000000000000000000000000000000000000000000000000000000000000000000000000000000000000000000000000000000000000000000000000000000000000000
	0000000000260E00001B320000000000010000000000000000000000000000000000000000000000000000000000000000000000000000000000000000000000000000000000000000000000000000000000000000000000000000000000000000000000000000000000000000000000000000000000000000000000000000
	000000000000000000000000000000000000000000000000000000000000000000008000000000000000280D0000629C00004000810040000103000000020020000020204000200040800000008000000000101000001010200000002040000000400800000008080000000810000000102004000020040000000004000000
	04080002000810020000100000000000020000010204000100040800000008000000000081000000810200000002040000000400400000004080004000810040000102800000020020000000204000280D0000FB91000000000000000000000000000000000000000000000000000000000000000000000000000000000000
	0000000000000000000000000000000000000000000000000000000000000000000000000000000000000000000000000000000000000000000000000000000000000000000000000000000000000000000000000000000000000000000000000000000000000000000000000000010000000000280D0000E7810000000000
	00000000000000000000000000000000000000000000000000000000000000000000000000000000000000000000000000000000000000000000000000000000000000000000000000000000000000000000000000000000000000000000000000000000000000000000000000000000000000000000000000000000000000
	00000000000000000000000000000000000000000000000000000000000000000000000000000000000000000000000000000000000000000000000000000000000000000000000000000000000000000000000000000000000000000000000000000000000000000000000000000000000000000000000000000000000000
	00000000000000000000000000000000000000000000000000000000000000000000000000000000000000000000004D0C0000E7810000000000000000000000000000000000000000000000000000000000000000000000000000000000000000000000000000000000000000000000000000000000000000000000000000
	00000000000000000000000000000000000000000000000000000000000000000000000000000000000000000000000000000000000000000000000000000000000000000000000000000000000000000000000000000000000000000000000000000000000000000000000000000000000000000000000000000000000000
	0000000000000000000000000000000000000000000000000000000000000000000000000000000000000000000000000000000000000000000000000000000000000000000000000000000000000000000000000000000000000000000000000000000000000000004D0C000075DD00000000000000000000000000000000
	00000000000000000000000000000000000000000000000000000000000000000000000000000000000000000000000000000000000000000000000000000000000000000000000000000000000000000000000000000000000000000000000000000000000000000000000000000000000000000000000000000000000000
	00000000000000000000000000000000000000000000000000000000000000000000000000000000000000000000000000000000000000000000000000000000000000000000000000000000000000000000000000000000000000000000000000000000000000000000000000000000000000000000000000000000000000
	000000000000000000000000000000000000000000000000000000000000000000000000000000004E0B000075DD000000000000000000000000000000000000000000000000000000000000000000000000000000000000000000000000000000000000000000000000000000000000000000000000000000000000000000
	00000000000000000000000000000000000000000000000000000000000000000000000000000000000000000000000000000000000000000000000000000000000000000000000000000000000000000000000000000000000000000000000000000000000000000000000000000000000000000000000000000000000000
	0000000000000000000000000000000000000000000000000000000000000000000000000000000000000000000000000000000000000000000000000000000000000000000000000000000000000000000000000000000000000000000000000000000000004E0B000075DD00000000000000000000000000000000000000
	00000000000000000000000000000000000000000000000000000000000000000000000000000000000000000000000000000000000000000000000000000000000000000000000000000000000000000000000000000000000000000000000000000000000000000000000000000000000000000000000000000000000000
	00000000000000000000000000000000000000000000000000000000000000000000000000000000000000000000000000000000000000000000000000000000000000000000000000000000000000000000000000000000000000000000000000000000000000000000000000000000000000000000000000000000000000
	000000000000000000000000000000000000000000000000000000000000000000000000004E0B00005D19000000000000000000000000000000000000000000000000000000000000000000000000000000000000000000000000000000000000000000000000000000000000000000000000000000000000000000000000
	00000000000000000000000000000000000000000000000000000000000000000000000000000000000000000000000000000000000000000000000000000000000000000000000000000000000000000000000000000000000000000000000000000000000000000000000000000000000000000000000000000000000000
	00000000000000000000000000000000000000000000000000000000000000000000000000000000000000000000000000000000000000000000000000000000000000000000000000000000000000000000000000000000000000000000004D0000009AB10000000000010000000000000000000000000000000000000000
	00000000000000000000000000000000000000000000000000000000000000000000000000000000000000000000000000000000000000000000000000000000000000000000000000000000000000000000000000000000000000000000000000000000000000000000000000000000000000000000000000000000000000
	00000000000000000000000000000000000000000000000000000000000000000000000000000000000000000000000000000000000000000000000000000000000000000000000000000000000000000000000000000000000000000000000000000000000000000000000000000000000000000000000000000000000000
	00000000000000000000000000000000000080000000000000004D0000004BB00000000000000000000000000000000000000000000000000000000000000000000000000000000000000000000000000000000000000000000000000000000000000000000000000000000000000000000000000000000000000000000000
	00000000000000000000000000000000000000000000000000000000000000000000000000000000000000000000000000000000000000000000000000000000000000000000000000000000000000000000000000000000000000000000000000000000000000000000000000000000000000000000000000000000000000
	0000000000000000000000000000000000000000000000000000000000000000000000000000000000000000000000000000000000000000000000000000000000000000000000000000000080000000000000004D0000005D1900000000000000000000000000000000000000000000000000000000000000000000000000
	00000000000000000000000000000000000000000000000000000000000000000000000000000000000000000000000000000000000000000000000000000000000000000000000000000000000000000000000000000000000000000000000000000000000000000000000000000000000000000000000000000000000000
	00000000000000000000000000000000000000000000000000000000000000000000000000000000000000000000000000000000000000000000000000000000000000000000000000000000000000000000000000000000000000000000000000000000000000000000000000000000000000000000000000000000000000
	0000000000000000000000000000004D000000CEAE00000000000000000000000000000000000000000000000000000000000000000000000000000000000000000000000000000000000000000000000000000000000000000000000000000000000000000000000000000000000000000000000000000000000000000000
	00000000000000000000000000000000000000000000000000000000000000000000000000000000000000000000000000000000000000000000000000000000000000000000000000000000000000000000000000000000000000000000000000000000000000000000000000000000000000000000000000000000000000
	00000000000000000000000000000000000000000000000000000000000000000000000000000000000000000000000000000000000000000000000000000000000000000000000000000000004E050000533F0000000000000000000100000000000000000000000000000000000000000000000000000000000000000000
	00000000000000000000000000000000000000000000000000000000000000000000000000000000000000000000000000000000000000000000000000000000000000000000000000000000000000000000000000000000000000000000000000000000000000000000000000000000000000000000000000000000000000
	00000000000000000000000000000000000000000000000000000000000000000000000000000000000000000000000000000000000000000000000000000000000000000000000000000000000000000000000000000000000000000000000000000000000000000000000000000000000000000000000000000000000000
	0000000080000000000000004E0500009B7600000000000000000001000000000000000000000000000000000000000000000000000000000000000000000000000000000000000000000000000000000000000000000000000000000000000000000000000000000000000000000000000000000000000000000000000000
	00000000000000000000000000000000000000000000000000000000000000000000000000000000000000000000000000000000000000000000000000000000000000000000000000000000000000000000000000000000000000000000000000000000000000000000000000000000000000000000000000000000000000
	00000000000000000000000000000000000000000000000000000000000000000000000000000000000000000000000000008000000000000000000000004B06000008880000000000000000000000000000000000000000000000000000000000000000000000000000000000000000000000000000000000000000002000
	00000000000000000000000000000000000000000000000000000000000000000000000000000000000000000000000000000000000000000000000000000000000000000000000000000000000000000000000000000000000000000000000000000000000000000000000000000000000000000000000000000000000000
	000000000000000000000000000000000000000000000000000000000000000000000000000000000000000000000000000000000000000000000000000000000000000000000000000000000000000000000000000000000000000000000000000000000000000000000000000000004B060000AA71000000000000000000
	00000000000000000000000000000000000000000000000000000000000000000000000000000000000000000000000000000000000000000000000000000000000000000000000000000000000000000000000000000000000000000000000000000000000000000000000000000000000000000000000000000000000000
	00000000000000000000000000000000000000000000000000000000000000000000000000000000000000000000000000000000000000000000000000000000010000000000000000000000000000000000000000000000000000000100000000000000000000000000000000000000000000000000000000000000000000
	00000000000000000000000000000000000000000000000000000000000000000000004B06000048B60000000000000000000000000000000000200000000000000000000000000000000000000000000000000000000000000000000000000000000000000000000000000000000000000000000000000000000000000000
	00000000000000000000000000000000000000000000000000000000000000000000000000000000000000000000000000000000000000000000000000000000000000000000000000000000000000000000000000000000000000000000000000000000000000000000010000000000000000000000000000000000000000
	00000000000000000000000000000000000000000000000000000000000000000000000000000000000000000000000000000000000000000000000000000000000000000000000000480100008A47000000000000000000000000000000000000000000000000000000000000000000000000000000000000000000000000
	00000000000000000000000000000000000000000000000000000000000000000000000000000000000000000000000000000000000000000000000000000000000000000000000000000000000000000000000000000000000000000000000000000000000000000000000000000000000000000000000000000000000000
	00000000000000000000000000000000000000000000000000000000000000000000000000000000000000000000000000000000000000000000000000000000000000000000000000000000000000000000000000000000000000000000000000000000000100000000000000000000000000000000000000000000000000
	00000000000000000000000000000000500F000041FB000000000000000000000000000000000000000000000000000000000000000000000000000000000000000000000000000000000000000000000000000000000000000000000000000000000000000000000000000000000000000000000000000000000000000000
	00000000000000000000000000000000000000000000000000000000000000000000000000000000000000000000000000000000000000000000000000000000000000000000000000000000000000000000000000000000000000000000000000000000000000000000000000000000000000000000000000000000000000
	0000000000000000000000000000000000000000000000000000000000000000000000000000000000000000000000000100000000000000000000000000000000000000000000000000000000000000000000000000500F00007FC20000000000000000000000000000000000000000000000000000000000000000000000
	00000000000000000000000000000000000000000000000000000000000000000000000000000000000000000000000000000000000000000000000000000000000000000000000000000000000000000000000000000000000000000000000000000000000000000000000000000000000000000000000000000000000000
	00000000000000000000000000000000000000000000000000000000000000000000000000000000000000000000000000000000000000000000000000000000000000000000000000000000000000000000000000000000000000000000000000000000000000000000000000000000000000000000000000000000000000
	0000000000000000000000000000000000000000000000000000000000500F000021F00000000000000000000000000000000000000000000000000000000000000000000000000000000000000000000000000000000000000000000000000000000000000000000000000000000000000000000000000000000000000000
	00000000000000000000000000000000000000000000000008000000000000000000000000000000000000000000000000000000000000000000000000000000000000000000000000000000000000000000000000000000000000000000000000040000000000000000000000000000000000000000000000000000000000
	00000000000002000000000000000000000000000000000000000000000000000000000000000000000000000000000000000000000000000000000000000000000000000000000000000000000000000000000000000000000000000000000000000050200000F3BE00000000000000000000000000000000000000000000
	00000000000000000000000000000000000000000000000000000000000000000000000000000000000000000000000000000000000000000000000000000000000000000000000000000000000000000000000000000000000000000000000000000000000000000000000000000000000000000000000000000000000000
	00000000000000000000000000000000000000000000000000000000000000000000000000000000000000000000000000000000000000000000000000000000000000000000000000000000000000000000000000000000000000000000000000000000000000000000000000000000000000020000000000000000000000
	00000000000000000000000000000000000000000000000000000000000000000000000000000000000050200000083700000000000000000000000000000000000000000000000000000000000000000000000000000000000000000000000000000000000000000000000000000000000000000000000000000000000000
	00000000000000000000000000000000000000000000000000000000000000000000000000000000000800000000000000000000000000000000000000000000000000000000000000000000000000000000000000000000000000000000000000000000000000000000000000000000000004000000000000000000000000
	0000000000000000000000000000000000000002000000000000000000000000000000000000000000000000000000000000000000000000000002000000000000000000000000000000000000000000000000000000000000000000000000000000000080000000000000000000000050200000BB19000000000000000000
	00000000000000000000000000000000000000000000000000000000000000000000000000000000000000000000000000000000000000000000000000000000000000000000000000000000000000000000000000000000000000000000000000000000000000000000000000000000000000000000000000000000000000
	00000000000000000000000000000000000000000000000000000000000000000000000000000000000000000000000000000000000000000000000000000000000000000000000000000000000000000000000000000000000000000000000000000000000000000000000000000000000000000000000000000000000000
	0000000000000000000000000000000000000000000000000000000000000000000000000000000000000000000000000000000000000050200000BB19000000000000000000000000000000000000000000000000000000000000000000000000000000000000000000000000000000000000000000000000000000000000
	00000000000000000000000000000000000000000000000000000000000000000000000000000000000000000000000000000000000000000000000000000000000000000000000000000000000000000000000000000000000000000000000000000000000000000000000000000000000000000000000000000000000000
	00000000000000000000000000000000000000000000000000000000000000000000000000000000000000000000000000000000000000000000000000000000000000000000000000000000000000000000000000000000000000000000000000000000000000000000000000000000000000000000000000000000005020
	00005EA8000000000000FF000000FE00000000FF800000FF000000004000000040000000000000000000FF800000FF000000007FC000007F8000000000000000000080000000000000007FC000007F800000003FC000003FC0000000000000000000C0000000800000003FE000003FC00000001FC000001FC0000000000000
	000000E0000000C00000001FF000001FE00000000FC000000FC0000000000000000000F0000000E00000000FF800000FF000000007C0000007C0000000000000000000F8000000F000000007FC000007F800000003C0000003C00000000000000000007C0000007800000003FE000003FC00000001E0000001E00000000000
	000000007E0000007C00000001FF000001FE00000000E0000000E00000000000000000007F0000007E00000000FF800000FF00000000600000006000000000000000000050280000FE740000000000000000000001000000000000000000800000000000000000000000000000000000000000000080000000000000000040
	00000000000000000000000000800000000000000000400000000000000000000000000000000000000000000040000000000000000020000000000000000000000000000000000000000000002000000000000000001000000000000000000000000000000000000000000000100000000000000000080000000000000000
	00000000000000000000000000000800000000000000000400000000000000000000000000000000000000000000040000000000000000020000000000000000000000000000000000000000000002000000000000000001000000000000000000000000000000000000000000000100000000000000000080000000000000
	0000000000000000000000502600001F600000000000000000000001000000000000000000800000000000000000000000000000000000000000000080000000000000000040000000000000000000000000008000000000000000004000000000000000000000000000000000000000000000400000000000000000200000
	00000000000000000000000000000000000000002000000000000000001000000000000000000000000000000000000000000000100000000000000000080000000000000000000000000000000000000000000008000000000000000004000000000000000000000000000000000000000000000400000000000000000200
	00000000000000000000000000000000000000000002000000000000000001000000000000000000000000000000000000000000000100000000000000000080000000000000000000000000000000000050250000806D00000000000000000000010000000000000000008000000000000000000000000000000000000000
	00000080000000000000000040000000000000000000000000008000000000000000004000000000000000000000000000000000000000000000400000000000000000200000000000000000000000000000000000000000000020000000000000000010000000000000000000000000000000000000000000001000000000
	00000000080000000000000000000000000000000000000000000008000000000000000004000000000000000000000000000000000000000000000400000000000000000200000000000000000000000000000000000000000000020000000000000000010000000000000000000000000000000000000000000001000000
	00000000000080000000000000000000000000000000000050240000241400000000000000000000000000000000000000000000000000000000000000000000000000000000000000000000000000000000000000000000000000000000000000000000000000000000000000000000000000000000000000000000000000
	00000000000000000000000000000000000000000000000000000000000000000000000000000000000000000000000000000000000000000000000000000000000000000000000000000000000000000000000000000000000000000000000000000000000000000000000000000000000000000000000000000000000000
	00000000000000000000000000000000000000000000000000000000000000000000000000000000000000000000000000000000000000000000000000000000000000000000000000000000000000000000000000000000000000000000502100005A0D000000000000000000000000000000000000000000000000000000
	00000000000000000000000000000000000000000000000000000000000000000000000000000000000000000000000000000000000000000000000000000000000000000000000000000000000000000000000000000000000000000000000000000000000000000000000000000000000000000000000000000000000000
	00000000000000000000000000000000000000000000000000000000000000000000000000000000000000000000000000000000000000000000000000000000000000000000000000000000000000000000000000000000000000000000000000000000000000000000000000000000000000000000000000000000000000
	00000000000000000000000000000000000000000000000000000000000000000000000000502300005A0D000000000000000000000000000000000000000000000000000000000000000000000000000000000000000000000000000000000000000000000000000000000000000000000000000000000000000000000000
	00000000000000000000000000000000000000000000000000000000000000000000000000000000000000000000000000000000000000000000000000000000000000000000000000000000000000000000000000000000000000000000000000000000000000000000000000000000000000000000000000000000000000
	0000000000000000000000000000000000000000000000000000000000000000000000000000000000000000000000000000000000000000000000000000000000000000000000000000000000000000000000000000000000000000000000000000000000000000000000502300004E7D0000000000000000000000000000
	00000000000000000000000000000000000000000000000000000000000000000000000000000000000000000000000000000000000000000000000000000000000000000000000000000000000000000000000000000000000000000000000000000000000000000000000000000000000000000000000000000000000000
	00000000000000000000000000000000000000000000000000000000000000000000000000000000000000000000000000000000000000000000000000000000000000000000000000000000000000000000000000000000000000000000000000000000000000000000000000000000000000000000000000000000000000
	0000000000000000000000000000000000000000000000000000000000000000000080000000800000000000000000000000502200000E910000000000000000000400000000000000000000000000000000000000000000000000000000000000040000000400000000000000000000000000000000000000000000000000
	00000400000002000000020000000000000000000000000000000000000000000000000000000600000000000000000000000000000000000000000000000000000004000000000000000200000000000000000000000000000000000000000000000000000002000000000000000000000000000000000000000000000000
	00000000000000000000000000000000000000000000000000000004000000000000000000000000000000000000000000000000000000000000000000000002000000000000000000000000000000000000000000000000000000040000020000000000000000000000020000000000000000000000000050220000789600
	00000000000000000000000000000000000000000000000000000000000000000000000000000000000000000000000000000000000000000000000000000000000000000000000000000000000000000000000000000000000000080000000000000000000000000000000000000000000000000000000000000000000000
	00000000000000000000000000000000000000000000000000000000000000000000000000000000000000000000000000000000000000000000000000000000000000000000000000000000000000000000000000000000000000000000000000000000000000000000000000000000000000000000000000000000000000
	00000000000000000000000000000000000000000000000000000000000000000000000000000000000000000000000000000000000000000000000000000050200000112A00000100000000000000000080000000000000000000010000000000000000008000008000000000000000004000000000000000000000800000
	80000000000040000040000000000000000000008000000000000000004000004000000000000000002000000000000000000000400000000000000000200000200000000000000000100000000000000000000020000000000000000010000010000000000000000008000000000000000000001000000000000000000800
	00080000000000000000040000000000000000000008000000000000000004000004000000000000000002000000000000000000000400000000000000000200000200000000000000000100000000000000000000020000000000000000010000010000000000000000008000000000000000000001000000000000000000
	80000000000050200000B58800000000000000000004000000000000000000000000000000000000000000000000000000000000000400000004000000000000000000000000000000000000000000000000000000040000000200000002000000000000000000000000000008000000000000000000000000060000000000
	00000000000000000000000000000000000000000000040000000000000002000000000000000000000000000000000000000000000000000000020000000000000000000000000000000000000000000000000000000000000000000000000000000000000000000000000000000400000000000000000000000000000000
	0000000000000000000000000000000000000002000000000000000000000000000000000000000000000000000000040000000000000200000002000000000080000000000000000000000050200000BB19000000000000000000000000000000000000000000000000000000000000000000000000000000000000000000
	00000000000000000000000000000000000000000000000000000000000000000000000000000000000000000000000000000000000000000000000000000000000000000000000000000000000000000000000000000000000000000000000000000000000000000000000000000000000000000000000000000000000000
	00000000000000000000000000000000000000000000000000000000000000000000000000000000000000000000000000000000000000000000000000000000000000000000000000000000000000000000000000000000000000000000000000000000000000000000000000000000000000000000000000000000000000
	00000000000000000000000000000000000000502000003736000000000000000000000000000000000000000000000000000000000000000000000000000000000000000000000000000000000000000000000000000000000000000000000000000000000000000000000000000000000000000000000000000000000000
	00000000000000000000000000000100000000000000000000000000000000000000000000000000000000000000008000000000000000000000000000000000000000000000000000000000000000400000010000000000000000000000000000000000000000000000000000000000000000A00000000000000000000000
	000000000000000000000000000000000000000040000000000000000000000000000000000000000000000000000000000000000000000020000000000000000000000000000000000000000000000000000000000000000050200000D84F0000000000000000004000000040000001000000010000000000000000000000
	00000000000000000000000000000000008000000280000002000000000000000000000000000000000000000000000000400000014000000100000000000000000000000000000000000000000000000000000000800000008000000000000000000000000000000000000000000000000000000040000000400000010000
	0001000000000000000000000000000000000000000000000000000000008000000080000000000000000000000000000000000000000000000000000000400000014000000100000000000000000000000000000000000000000000000000000000A0000000A0000000000000000000000000000000000000000000000000
	000000400000004000000100000001000000000000000000000000000000000050200000AB350000000000000000000000000080000002000000000000000000000000000000000000000000000000000000004000000100000000000000000000000000000000000000000000000000000000000000008000000000000000
	00000000000000000000000000000000000000000000000040000000000000010000000000000000000000000000000000000000000000000000000000000000800000000000000000000000000000000000000000000000000000000000000040000001000000000000000000000000000000000000000000000000000000
	0000000000A00000000000000000000000000000000000000000000000000000000000000040000000000000010000000000000000000000000000000000000000000000000000000020000000800000000000000000000000000000000000000000000000005020000084D000000000000000000000000000000000000000
	00000000000000000000000000000000000000000000000000000000000000000000000000000000000000000000000000000000000000000000000000000000000000000000000000000000000000000000000000000000000000000000000000000000000100000000000000000000000000000000000000000000000000
	000000000000008000000000000000000000000000000000000000000000000000000000000000400000010000000000000000000000000000000000000000000000000000000000000000A0000000000000000000000000000000000000000000000000000000000000004000000000000000000000000000000000000000
	00000000000000000000000000000000200000000000000000000000000000000000000000000000000000000050200000BB1900000000000000000000000000000000000000000000000000000000000000000000000000000000000000000000000000000000000000000000000000000000000000000000000000000000
	00000000000000000000000000000000000000000000000000000000000000000000000000000000000000000000000000000000000000000000000000000000000000000000000000000000000000000000000000000000000000000000000000000000000000000000000000000000000000000000000000000000000000
	0000000000000000000000000000000000000000000000000000000000000000000000000000000000000000000000000000000000000000000000000000000000000000000000000000000000000000000000000000000000000000000000000000000000000000000000000000000000000050200000BB19000000000000
	00000000000000000000000000000000000000000000000000000000000000000000000000000000000000000000000000000000000000000000000000000000000000000000000000000000000000000000000000000000000000000000000000000000000000000000000000000000000000000000000000000000000000
	00000000000000000000000000000000000000000000000000000000000000000000000000000000000000000000000000000000000000000000000000000000000000000000000000000000000000000000000000000000000000000000000000000000000000000000000000000000000000000000000000000000000000
	0000000000000000000000000000000000000000000000000000000000000000000000000000000000000000000000000000000000000000000050200000BB19000000000000000000000000000000000000000000000000000000000000000000000000000000000000000000000000000000000000000000000000000000
	00000000000000000000000000000000000000000000000000000000000000000000000000000000000000000000000000000000000000000000000000000000000000000000000000000000000000000000000000000000000000000000000000000000000000000000000000000000000000000000000000000000000000
	00000000000000000000000000000000000000000000000000000000000000000000000000000000000000000000000000000000000000000000000000000000000000000000000000000000000000000000000000000000000000000000000000000000000000000000000000000000000000000000000000000000000000
	0050200000BB19000000000000000000000000000000000000000000000000000000000000000000000000000000000000000000000000000000000000000000000000000000000000000000000000000000000000000000000000000000000000000000000000000000000000000000000000000000000000000000000000
	00000000000000000000000000000000000000000000000000000000000000000000000000000000000000000000000000000000000000000000000000000000000000000000000000000000000000000000000000000000000000000000000000000000000000000000000000000000000000000000000000000000000000
	00000000000000000000000000000000000000000000000000000000000000000000000000000000000000000000000000000000000000000000000000000000000000000000005020000030640000000000000000000000000000000000000000000000000000000000000000000000000000000000000000000000000000
	00000000000000000000000000000000000000000000000000000000000000000000000000000000000000000000000000000000000000000000000000000000000000000000000000000000000000000000000000000000000000000000000000000000000000000000000000000000000000000000000000000000000000
	00000000000000000000000000000000000000000000000000000000000000000000000000000000000000000000000000000000000000000000000000000000000000000000000000000000000000000000000000000000000000000000000000000000000000000000000000000000000000000000000000000000008000
	000080000000000000000000000050200000BB190000000000000000000000000000000000000000000000000000000000000000000000000000000000000000000000000000000000000000000000000000000000000000000000000000000000000000000000000000000000000000000000000000000000000000000000
	00000000000000000000000000000000000000000000000000000000000000000000000000000000000000000000000000000000000000000000000000000000000000000000000000000000000000000000000000000000000000000000000000000000000000000000000000000000000000000000000000000000000000
	00000000000000000000000000000000000000000000000000000000000000000000000000000000000000000000000000000000000000000000000000000000000000000000000000000000000000000000000050200000BB1900000000000000000000000000000000000000000000000000000000000000000000000000
	00000000000000000000000000000000000000000000000000000000000000000000000000000000000000000000000000000000000000000000000000000000000000000000000000000000000000000000000000000000000000000000000000000000000000000000000000000000000000000000000000000000000000
	00000000000000000000000000000000000000000000000000000000000000000000000000000000000000000000000000000000000000000000000000000000000000000000000000000000000000000000000000000000000000000000000000000000000000000000000000000000000000000000000000000000000000
	00000000000000000000000000000000000000000000000000000050200000E27D00000000000000000000000000000000000000000000000000000000000000000000000000000000000000000000000000000000000000000000000000000000000000000000000000000000000000000000000000000000000000000000
	00000000000000000000000000000000000000000000000000000000000000000000000000001000000000000000000000000000000000000000000000000000000000000000080000000000000000000000000000000000000000000000000400000000000004000000000000000000000000000000000000000000000000
	0000000002000002000000000000000000000000000000000000000000000000000000000000000001000000000000000000000000000000000000000000000000000000000000000000000000000000000000000000000000000000000000000050200000FFFFFFFFFFFFFFFFFFFFFFFFFFFFFFFFFFFFFFFFFFFFFFFFFFFF
	FFFFFFFFFFFFFFFFFFFFFFFFFFFFFFFFFFFFFFFFFFFFFFFFFFFFFFFFFFFFFFFFFFFFFFFFFFFF5AFA000000000000000000000000000000000000000000000000000000000000000000000000000000000000000000000000000000000000000000000000000000000000000000000000000000000000000000000000000000
	00000000000000000000000000000000000000000000000000000000000000000000000000000000000000000000000000000000000000000000000000000000000000000000000000000000008000000000002B640000C42B0000000000000000000000000000000000000000000000000000000000000000000000000000
	00000000000000000000000000000000000000000000000000000000000000000000000000000000000000000000000000000000000000000000000000000000000000000000000000000000000000000000000000000000000000000000000000000000000000000000000000000000000000000000000000000000000000
	002A6600000C9F000000000000000000000000000000000000000000000000000000000000000000000000000000000000000000000000000000000000000000000000000000000000000000000000000000000000000000000000000000000000000000000000000000000000000000000000000000000000000000000000
	00000000000000000000000000000000000000000000000000000000000000000000000000000000000000000000000000000000000080000000000000002E700000794D0000000000000000000000000000000000000000000000000000000000000000000000000000000000000000000000000000000000000000000000
	0000000000000000000000000000000000000000000000000000000000000000000000000000000000000000000000000000000000000000000000000000000000000000000000000000000000000000000000000000000000000000000000000000000000000000000000000000000000000000000000000000002E700000
	794D0000000000000000000000000000000000000000000000000000000000000000000000000000000000000000000000000000000000000000000000000000000000000000000000000000000000000000000000000000000000000000000000000000000000000000000000000000000000000000000000000000000000
	0000000000000000000000000000000000000000000000000000000000000000000000000000000000000000000000000000000000000000002E700000EEF200000000000000000000000000000000000000000000000000000000000000000000000000000000000000000000000000000000000000000000000000000000
	00000000000000000000000000000000000000000000000000000000000000000000000000000000000000000000000000000000000000000000000000000000000000000000000000000000000000000000000000000000000000000000000000000000000000000000000000002C650000EEF20000000000000000000000
	00000000000000000000000000000000000000000000000000000000000000000000000000000000000000000000000000000000000000000000000000000000000000000000000000000000000000000000000000000000000000000000000000000000000000000000000000000000000000000000000000000000000000
	0000000000000000000000000000000000000000000000000000000000000000000000002C650000EEF200000000000000000000000000000000000000000000000000000000000000000000000000000000000000000000000000000000000000000000000000000000000000000000000000000000000000000000000000
	00000000000000000000000000000000000000000000000000000000000000000000000000000000000000000000000000000000000000000000000000000000000000000000000000000000000000000000000000000000002C65000066A80000000000000000000000000000000000000000000000000000000000000000
	000000000000000000000000000000000000000000000000000000000000000000000000000000000000000000000000000000000000000000001767000066A8000000000000000000000000000000000000000000000000000000000000000000000000000000000000000000000000000000000000000000000000000000
	00000000000000000000000000000000000000000000000000000017670000DC42000073AA38C98C75D736638A38C99D77C634638AB9DB1C65C634EB9A31CB1C65CEB4E31B31CA5CE58E3DE31275CA18ED8E35E752718A18ED2E754712718E3AE90C75471673AA38C90C755736638A38C99D77C634638A000B000017680000
	117500000800000000004092000004000000000020000049020000000000100000000124000000000800000000004092000000000D6F0000986D000000000020000010000000010000000002000000008000001008000000000000800000000100004000000004080000000000000040000000002000000002000004000000
	000000002000001000000001000000000200000000176C00006E2F000000000000000000000000200002000020000200000000000000000000100001000010000100000000000000008000080000800008000000000000000000004000040000400004000000000000000000002000020000200002176A0000763B00000000
	0000000000000000000000000000000000000000000000000000000000000000000000000000000000000000000000000000000000000000000000000000000000000000000000000000000000008000000000000000176B0000A7AE0000000000000000000000000000000000000000000000000000000000000000000000
	000000000000000000000000000000000000000000000000000000000000000000000000000000000000000000000000000000166D0000475100000000000000000000000000000000000000000000000000000000000000000000000000000000000000000000000000000000000000000000000000000000000000000000
	00000000000080000000000000000000166D0000D3A80000000000000000000000000000000000000000000000000000000000000000000000000000000000000000000000000000000000000000000000000000000000000000000000000000000000000000000000000000166E0000D3A800000000000000000000000000
	00000000000000000000000000000000000000000000000000000000000000000000000000000000000000000000000000000000000000000000000000000000000000000000000000166E00008C2F000000000000000000000000000000000000000000000000000000000000000000000000000000000000000000000000
	00000000000000000000000000000000000000000000000000000000000000000000000000000000000017690000BC6400000020002080008000010001000002000208000800001000104000400000800080000100010400040000080008200020000040004000000000020002000004000410001000002000200000000001
	0001000002000208000800176900008C2F000000000000000000000000000000000000000000000000000000000000000000000000000000000000000000000000000000000000000000000000000000000000000000000000000000000000000000000000000000000000176900001A980000000000000000000000000000
	00000000000000000000000000000000000000000000000000000000000000000000000000000000000000000000000000000000000000000000000000000000000000000000000000000000000000000000000000000000000000000000000000000000000000000000000000000000000000000000000000000000000000
	000000000000000000000000000000000000000000000000000000000000000000000000002D6300001A98000000000000000000000000000000000000000000000000000000000000000000000000000000000000000000000000000000000000000000000000000000000000000000000000000000000000000000000000
	000000000000000000000000000000000000000000000000000000000000000000000000000000000000000000000000000000000000000000000000000000000000000000000000000000000000000000000000000000000000000000002D6300001D94000000000000000000000000000000000000000000000000000000
	00000000000000000000000000000000000000000000000000000000000000000000000000000000000000000000000000000000000000000000000000000000000000000000000000000000000000000000000000000000000000000000000000000000000000000000000000000000000000000000000000000000000000
	0000000000000000000000000000000080008000000000002D62000029A500000000000000000000000000000000000000000000000000000000000000000000000000000000000000000000000000000000000000000000000000000000000000000000000000000000000000000000000000000000000000000000000000
	0000000000000000000000000000000000000000000000000000000000000000000000000000000000000000000000000000000000000000000000000000000000000000000000000000000000000000002D62000029A500000000000000000000000000000000000000000000000000000000000000000000000000000000
	00000000000000000000000000000000000000000000000000000000000000000000000000000000000000000000000000000000000000000000000000000000000000000000000000000000000000000000000000000000000000000000000000000000000000000000000000000000000000000000000000000000000000
	00000000000000000000002D6200004FDF0000000000000000000000000000000000000000000000000000000000000000000000000000000000000000000000000000000000000000000000000000000000000000000000000000000000000000000000000000000000000000000000000000000000000000000000000000
	00000000000000000000000000000000000000000000000000000000000000000000000000000000000000000000000000000000000000000000000000000000000000002D60000049280000000000000000000000000000000000000000000000000000000000000000000000000000000000000000000000000000000000
	00000000000000000000000000000000000000000000000000000000000000000000000000000000000000000000000000000000000000000000000000000000000000000000000000000000000000000000000000000000000000000000000000000000000000000000000000000000000000000080000000000000002D60
	00004FDF000000000000000000000000000000000000000000000000000000000000000000000000000000000000000000000000000000000000000000000000000000000000000000000000000000000000000000000000000000000000000000000000000000000000000000000000000000000000000000000000000000
	000000000000000000000000000000000000000000000000000000000000000000000000000000000000000000000000000000000000002D6000004FDF000000000000000000000000000000000000000000000000000000000000000000000000000000000000000000000000000000000000000000000000000000000000
	000000000000000000000000000000000000000000000000000000000000000000000000000000000000000000000000000000000000000000000000000000000000000000000000000000000000000000000000000000000000000000000000000000000000000000000000000000002D6000007CE2000000000000000000
	00000000000000000000000000000000000000000000000000000000000000000000000000000000000000000000000000000000000000000000000000000000000000000000000000000000000000000000000000000000000000000000000000000000000000000000000000000000000000000000000000000000000000
	0000000000000000000000000000000000000000000000000000000000000000000000000000000000002D6100007CE200000000000000000000000000000000000000000000000000000000000000000000000000000000000000000000000000000000000000000000000000000000000000000000000000000000000000
	0000000000000000000000000000000000000000000000000000000000000000000000000000000000000000000000000000000000000000000000000000000000000000000000000000000000000000000000000000000000000000000000000000002D6100009EDD00000000000000000000000000000000000000000000
	00000000000000000000000000000000000000000000000000000000000000000000000000000000000000000000000000000000000000000000000000000000000000000000000000000000000000000000000000000000000000000000000000000000000000000000000000000000000000000000000000000000000000
	0000000000000000000000000000000000000000002B6400009EDD00000000000000000000000000000000000000000000000000000000000000000000000000000000000000000000000000000000000000000000000000000000000000000000000000000000000000000000000000000000000000000000000000000000
	000000000000000000000000000000000000000000000000000000000000000000000000000000000000000000000000000000000000000000000000000000000000000000002B6400009EDD000000000000000000000000000000000000000000000000000000000000000000000000000000000000000000000000000000
	00000000000000000000000000000000000000000000000000000000000000000000000000000000000000000000000000000000000000000000000000000000000000000000000000000000000000000000000000000000000000000000000000000000000000000000000000000000000000000000002B640000C42B0000
	00000000000000000000000000000000000000000000000000000000000000000000000000000000000000000000000000000000000000000000000000000000000000000000000000000000000000000000000000000000000000000000000000000000000000000000000000000000000000000000000000000000000000
	000000000000000000000000000000000000000000000000000000000000000000000000002A660000794D000000000000000000000000000000000000000000000000000000000000000000000000000000000000000000000000000000000000000000000000000000000000000000000000000000000000000000000000
	00000000000000000000000000000000000000000000000000000000000000000000000000000000000000000000000000000000000000000000000000000000000000000000000000000000000000000000000000000000000000000000000000002E7000004B020000000000000000000000000000000000000000000000
	00000000000000000000000000000000000000000000000000000000000000000000000000000000000000000000000000000000000000000000000000000000000000000000000000000000000000000000000000000000000000000000000000000000000000000000000000000000000000000000000000000000000000
	00000000000000000000000000000000000000000000000080008000000000002E700000794D0000000000000000000000000000000000000000000000000000000000000000000000000000000000000000000000000000000000000000000000000000000000000000000000000000000000000000000000000000000000
	0000000000000000000000000000000000000000000000000000000000000000000000000000000000000000000000000000000000000000000000000000000000000000000000000000000000000000000000000000000000000000002E7000001B3F00000000000000000000000000000000000000000000000000000000
	00000000000000000000000000000000000000000000000000000000000000000000000000000000000000000000000000000000000000000000000000000000000000000000000000000000000000000000000000000000000000000000000000000000000000000000000000000000000000000000000000000000000000
	0000000000000000000000000000002B7200001B3F00000000000000000000000000000000000000000000000000000000000000000000000000000000000000000000000000000000000000000000000000000000000000000000000000000000000000000000000000000000000000000000000000000000000000000000
	000000000000000000000000000000000000000000000000000000000000000000000000000000000000000000000000000000000000000000000000000000002B7200001B3F000000000000000000000000000000000000000000000000000000000000000000000000000000000000000000000000000000000000000000
	00000000000000000000000000000000000000000000000000000000000000000000000000000000000000000000000000000000000000000000000000000000000000000000000000000000000000000000000000000000000000000000000000000000000000000000000000000000002B72000033740000000000000000
	00000000000000000000000000000000000000000000000000000000000000000000000000000000000000000000000000000000000000000000000000000000000000000000000000000000000000000000175600005F78000000000000000000000000000000000000000000000000000000000000000000000000000000
	00000000000000000000000000000000000000000000000000000000000000000000000000000000000000000000000000000000000000000000000000000000000000000000000000000000000000000000000000000000000000000000000000000000000000000000000000000000000000000000000000000000000000
	00000000000000000000000000000000000000002F4F00005F780000000000000000000000000000000000000000000000000000000000000000000000000000000000000000000000000000000000000000000000000000000000000000000000000000000000000000000000000000000000000000000000000000000000
	000000000000000000000000000000000000000000000000000000000000000000000000000000000000000000000000000000000000000000000000000000000000000000000000000000000000000000000000002F4F00005F78000000000000000000000000000000000000000000000000000000000000000000000000
	00000000000000000000000000000000000000000000000000000000000000000000000000000000000000000000000000000000000000000000000000000000000000000000000000000000000000000000000000000000000000000000000000000000000000000000000000000000000000000000000000000000000000
	00000000000000000000000000000000000000000000002F4F00005F780000000000000000000000000000000000000000000000000000000000000000000000000000000000000000000000000000000000000000000000000000000000000000000000000000000000000000000000000000000000000000000000000000
	000000000000000000000000000000000000000000000000000000000000000000000000000000000000000000000000000000000000000000000000000000000000000000000000000000000000000000000000000000002F4F00003F74000000000000000000000000000000000000000000000000000000000000000000
	00000000000000000000000000000000000000000000000000000000000000000000000000000000000000000000000000000000000000000000000000000000000000000000000000000000000000000000000000000000000000000000000000000000000000000000000000000000000000000000000000000000000000
	0000295800003F740000000000000000000000000000000000000000000000000000000000000000000000000000000000000000000000000000000000000000000000000000000000000000000000000000000000000000000000000000000000000000000000000000000000000000000000000000000000000000000000
	00000000000000000000000000000000000000000000000000000000000000000000000000000000000000295800003F74000000000000000000000000000000000000000000000000000000000000000000000000000000000000000000000000000000000000000000000000000000000000000000000000000000000000
	000000000000000000000000000000000000000000000000000000000000000000000000000000000000000000000000000000000000000000000000000000000000000000000000000000000000000000000000295800008CB300001830210884C31890480C8009800001800C401018C2840C612448C0064004000006C008
	20610C8642123060242003000203000460301043860921301890120001010102801830210884C31890480C80098000018000400000175900004A760000000000000080080000088000000000000000000000000440000040040000000000000000000002000020200000020000000000000000010000001010000000010000
	0000000000000080080000088000000000000000000017590000FED300002108854214D05814410D844111104444101142840AA12C68A00AC28608202288882221088542165050346105044311104444101142840BA12828B01A82820821228888222108854214D05814410D844111104444001100001759000022A9000000
	00000000000000000000000000000000000000000000000000000000000000000000000000000000000000000000000000000000000000000000000000000000000000000000000000000000000000000000000000000000000000000000000000000000000000000000000000000000000000000000000000000000000000
	00000000225A000022A9000000000000000000000000000000000000000000000000000000000000000000000000000000000000000000000000000000000000000000000000000000000000000000000000000000000000000000000000000000000000000000000000000000000000000000000000000000000000000000
	0000000000000000000000000000000000225A000022A90000000000000000000000000000000000000000000000000000000000000000000000000000000000000000000000000000000000000000000000000000000000000000000000000000000000000000000000000000000000000000000000000000000000000000
	000000000000000000000000000000000000000000000000000000000000225A0000FE9D00000000000000000000000000000000000000000200002020000002000000000000000000000000000000000000000001000000101000000001000000000000000000000000000000000000000000800800000880000000000000
	0000000000000000000000000000000000044000004004000000000000000000000000000000000000000000000200002020000002000000000000265B0000A1730000000000000000000000000000000000000200022022202022200200020000000000000000000000000000000001000100111010101011000100010000
	00000000000000000000000000000080088008888808800880000000000000000000000000000000000000000440044044444004400400000000000000000000000000000000000002000220222020222002000200000000265B00003321000000000000000000000000000000000000000000000200002020000002000000
	000000000000000000000000000000000001000000101000000001000000000000000000000000000000000000000000800800000880000000000000000000000000000000000000000000000004400000400400000000000000000000000000000000000000000000020000202000000200000000265B0000FE9D00000000
	00000000000000000000000000000000020000202000000200000000000000000000000000000000000000000100000010100000000100000000000000000000000000000000000000000080080000088000000000000000000000000000000000000000000000000440000040040000000000000000000000000000000000
	00000000000200002020000002000000000000265B0000F4C2000000000000000000000000000000000000020002202020220200222000000200000000000000000000000000000100010010101110000110110000000100000000000000000000000000000080088008088088880000088000000000000000000000000000
	000000000440044040044444000040040000000000000000000000000000000002000220202022020022200000020000265B0000AFD700000000000000000000000000000000000000000000000000000000000000000000000000000000000000000000000000000000000000000000000000000000000000000000000000
	0000000000000000000000000000000000000000000000000000000000000000000000000000000000000000000000000000000000000000000000000000000000000000000000000000000000265B0000D2A00000000040040000000000000000000000000200022020202002000202000020200000020000000000000000
	00000100010010101010000101010000101000000001000000000000000000000080088008088008800000800800000880000000000000000000000000000440044040044004000004400000400400000000000000000000000002000220202020020002020000200000265B000040F2000000004004000000000000000000
	00000000000000000000000000020000202000000200000000000000000000000000000000000000000100000010100000000100000000000000000000000000000000000000000080080000088000000000000000000000000000000000000000000000000440000040040000000000000000000000000000000000000000
	0000020000200000265B0000AFD70000000000000000000000000000000000000000000000000000000000000000000000000000000000000000000000000000000000000000000000000000000000000000000000000000000000000000000000000000000000000000000000000000000000000000000000000000000000
	00000000000000000000000000000000000000000000000000000000000000000000000000265B00003574000000000000000000000000000000000000000000000000000000000000000000000000000000000000000000000000000000000000000000000000000000000000000000000000000000000000000000000000
	00000000000000000000000000000000000000000000000000000000000000000000000000000000000000000000000000000000000000000000000000000000000000000000000000000000000000000000000000002B5F0000E94D0000000000000000000000000000000000000000000000000000000000000000000000
	00000000000000000000000000000000000000000000000000000000000000000000000000000000000000000000000000000000000000000000000000000000000000000000000000000000000000000000000000000000000000000000000000000000000000000000000000000000000000000000000000000000000000
	000000000000000000000000000000002D730000E94D000000000000000000000000000000000000000000000000000000000000000000000000000000000000000000000000000000000000000000000000000000000000000000000000000000000000000000000000000000000000000000000000000000000000000000
	000000000000000000000000000000000000000000000000000000000000000000000000000000000000000000000000000000000000000000000000000000000000000000000000002D730000E94D000000000000000000000000000000000000000000000000000000000000000000000000000000000000000000000000
	00000000000000000000000000000000000000000000000000000000000000000000000000000000000000000000000000000000000000000000000000000000000000000000000000000000000000000000000000000000000000000000000000000000000000000000000000000000000000000000000000000000000000
	0000002D7300001B3F00000000000000000000000000000000000000000000000000000000000000000000000000000000000000000000000000000000000000000000000000000000000000000000000000000000000000000000000000000000000000000000000000000000000000000000000000000000000000000000
	000000000000000000000000000000000000000000000000000000000000000000000000000000000000000000000000000000002B7200001B3F000000000000000000000000000000000000000000000000000000000000000000000000000000000000000000000000000000000000000000000000000000000000000000
	00000000000000000000000000000000000000000000000000000000000000000000000000000000000000000000000000000000000000000000000000000000000000000000000000000000000000000000000000000000000000000000000000000000002B7200001B3F0000000000000000000000000000000000000000
	00000000000000000000000000000000000000000000000000000000000000000000000000000000000000000000000000000000000000000000000000000000000000000000000000000000000000000000000000000000000000000000000000000000000000000000000000000000000000000000000000000000000000
	00000000000000000000000000000000000000000000002B720000FCDA0000000000000000000000000000000000000000000000000000000000000000000000000000000000000000000000000000000000000000000000000000000000000000000000000000000000000000000000000000000000000000000000000000
	0000000000000000000000000000000000000000000000000000000000000000000000000000000000000000000000000000000000000000000000000000000029710000E94D000000000000000000000000000000000000000000000000000000000000000000000000000000000000000000000000000000000000000000
	000000000000000000000000000000000000000000000000000000000000000000000000000000000000000000000000000000000000000000000000000000000000000000000000000000000000000000000000000000000000000000000000000000000000000000000000000000000000000000000000002D730000E94D
	00000000000000000000000000000000000000000000000000000000000000000000000000000000000000000000000000000000000000000000000000000000000000000000000000000000000000000000000000000000000000000000000000000000000000000000000000000000000000000000000000000000000000
	0000000000000000000000000000000000000000000000000000000000000000000000000000000000000000000000000000002D730000E94D00000000000000000000000000000000000000000000000000000000000000000000000000000000000000000000000000000000000000000000000000000000000000000000
	0000000000000000000000000000000000000000000000000000000000000000000000000000000000000000000000000000000000000000000000000000000000000000000000000000000000000000000000000000000000000000000000000000000000000000000000002D73000049E400000000000000000000000000
	00000000000000000000000000000000000000000000000000000000000000000000000000000000000000000000000000000000000000000000000000000000000000000000000000000000000000000000000000000000000000000000000000000000000000000000000000000000000000000000000000000000000000
	000000000000000000000000000000000000000000000000000000000000000000002C50000049E4000000000000000000000000000000000000000000000000000000000000000000000000000000000000000000000000000000000000000000000000000000000000000000000000000000000000000000000000000000
	0000000000000000000000000000000000000000000000000000000000000000000000000000000000000000000000000000000000000000000000000000000000000000000000000000000000000000000000000000002C500000D1AE00000000000100000000000000000000000000000000000000000000000000000000
	00000000000000000000000000000000000000000000000000000000000000000000000000000000000000000000000000000000000000000000000000000000000000000000000000000000000000000000000000000000000000000000000000000000000000000000000000000000000000000000000000000000000000
	000000000000008000000000002C500000F79E00000000000000000000000000000000000000000000000000000000000000000000000000000000000000000000000000000000000000000000000000000000000000000000000000000000000000000000000000000000000000000000184700003B5F0000000000000001
	00000000000000000000000000000000000000000000000000000000000000000000000000000000000000000000000000000000000000000000000000000000000000000000000000000000000000000000000000001847000009550000B52456E84A9AA956B76454A84A9ABB56A56454A8DA9E2B72A544D4AC5BBA2A52A5
	44DDAD52BB2A52ED4495BF52A96A52ADD6952D52A96ED22956152D76A94AD2295F352456E94A9B2956376454A94A9B3B56256454A9000F17480000C0550000000200400000000000084900000000000020000000002404008000000000001000001200000200400000000000084900000000000E4A000048F2000000080040
	0000020000000000000010000000000000008004002001000000000000000800000000000000400000020010008000000000040000000000000020000000000100080040000002000000000000001000000000000000000018490000567B000000000004000000000000200002000020000000000000000200000000100001
	000010000000000000000000018000080000800000000800000000000000004000040000400000000000040000000000002000020000200000000000001842000099BC000000000000000000000000000000000000000000000000000000000000000000000000000000000000000000000000000000000000000000000000
	00000000000000000000000000000000000000000000000000000000000017430000EBF2000000000000000000000000000000000000000000000000000000000000000000000000000000000000000000000000000000000000000000000000000000000000000000000000000000000000000000000000000016440000EB
	F2000000000000000000000000000000000000000000000000000000000000000000000000000000000000000000000000000000000000000000000000000000000000000000000000000000000000000000000000000016440000EF8000000000000100010000000000000000000000000000000000000000000000000000
	0000000000000000000000000000000000000000000000000000000000000000000000000000000000000000000000008000800000000000174E0000E17B0000000000000000000000000000000000000000000000000000000000000000000000000000000000000000000000000000000000000000000000000000000000
	00000000000000000000000000000000000000000000000000174E00001A2600000000000000000000000000000000000000000000000000000000000000000000000000000000000000000000000000000000000000000000000000000000000000000000000000000000000000000000000000000000000000000000184D
	000002A100000000020012409040800800080000000000000000000000000100090048204020000400040000000000000000000000000480248020100010000200020000000000000000000002001240104000080008000100010000000000000000184D00001D270000000000010000000000000000000000000000000000
	0000000000000000000000000000000000000000000000000000000000000000000000000000000000000000000000000000000000000000000000000000000000800000000000184D0000FD690000000000000000000000000000000000000000000000000000000000000000000000000000000000000000000000000000
	00000000000000000000000000000000000000000000000000000000000000000000000000000000000000000000000000000000000000000000000000000000000000000000000000000000000000000000000000000000000000000000000000000000000000000000000000000000000000000000000000000000000000
	002D4C0000036E000000000000000100000000000000000000000000000000000000000000000000000000000000000000000000000000000000000000000000000000000000000000000000000000000000000000000000000000000000000000000000000000000000000000000000000000000000000000000000000000
	000000000000000000000000000000000000000000000000000000000000000000000000000000000000000000000000000000008000000000002D4C000082F5000000000000000000000000000000000000000000000000000000000000000000000000000000000000000000000000000000000000000000000000000000
	00000000000000000000000000000000000000000000000000000000000000000000000000000000000000000000000000000000000000000000000000000000000000000000000000000000000000000000000000000000000000000000000000000000000000000000000000000000000000000000002E4B000082F50000
	00000000000000000000000000000000000000000000000000000000000000000000000000000000000000000000000000000000000000000000000000000000000000000000000000000000000000000000000000000000000000000000000000000000000000000000000000000000000000000000000000000000000000
	00000000000000000000000000000000000000000000000000000000000000000000000000000000000000000000000000000000002E4B000082F50000000000000000000000000000000000000000000000000000000000000000000000000000000000000000000000000000000000000000000000000000000000000000
	0000000000000000000000000000000000000000000000000000000000000000000000000000000000000000000000000000000000000000000000000000000000000000000000000000000000000000000000000000000000000000000000000000000000000000000000000000000000002E4B0000E87600000000000000
	00000000000000000000000000000000000000000000000000000000000000000000000000000000000000000000000000000000000000000000000000000000000000000000000000000000000000000000000000000000000000000000000000000000000000000000000000000000000000000000000000000000000000
	00000000000000000000000000000000000000000000000000000000000000000000000000000000000000002D400000E8760000000000000000000000000000000000000000000000000000000000000000000000000000000000000000000000000000000000000000000000000000000000000000000000000000000000
	00000000000000000000000000000000000000000000000000000000000000000000000000000000000000000000000000000000000000000000000000000000000000000000000000000000000000000000000000000000000000000000000000000000002D400000E8760000000000000000000000000000000000000000
	00000000000000000000000000000000000000000000000000000000000000000000000000000000000000000000000000000000000000000000000000000000000000000000000000000000000000000000000000000000000000000000000000000000000000000000000000000000000000000000000000000000000000
	000000000000000000000000000000000000000000000000000000000000002D400000E876000000000000000000000000000000000000000000000000000000000000000000000000000000000000000000000000000000000000000000000000000000000000000000000000000000000000000000000000000000000000
	000000000000000000000000000000000000000000000000000000000000000000000000000000000000000000000000000000000000000000000000000000000000000000000000000000000000000000000000000000002D400000CFCE000000000001000100000000000000000000000000000000000000000000000000
	00000000000000000000000000000000000000000000000000000000000000000000000000000000000000000000000000000000000000000000000000000000000000000000000000000000000000000000000000000000000000000000000000000000000000000000000000000000000000000000000000000000000000
	000000000000000000000000800080000000000000002E450000951A000000000000000000000000000000000000000000000000000000000000000000000000000000000000000000000000000000000000000000000000000000000000000000000000000000000000000000000000000000000000000000000000000000
	00000000000000000000000000000000000000000000000000000000000000000000000000000000000000000000000000000000000000000000000000000000000000000000000000000000000000000000002E450000D8C30000000000000000000000000000000000000000000000000000000000000000000000000000
	00000000000000000000000000000000000000000000000000000000000000000000000000000000000000000000000000000000000000000000000000000000000000000000000000000000000000000000000000000000000000000000000000000000000000000000000000000000000000000000000000000000000000
	0000000000000000002C460000D8C300000000000000000000000000000000000000000000000000000000000000000000000000000000000000000000000000000000000000000000000000000000000000000000000000000000000000000000000000000000000000000000000000000000000000000000000000000000
	00000000000000000000000000000000000000000000000000000000000000000000000000000000000000000000000000000000000000000000000000002C4600006AD80000000000010000000000000000000000000000000000000000000000000000000000000000000000000000000000000000000000000000000000
	000000000000000000000000000000000000000000000000000000000000000000000000000000000000000000000000000000000000000000000000000000000000000000000000000000000000000000000000000000000000000000000000000000000000000000000080000000000000002C4600006B35000000000000
	00000000000000000000000000000000000000000000000000000000000000000000000000000000000000000000000000000000000000000000000000000000000000000000000000000000000000000000000000000000000000000000000000000000000000000000000000000000000000000000000000000000000000
	0000000000000000000000000000000000000000000000000000000000000000002A410000D42400000000000000010000000000000000000000000000000000000000000000000000000000000000000000000000000000000000000000000000000000000000000000000000000000000000000000000000000000000000
	00000000000000000000000000000000000000000000000000000000000000000000000000000000000000000000000000000000000000000000000000000000000000000000000000000000000000000000000000000000800000000000000000002F4F00005F780000000000000000000000000000000000000000000000
	00000000000000000000000000000000000000000000000000000000000000000000000000000000000000000000000000000000000000000000000000000000000000000000000000000000000000000000000000000000000000000000000000000000000000000000000000000000000000000000000000000000000000
	0000000000000000000000000000000000000000000000000000000000000000000000002F4F00005F7800000000000000000000000000000000000000000000000000000000000000000000000000000000000000000000000000000000000000000000000000000000000000000000000000000000000000000000000000
	00000000000000000000000000000000000000000000000000000000000000000000000000000000000000000000000000000000000000000000000000000000000000000000000000000000000000000000000000000000000000000000000000000000002F4F000049E40000000000000000000000000000000000000000
	00000000000000000000000000000000000000000000000000000000000000000000000000000000000000000000000000000000000000000000000000000000000000000000000000000000000000000000000000000000000000000000000000000000000000000000000000000000000000000000000000000000000000
	0000000000000000000000000000000000000000000000000000002C50000049E400000000000000000000000000000000000000000000000000000000000000000000000000000000000000000000000000000000000000000000000000000000000000000000000000000000000000000000000000000000000000000000
	00000000000000000000000000000000000000000000000000000000000000000000000000000000000000000000000000000000000000000000000000000000000000000000000000000000000000002C50000049E40000000000000000000000000000000000000000000000000000000000000000000000000000000000
	00000000000000000000000000000000000000000000000000000000000000000000000000000000000000000000000000000000000000000000000000000000000000000000000000000000000000000000000000000000000000000000000000000000000000000000000000000000000000000000000000000000000000
	0000000000002C500000F79E0000000000000000000000000000000000000000000000000000000000000000000000000000000000000000000000000000000000000000000000000000000000000000000000000000000000000000000000000000000000000000000018470000F79E000000000000000000000000000000
	000000000000000000000000000000000000000000000000000000000000000000000000000000000000000000000000000000000000000000000000000000000000000000000000000000000000001847000007AE0000B52456E94A9BA956B76454A84A9ABB56A56454A8DA9E2B72A544D4AC5BBA2A52A544DDAD52BB2A52
	ED4495BF52A96A52ADD6952D52A96ED22956152D76A94AD2295F352456E94A9B2956376454A94A9BBB56A56454A9000F17480000C0550000000200400000000000084900000000000020000000002404008000000000001000001200000200400000000000084900000000000E4A000048F200000008004000000200000000
	00000010000000000000008004002001000000000000000800000000000000400000020010008000000000040000000000000020000000000100080040000002000000000000001000000000000000000018490000567B00000000000400000000000020000200002000000000000000020000000010000100001000000000
	0000000000018000080000800000000800000000000000004000040000400000000000040000000000002000020000200000000000001842000048BD00000000000100000000000000000000000000000000000000000000000000000000000000000000000000000000000000000000000000000000000000000000000000
	000000000000000000000000000000000000000000000017430000EBF20000000000000000000000000000000000000000000000000000000000000000000000000000000000000000000000000000000000000000000000000000000000000000000000000000000000000000000000000000164400002733000000000000
	000100000000000000000000000000000000000000000000000000000000000000000000000000000000000000000000000000000000000000000000000000000000000000000000000000000000000016440000E17B0000000000000000000000000000000000000000000000000000000000000000000000000000000000
	00000000000000000000000000000000000000000000000000000000000000000000000000000000000000000000000000174E0000497B000000000000000000000000000000000000000000000000000000000000000000000000000000000000000000000000000000000000000000008000000000000000000000000000
	000000000000000000000000000000000000174E00001A2600000000000000000000000000000000000000000000000000000000000000000000000000000000000000000000000000000000000000000000000000000000000000000000000000000000000000000000000000000000000000000000184D000002A1000000
	00020012409040800800080000000000000000000000000100090048204020000400040000000000000000000000000480248020100010000200020000000000000000000002001240104000080008000100010000000000000000184D0000FAA7000000000000000000000000000000000000000000000000000000000000
	00000000000000000000000000000000000000000000000000000000000000008000000000000000000000000000000000000000000000000000000000000000184D0000FD69000000000000000000000000000000000000000000000000000000000000000000000000000000000000000000000000000000000000000000
	000000000000000000000000000000000000000000000000000000000000000000000000000000000000000000000000000000000000000000000000000000000000000000000000000000000000000000000000000000000000000000000000000000000000000000000000000000000000000000000000002D4C0000FD69
	00000000000000000000000000000000000000000000000000000000000000000000000000000000000000000000000000000000000000000000000000000000000000000000000000000000000000000000000000000000000000000000000000000000000000000000000000000000000000000000000000000000000000
	0000000000000000000000000000000000000000000000000000000000000000000000000000000000000000000000000000002D4C0000AD7A00000000000100010000000000000000000000000000000000000000000000000000000000000000000000000000000000000000000000000000000000000000000000000000
	000000000000000000000000000000000000000000000000000000000000000000000000000000000000000000000000000000000000000000000000000000000000000000000000000000000000000000000000000000000000000000000000000000000000000080008000000000002E4B000082F5000000000000000000
	00000000000000000000000000000000000000000000000000000000000000000000000000000000000000000000000000000000000000000000000000000000000000000000000000000000000000000000000000000000000000000000000000000000000000000000000000000000000000000000000000000000000000
	000000000000000000000000000000000000000000000000000000000000000000000000000000000000000000002E4B000082F5000000000000000000000000000000000000000000000000000000000000000000000000000000000000000000000000000000000000000000000000000000000000000000000000000000
	00000000000000000000000000000000000000000000000000000000000000000000000000000000000000000000000000000000000000000000000000000000000000000000000000000000000000000000000000000000000000000000000000000000000000000000002E4B0000E8760000000000000000000000000000
	00000000000000000000000000000000000000000000000000000000000000000000000000000000000000000000000000000000000000000000000000000000000000000000000000000000000000000000000000000000000000000000000000000000000000000000000000000000000000000000000000000000000000
	000000000000000000000000000000000000000000000000000000000000000000000000002D4000003977000000000001000000000000000000000000000000000000000000000000000000000000000000000000000000000000000000000000000000000000000000000000000000000000000000000000000000000000
	000000000000000000000000000000000000000000000000000000000000000000000000000000000000000000000000000000000000000000000000000000000000000000000000000000000000000000000000000000000000000000002D400000E876000000000000000000000000000000000000000000000000000000
	00000000000000000000000000000000000000000000000000000000000000000000000000000000000000000000000000000000000000000000000000000000000000000000000000000000000000000000000000000000000000000000000000000000000000000000000000000000000000000000000000000000000000
	0000000000000000000000000000000000000000000000002D40000024B700000000000000010000000000000000000000000000000000000000000000000000000000000000000000000000000000000000000000000000000000000000000000000000000000000000000000000000000000000000000000000000000000
	0000000000000000000000000000000000000000000000000000000000000000000000000000000000000000000000000000000000000000000000000000000000000000000000000000000000000000002D400000951A00000000000000000000000000000000000000000000000000000000000000000000000000000000
	00000000000000000000000000000000000000000000000000000000000000000000000000000000000000000000000000000000000000000000000000000000000000000000000000000000000000000000000000000000000000000000000000000000000000000000000000000000000000000000000000000000000000
	0000000000000000000000000000002E450000951A00000000000000000000000000000000000000000000000000000000000000000000000000000000000000000000000000000000000000000000000000000000000000000000000000000000000000000000000000000000000000000000000000000000000000000000
	000000000000000000000000000000000000000000000000000000000000000000000000000000000000000000000000000000000000000000000000000000000000000000000000000000002E450000E3E5000000000000000000000000000000000000000000000000000000000000000000000000000000000000000000
	00000000000000000000000000000040000000000000000000000000000000000000000000000000000000000000000000000000000000000000000000000000000000000000000000000000000000000000000000000000000000000000000000000000000000000000000000000000000000000000008000000000000000
	00002C460000D8C30000000000000000000000000000000000000000000000000000000000000000000000000000000000000000000000000000000000000000000000000000000000000000000000000000000000000000000000000000000000000000000000000000000000000000000000000000000000000000000000
	000000000000000000000000000000000000000000000000000000000000000000000000000000000000000000000000000000000000002C46000019AA000000000000000000000000000000000000000000000000000000000000000000000800000000000000000000000000000000000000000000000000000000000000
	0000000000000000000000000000000000000000000000000000000000000000000000000000000000000000000000000000000000000000000000000000000000000000000000000000000000000000000000000000000000000000000000000000000000000000000000002C460000DA7700000000000000000000000000
	00000000000000000000000000000000000000000000000000000000000800000000000000000000000000000000000000000000000000000000000000400000000000000000000000000000000000000000000000000000000000000000000000000000000000000000000000000000000000000000000000000000000000
	00000000000000000000000000000000000000000000000000002A41000016330000000000000000000000000000000000000000000000000000000000000000000000000000000000000000000000000000000000000000000000000000000000000000000000000000000000000000000000000000000000000000000000
	000000000000000000000000000000000000000000000000000000000000000000000000000000000000000000000000000000000000000000000000000000000000000000000000008000000000000000000000000000000000002F4F0000EE46000000000001000100000000000000000000000000000000000000000000
	00000000000000000000000000000000000000000000000000000000000000000000000000000000000000000000000000000000000000000000000000000000000000000000000000000000000000000000000000000000000000000000000000000000000000000000000000000000000000000000000000000000000000
	00000000000000000000008000000000000000800080000000000000002F4F00005F780000000000000000000000000000000000000000000000000000000000000000000000000000000000000000000000000000000000000000000000000000000000000000000000000000000000000000000000000000000000000000
	000000000000000000000000000000000000000000000000000000000000000000000000000000000000000000000000000000000000000000000000000000000000000000000000000000000000000000000000000000000000000000002F4F000049E4000000000000000000000000000000000000000000000000000000
	00000000000000000000000000000000000000000000000000000000000000000000000000000000000000000000000000000000000000000000000000000000000000000000000000000000000000000000000000000000000000000000000000000000000000000000000000000000000000000000000000000000000000
	00000000000000000000000000000000000000002C50000049E40000000000000000000000000000000000000000000000000000000000000000000000000000000000000000000000000000000000000000000000000000000000000000000000000000000000000000000000000000000000000000000000000000000000
	000000000000000000000000000000000000000000000000000000000000000000000000000000000000000000000000000000000000000000000000000000000000000000000000002C500000D1AE000000000001000000000000000000000000000000000000000000000000000000000000000000000000000000000000
	0000000000000000000000000000000000000000000000000000000000000000000000000000000000000000000000000000000000000000000000000000000000000000000000000000000000000000000000000000000000000000000000000000000000000000000000000000000000000000000000008000000000002C
	500000F79E0000000000000000000000000000000000000000000000000000000000000000000000000000000000000000000000000000000000000000000000000000000000000000000000000000000000000000000000000000000000000000000018470000F1F100000000000000010000000000000000000000000000
	0000000000000000000000000000000000000000000000000000000000000000000000000000000000000000000000000000000000000000000000000000800000000000000000001847000009550000B52456E84A9AA956B76454A84A9ABB56A56454A8DA9E2B72A544D4AC5BBA2A52A544DDAD52BB2A52ED4495BF52A96A
	52ADD6952D52A96ED22956152D76A94AD2295F352456E94A9B2956376454A94A9B3B56256454A9000F17480000C0550000000200400000000000084900000000000020000000002404008000000000001000001200000200400000000000084900000000000E4A000048F20000000800400000020000000000000010000000
	000000008004002001000000000000000800000000000000400000020010008000000000040000000000000020000000000100080040000002000000000000001000000000000000000018490000567B0000000000040000000000002000020000200000000000000002000000001000010000100000000000000000000180
	00080000800000000800000000000000004000040000400000000000040000000000002000020000200000000000001842000099BC0000000000000000000000000000000000000000000000000000000000000000000000000000000000000000000000000000000000000000000000000000000000000000000000000000
	0000000000000000000000000000000017430000EBF2000000000000000000000000000000000000000000000000000000000000000000000000000000000000000000000000000000000000000000000000000000000000000000000000000000000000000000000000000016440000EBF200000000000000000000000000
	0000000000000000000000000000000000000000000000000000000000000000000000000000000000000000000000000000000000000000000000000000000000000000000000000016440000EF80000000000001000100000000000000000000000000000000000000000000000000000000000000000000000000000000
	000000000000000000000000000000000000000000000000000000000000000000008000800000000000174E0000E17B00000000000000000000000000000000000000000000000000000000000000000000000000000000000000000000000000000000000000000000000000000000000000000000000000000000000000
	0000000000000000000000174E00001A2600000000000000000000000000000000000000000000000000000000000000000000000000000000000000000000000000000000000000000000000000000000000000000000000000000000000000000000000000000000000000000000184D000002A100000000020012409040
	800800080000000000000000000000000100090048204020000400040000000000000000000000000480248020100010000200020000000000000000000002001240104000080008000100010000000000000000184D00001D2700000000000100000000000000000000000000000000000000000000000000000000000000
	000000000000000000000000000000000000000000000000000000000000000000000000000000000000000000000000000000800000000000184D0000FD6900000000000000000000000000000000000000000000000000000000000000000000000000000000000000000000000000000000000000000000000000000000
	0000000000000000000000000000000000000000000000000000000000000000000000000000000000000000000000000000000000000000000000000000000000000000000000000000000000000000000000000000000000000000000000000000000000000000000000000000000000002D4C0000036E00000000000000
	01000000000000000000000000000000000000000000000000000000000000000000000000000000000000000000000000000000000000000000000000000000000000000000000000000000000000000000000000000000000000000000000000000000000000000000000000000000000000000000000000000000000000
	00000000000000000000000000000000000000000000000000000000000000000000000000008000000000002D4C000082F50000000000000000000000000000000000000000000000000000000000000000000000000000000000000000000000000000000000000000000000000000000000000000000000000000000000
	0000000000000000000000000000000000000000000000000000000000000000000000000000000000000000000000000000000000000000000000000000000000000000000000000000000000000000000000000000000000000000000000000000000000000000002E4B000082F500000000000000000000000000000000
	00000000000000000000000000000000000000000000000000000000000000000000000000000000000000000000000000000000000000000000000000000000000000000000000000000000000000000000000000000000000000000000000000000000000000000000000000000000000000000000000000000000000000
	0000000000000000000000000000000000000000000000000000000000000000000000000000002E4B000082F500000000000000000000000000000000000000000000000000000000000000000000000000000000000000000000000000000000000000000000000000000000000000000000000000000000000000000000
	000000000000000000000000000000000000000000000000000000000000000000000000000000000000000000000000000000000000000000000000000000000000000000000000000000000000000000000000000000000000000000000000000000002E4B0000E876000000000000000000000000000000000000000000
	00000000000000000000000000000000000000000000000000000000000000000000000000000000000000000000000000000000000000000000000000000000000000000000000000000000000000000000000000000000000000000000000000000000000000000000000000000000000000000000000000000000000000
	0000000000000000000000000000000000000000000000000000000000002D400000E87600000000000000000000000000000000000000000000000000000000000000000000000000000000000000000000000000000000000000000000000000000000000000000000000000000000000000000000000000000000000000
	0000000000000000000000000000000000000000000000000000000000000000000000000000000000000000000000000000000000000000000000000000000000000000000000000000000000000000000000000000002D400000E87600000000000000000000000000000000000000000000000000000000000000000000
	00000000000000000000000000000000000000000000000000000000000000000000000000000000000000000000000000000000000000000000000000000000000000000000000000000000000000000000000000000000000000000000000000000000000000000000000000000000000000000000000000000000000000
	00000000000000000000000000000000002D400000E8760000000000000000000000000000000000000000000000000000000000000000000000000000000000000000000000000000000000000000000000000000000000000000000000000000000000000000000000000000000000000000000000000000000000000000
	00000000000000000000000000000000000000000000000000000000000000000000000000000000000000000000000000000000000000000000000000000000000000000000000000002D400000CFCE0000000000010001000000000000000000000000000000000000000000000000000000000000000000000000000000
	00000000000000000000000000000000000000000000000000000000000000000000000000000000000000000000000000000000000000000000000000000000000000000000000000000000000000000000000000000000000000000000000000000000000000000000000000000000000000000000000000000000008000
	80000000000000002E450000951A0000000000000000000000000000000000000000000000000000000000000000000000000000000000000000000000000000000000000000000000000000000000000000000000000000000000000000000000000000000000000000000000000000000000000000000000000000000000
	0000000000000000000000000000000000000000000000000000000000000000000000000000000000000000000000000000000000000000000000000000000000000000002E450000D8C300000000000000000000000000000000000000000000000000000000000000000000000000000000000000000000000000000000
	00000000000000000000000000000000000000000000000000000000000000000000000000000000000000000000000000000000000000000000000000000000000000000000000000000000000000000000000000000000000000000000000000000000000000000000000000000000000000000000000000002C460000D8
	C3000000000000000000000000000000000000000000000000000000000000000000000000000000000000000000000000000000000000000000000000000000000000000000000000000000000000000000000000000000000000000000000000000000000000000000000000000000000000000000000000000000000000
	0000000000000000000000000000000000000000000000000000000000000000000000000000000000000000000000002C4600006AD800000000000100000000000000000000000000000000000000000000000000000000000000000000000000000000000000000000000000000000000000000000000000000000000000
	00000000000000000000000000000000000000000000000000000000000000000000000000000000000000000000000000000000000000000000000000000000000000000000000000000000000000000000000000000000000000000080000000000000002C4600006B350000000000000000000000000000000000000000
	00000000000000000000000000000000000000000000000000000000000000000000000000000000000000000000000000000000000000000000000000000000000000000000000000000000000000000000000000000000000000000000000000000000000000000000000000000000000000000000000000000000000000
	000000000000000000000000000000000000002A410000D424000000000000000100000000000000000000000000000000000000000000000000000000000000000000000000000000000000000000000000000000000000000000000000000000000000000000000000000000000000000000000000000000000000000000
	0000000000000000000000000000000000000000000000000000000000000000000000000000000000000000000000000000000000000000000000000000000000000000000000000000800000000000000000002F4F00005F7800000000000000000000000000000000000000000000000000000000000000000000000000
	00000000000000000000000000000000000000000000000000000000000000000000000000000000000000000000000000000000000000000000000000000000000000000000000000000000000000000000000000000000000000000000000000000000000000000000000000000000000000000000000000000000000000
	000000000000000000000000000000000000000000002F4F00005F78000000000000000000000000000000000000000000000000000000000000000000000000000000000000000000000000000000000000000000000000000000000000000000000000000000000000000000000000000000000000000000000000000000
	0000000000000000000000000000000000000000000000000000000000000000000000000000000000000000000000000000000000000000000000000000000000000000000000000000000000000000000000000000002F4F000049E400000000000000000000000000000000000000000000000000000000000000000000
	00000000000000000000000000000000000000000000000000000000000000000000000000000000000000000000000000000000000000000000000000000000000000000000000000000000000000000000000000000000000000000000000000000000000000000000000000000000000000000000000000000000000000
	000000000000000000000000002C50000049E4000000000000000000000000000000000000000000000000000000000000000000000000000000000000000000000000000000000000000000000000000000000000000000000000000000000000000000000000000000000000000000000000000000000000000000000000
	0000000000000000000000000000000000000000000000000000000000000000000000000000000000000000000000000000000000000000000000000000000000002C50000049E400000000000000000000000000000000000000000000000000000000000000000000000000000000000000000000000000000000000000
	00000000000000000000000000000000000000000000000000000000000000000000000000000000000000000000000000000000000000000000000000000000000000000000000000000000000000000000000000000000000000000000000000000000000000000000000000000000000000000000002C500000F79E0000
	000000000000000000000000000000000000000000000000000000000000000000000000000000000000000000000000000000000000000000000000000000000000000000000000000000000000000000000000000000000000000018470000F79E0000000000000000000000000000000000000000000000000000000000
	00000000000000000000000000000000000000000000000000000000000000000000000000000000000000000000000000000000000000000000000000000000001847000007AE0000B52456E94A9BA956B76454A84A9ABB56A56454A8DA9E2B72A544D4AC5BBA2A52A544DDAD52BB2A52ED4495BF52A96A52ADD6952D52A9
	6ED22956152D76A94AD2295F352456E94A9B2956376454A94A9BBB56A56454A9000F17480000C0550000000200400000000000084900000000000020000000002404008000000000001000001200000200400000000000084900000000000E4A000048F2000000080040000002000000000000001000000000000000800400
	2001000000000000000800000000000000400000020010008000000000040000000000000020000000000100080040000002000000000000001000000000000000000018490000567B000000000004000000000000200002000020000000000000000200000000100001000010000000000000000000018000080000800000
	000800000000000000004000040000400000000000040000000000002000020000200000000000001842000099BC000000000000000000000000000000000000000000000000000000000000000000000000000000000000000000000000000000000000000000000000000000000000000000000000000000000000000000
	00000000000000000017430000EBF2000000000000000000000000000000000000000000000000000000000000000000000000000000000000000000000000000000000000000000000000000000000000000000000000000000000000000000000000000016440000EBF20000000000000000000000000000000000000000
	00000000000000000000000000000000000000000000000000000000000000000000000000000000000000000000000000000000000000000000000000000000000016440000BE8600000000000000000000000000000000000000000000000000000000000000000000000000000000000000000000000000000000000000
	0080000000000000000000000000000000000000000000000000000000000000000000174E0000E17B0000000000000000000000000000000000000000000000000000000000000000000000000000000000000000000000000000000000000000000000000000000000000000000000000000000000000000000000000000
	00000000174E0000D6E700000000000000010000000000000000000000000000000000000000000000000000000000000000000000000000000000000000000000000000000000000000000000000000000000000000000000000000000000000000000000000000184D000002A10000000002001240904080080008000000
	0000000000000000000100090048204020000400040000000000000000000000000480248020100010000200020000000000000000000002001240104000080008000100010000000000000000184D00001A260000000000000000000000000000000000000000000000000000000000000000000000000000000000000000
	0000000000000000000000000000000000000000000000000000000000000000000000000000000000000000000000000000184D0000FD690000000000000000000000000000000000000000000000000000000000000000000000000000000000000000000000000000000000000000000000000000000000000000000000
	00000000000000000000000000000000000000000000000000000000000000000000000000000000000000000000000000000000000000000000000000000000000000000000000000000000000000000000000000000000000000000000000000000000000000000000002D4C0000FD690000000000000000000000000000
	00000000000000000000000000000000000000000000000000000000000000000000000000000000000000000000000000000000000000000000000000000000000000000000000000000000000000000000000000000000000000000000000000000000000000000000000000000000000000000000000000000000000000
	000000000000000000000000000000000000000000000000000000000000000000000000002D4C0000AD7A000000000001000100000000000000000000000000000000000000000000000000000000000000000000000000000000000000000000000000000000000000000000000000000000000000000000000000000000
	00000000000000000000000000000000000000000000000000000000000000000000000000000000000000000000000000000000000000000000000000000000000000000000000000000000000000000000000000000000000080008000000000002E4B000082F50000000000000000000000000000000000000000000000
	00000000000000000000000000000000000000000000000000000000000000000000000000000000000000000000000000000000000000000000000000000000000000000000000000000000000000000000000000000000000000000000000000000000000000000000000000000000000000000000000000000000000000
	00000000000000000000000000000000000000000000000000000000000000002E4B000082F50000000000000000000000000000000000000000000000000000000000000000000000000000000000000000000000000000000000000000000000000000000000000000000000000000000000000000000000000000000000
	0000000000000000000000000000000000000000000000000000000000000000000000000000000000000000000000000000000000000000000000000000000000000000000000000000000000000000000000000000000000000000002E4B0000E87600000000000000000000000000000000000000000000000000000000
	00000000000000000000000000000000000000000000000000000000000000000000000000000000000000000000000000000000000000000000000000000000000000000000000000000000000000000000000000000000000000000000000000000000000000000000000000000000000000000000000000000000000000
	00000000000000000000000000000000000000000000002D400000EE810000000000000000000000000000000000000000000000000000000000000000000000000000000000000000000000000000000000000000000000000000000000000000000000000000000000000000000000000000000000000000000000000000
	00000000000000000000000000000000000000000000000000000000000000000000000000000000000000000000000000000000000000000000000000000000000000000000000080000000000000002D400000E8760000000000000000000000000000000000000000000000000000000000000000000000000000000000
	00000000000000000000000000000000000000000000000000000000000000000000000000000000000000000000000000000000000000000000000000000000000000000000000000000000000000000000000000000000000000000000000000000000000000000000000000000000000000000000000000000000000000
	000000000000000000002D400000A13D000000000000000000000000000000000000000000000000000000000000000000000000000000000000000000000000000000000000000000000000000000000000000000000000000000000000000000000000000000000000000000000000000000000000000000000000000000
	000000000000000000000000000000000000000000000000000000000000000000000000000000000000000000000000000000000000000000800000000000000000002D400000951A000000000000000000000000000000000000000000000000000000000000000000000000000000000000000000000000000000000000
	00000000000000000000000000000000000000000000000000000000000000000000000000000000000000000000000000000000000000000000000000000000000000000000000000000000000000000000000000000000000000000000000000000000000000000000000000000000000000000000000000000000000000
	002E450000951A000000000000000000000000000000000000000000000000000000000000000000000000000000000000000000000000000000000000000000000000000000000000000000000000000000000000000000000000000000000000000000000000000000000000000000000000000000000000000000000000
	00000000000000000000000000000000000000000000000000000000000000000000000000000000000000000000000000000000000000000000000000002E4500000D980000000000000001000000000000000000000000000020000000000000000000000000000000000000000000000000000000000000000000000000
	000000000000000000000000000000000000000000000000000000000000000000000000000000000000000000000000000000000000000000000000000000000000000000000000000000000000000000000000000000000000000000000000000000000000000000000000000000000000002C460000D8C3000000000000
	00000000000000000000000000000000000000000000000000000000000000000000000000000000000000000000000000000000000000000000000000000000000000000000000000000000000000000000000000000000000000000000000000000000000000000000000000000000000000000000000000000000000000
	00000000000000000000000000000000000000000000000000000000000000000000000000000000002C460000D8C30000000000000000000000000000000000000000000000000000000000000000000000000000000000000000000000000000000000000000000000000000000000000000000000000000000000000000
	000000000000000000000000000000000000000000000000000000000000000000000000000000000000000000000000000000000000000000000000000000000000000000000000000000000000000000000000000000000000000000002C460000A88C000000000000000000000000000000000000000000000000000000
	00000000000000000020000000000000000000000000000000000000000000000000000000000000000000000000000000000000000000000000000000000000000000000000000000000000000000000000000000000000000000000000000000000000000000000000000000000000000000000000000000000000000000
	0000000000000000000000002A410000360400000000000000000000000000000000000000000000000000000000000000000000000000000000000000000000000000000000000000000000000000000000000000000000000000000000000000000000000000000000000000000000000000000000000000000000000000
	00000000000000000000000000000000000000000000000000000000000000000000000000800000000000000000000000000000000000000000000000000000000000000000000000000000002F4F0000A70D0000000000010001000000000000000000000000000000000000000000000000000000000000000000000000
	00000000000000000000000000000000000000000000000000000000000000000000000000000000000000000000000000000000000000000000000000000000000000000000000000000000000000000000000000000000000000000000000000000000000000000000000000000000000000000000000000000000000000
	0000000000800080000000000000002F4F0000B19800000000000000000000000000000000000000000000000000000000000000000000000000000000000000000000000000000000000000000000000000000000000000000000000000000000000000000000000000000000000000000000000000000000000000000000
	00000000000000000000000000000000000000000000000000000000000000000000000000000000000080000000000000000000000000000000000000000000000000000000000000000000000000002F4F00001B3F0000000000000000000000000000000000000000000000000000000000000000000000000000000000
	00000000000000000000000000000000000000000000000000000000000000000000000000000000000000000000000000000000000000000000000000000000000000000000000000000000000000000000000000000000000000000000000000000000000000000000000000000000000000000000000000000000000000
	00002B7200001B3F0000000000000000000000000000000000000000000000000000000000000000000000000000000000000000000000000000000000000000000000000000000000000000000000000000000000000000000000000000000000000000000000000000000000000000000000000000000000000000000000
	0000000000000000000000000000000000000000000000000000000000000000000000000000000000000000000000000000002B7200001B3F00000000000000000000000000000000000000000000000000000000000000000000000000000000000000000000000000000000000000000000000000000000000000000000
	000000000000000000000000000000000000000000000000000000000000000000000000000000000000000000000000000000000000000000000000000000000000000000000000000000000000000000000000000000000000000000000000000000002B7200003374000000000000000000000000000000000000000000
	00000000000000000000000000000000000000000000000000000000000000000000000000000000000000000000000000000000000000000000000000000000000000000017560000337400000000000000000000000000000000000000000000000000000000000000000000000000000000000000000000000000000000
	000000000000000000000000000000000000000000000000000000000000000000000000000017560000AE180000000000000000000000000000000000000000000000000000000000000000000000000000000000000000000000000000000000000000000000000000000000000000000000000000000000000000000015
	550000AE180000000000000000000000000000000000000000000000000000000000000000000000000000000000000000000000000000000000000000000000000000000000000000000000000000000000000000000015550000B29D00000000000000000000000000000000000000000000000000000000000000000000
	0000000000000000000000000000000000000000000000000000000000000000000000000000000000000000000000000000000000000000000000000000000000000000000000000000000000000000000000001E570000B4E400000004000000000000000000002200002000020000000000000000100001000010000100
	00000000000000080000808008000000000000000000000400404000040000000000000000000022000020000015540000903C00000000000000000000000000000000000000000000000000000000000000000000000000000000000000000000000000000000000000000000000000000000000000000000000000000000
	0000000000000000000000000000000000000000000000000000000000000000000000000000000000000000000000000000000000000000000000000000000000000000000000000000265D0000903C0000000000000000000000000000000000000000000000000000000000000000000000000000000000000000000000
	00000000000000000000000000000000000000000000000000000000000000000000000000000000000000000000000000000000000000000000000000000000000000000000000000000000000000000000000000000000000000000000000000000000000000265D00000ECB000000000000000000000000000000000000
	00000000000000000000000000000000000000000000000000000000000000000000000000000000000000000000000000000000000000000000000000000000000000000000000000000000000000000000000000000000000000000000000000000000000000000000000000000000000000000000000000000000245C00
	000ECB00000000000000000000000000000000000000000000000000000000000000000000000000000000000000000000000000000000000000000000000000000000000000000000000000000000000000000000000000000000000000000000000000000000000000000000000000000000000000000000000000000000
	000000000000000000000000000000000000245C00000ECB00000000000000000000000000000000000000000000000000000000000000000000000000000000000000000000000000000000000000000000000000000000000000000000000000000000000000000000000000000000000000000000000000000000000000
	000000000000000000000000000000000000000000000000000000000000000000000000000000245C00000ECB00000000000000000000000000000000000000000000000000000000000000000000000000000000000000000000000000000000000000000000000000000000000000000000000000000000000000000000
	000000000000000000000000000000000000000000000000000000000000000000000000000000000000000000000000000000000000000000000000245C00000ECB00000000000000000000000000000000000000000000000000000000000000000000000000000000000000000000000000000000000000000000000000
	000000000000000000000000000000000000000000000000000000000000000000000000000000000000000000000000000000000000000000000000000000000000000000000000000000000000000000245C00000ECB00000000000000000000000000000000000000000000000000000000000000000000000000000000
	000000000000000000000000000000000000000000000000000000000000000000000000000000000000000000000000000000000000000000000000000000000000000000000000000000000000000000000000000000000000000000000000000000000000245C00000ECB00000000000000000000000000000000000000
	000000000000000000000000000000000000000000000000000000000000000000000000000000000000000000000000000000000000000000000000000000000000000000000000000000000000000000000000000000000000000000000000000000000000000000000000000000000000000000000000000000245C0000
	1B3F0000000000000000000000000000000000000000000000000000000000000000000000000000000000000000000000000000000000000000000000000000000000000000000000000000000000000000000000000000000000000000000000000000000000000000000000000000000000000000000000000000000000
	0000000000000000000000000000000000000000000000000000000000000000000000000000000000000000002B7200001B3F00000000000000000000000000000000000000000000000000000000000000000000000000000000000000000000000000000000000000000000000000000000000000000000000000000000
	000000000000000000000000000000000000000000000000000000000000000000000000000000000000000000000000000000000000000000000000000000000000000000000000000000000000000000000000000000000000000000002B7200001B3F000000000000000000000000000000000000000000000000000000
	00000000000000000000000000000000000000000000000000000000000000000000000000000000000000000000000000000000000000000000000000000000000000000000000000000000000000000000000000000000000000000000000000000000000000000000000000000000000000000000000000000000000000
	000000000000000000000000000000002B720000FCDA000000000000000000000000000000000000000000000000000000000000000000000000000000000000000000000000000000000000000000000000000000000000000000000000000000000000000000000000000000000000000000000000000000000000000000
	00000000000000000000000000000000000000000000000000000000000000000000000000000000000000000000000000000000000000000029710000341900000000000000000000000000000000000000000000000000000000000000000000000000000000000000000000000000000000000008000000000000000000
	0000000000000000000000000000000000000000000000000000000000000000000000000000000000000000000000000000000000000000000000000000000000000000000000000000000000000000000000000000000000000000000000000000000000000000000000000000000000002D730000E94D00000000000000
	00000000000000000000000000000000000000000000000000000000000000000000000000000000000000000000000000000000000000000000000000000000000000000000000000000000000000000000000000000000000000000000000000000000000000000000000000000000000000000000000000000000000000
	00000000000000000000000000000000000000000000000000000000000000000000000000000000000000002D730000C5810000000000000000000000000000000000000000000000000000000000000000000000000000000000000000000000000000000008000000000000000000000000000000000000000000000000
	00000000000000000000000000000000000000000000000000000000000000000000000000000000000000000000000000000000000000000000000000000000000000000000000000000000000000000000000000000000000000000000000000000000002D73000049E40000000000000000000000000000000000000000
	00000000000000000000000000000000000000000000000000000000000000000000000000000000000000000000000000000000000000000000000000000000000000000000000000000000000000000000000000000000000000000000000000000000000000000000000000000000000000000000000000000000000000
	0000000000000000000000000000000000000000000000000000002C50000049E400000000000000000000000000000000000000000000000000000000000000000000000000000000000000000000000000000000000000000000000000000000000000000000000000000000000000000000000000000000000000000000
	00000000000000000000000000000000000000000000000000000000000000000000000000000000000000000000000000000000000000000000000000000000000000000000000000000000000000002C500000D1AE0000000000010000000000000000000000000000000000000000000000000000000000000000000000
	00000000000000000000000000000000000000000000000000000000000000000000000000000000000000000000000000000000000000000000000000000000000000000000000000000000000000000000000000000000000000000000000000000000000000000000000000000000000000000000000000000000000000
	8000000000002C500000F79E0000000000000000000000000000000000000000000000000000000000000000000000000000000000000000000000000000000000000000000000000000000000000000000000000000000000000000000000000000000000000000000018470000F1F1000000000000000100000000000000
	000000000000000000000000000000000000000000000000000000000000000000000000000000000000000000000000000000000000000000000000000000000000000000800000000000000000001847000009550000B52456E84A9AA956B76454A84A9ABB56A56454A8DA9E2B72A544D4AC5BBA2A52A544DDAD52BB2A52
	ED4495BF52A96A52ADD6952D52A96ED22956152D76A94AD2295F352456E94A9B2956376454A94A9B3B56256454A9000F17480000C0550000000200400000000000084900000000000020000000002404008000000000001000001200000200400000000000084900000000000E4A000048F200000008004000000200000000
	00000010000000000000008004002001000000000000000800000000000000400000020010008000000000040000000000000020000000000100080040000002000000000000001000000000000000000018490000567B00000000000400000000000020000200002000000000000000020000000010000100001000000000
	0000000000018000080000800000000800000000000000004000040000400000000000040000000000002000020000200000000000001842000099BC00000000000000000000000000000000000000000000000000000000000000000000000000000000000000000000000000000000000000000000000000000000000000
	000000000000000000000000000000000000000000000017430000EBF2000000000000000000000000000000000000000000000000000000000000000000000000000000000000000000000000000000000000000000000000000000000000000000000000000000000000000000000000000016440000EBF2000000000000
	000000000000000000000000000000000000000000000000000000000000000000000000000000000000000000000000000000000000000000000000000000000000000000000000000000000000000016440000EF800000000000010001000000000000000000000000000000000000000000000000000000000000000000
	00000000000000000000000000000000000000000000000000000000000000000000000000000000008000800000000000174E0000E17B000000000000000000000000000000000000000000000000000000000000000000000000000000000000000000000000000000000000000000000000000000000000000000000000
	000000000000000000000000000000000000174E00001A2600000000000000000000000000000000000000000000000000000000000000000000000000000000000000000000000000000000000000000000000000000000000000000000000000000000000000000000000000000000000000000000184D000002A1000000
	00020012409040800800080000000000000000000000000100090048204020000400040000000000000000000000000480248020100010000200020000000000000000000002001240104000080008000100010000000000000000184D0000CB27000000000001000000000000000000000000000000000000000000000000
	00000000000000000000000000000000000000000000000000000000000000000000000000000000000000000000000000000000000000000000000000000000184D00004B92000000000000000000000000000000000000000000000000000000000000000000000000000000000000000000000000000000000000000000
	000000000000000000000000000000000000000000000000000000000000000000000000000000000000000000000000000000000000000000000000000000000000000000000000000000000000000000000000000000000000000000000000000000000000008000000000008000000000000000000000002D4C000031A8
	00000000000000010000000000000000000000000000000000000000000000000000000000000000000000000000000000000000000000000000000000000000000000000000000000000000000000000000000000000000000000000000000000000000000000000000000000000000000000000000000000000000000000
	0000000000000000000000000000000000000000000000000000000000000000000000000000000000000000000000000000002D4C000082F500000000000000000000000000000000000000000000000000000000000000000000000000000000000000000000000000000000000000000000000000000000000000000000
	000000000000000000000000000000000000000000000000000000000000000000000000000000000000000000000000000000000000000000000000000000000000000000000000000000000000000000000000000000000000000000000000000000000000000000000000000000002E4B0000CBBE000000000000000000
	00000000000000000000000000000000000000000000000000000000000000000000000000000000000000000000000000000000000000000000000000000000000000000000000000000000000000000000000000000000000000000000000000000000000000000000000000000000000000000000000000000000000000
	000000000000000000000000000000000000000000000000000000000000000080000000000000000000000000002E4B00005714000000000000000000000000000000000000000000000000000000000000000000000000000000000000000000000000000000000000000000000000000000000000000000000000000000
	00000000000000000000000000000000000000000000000000000000000000000000000000000000000000000000000000000000000000000000000000000000000000000000000000000000000000000000000000800000000000000000000000000000000000000000002E4B0000E8760000000000000000000000000000
	00000000000000000000000000000000000000000000000000000000000000000000000000000000000000000000000000000000000000000000000000000000000000000000000000000000000000000000000000000000000000000000000000000000000000000000000000000000000000000000000000000000000000
	000000000000000000000000000000000000000000000000000000000000000000000000002D400000E876000000000000000000000000000000000000000000000000000000000000000000000000000000000000000000000000000000000000000000000000000000000000000000000000000000000000000000000000
	000000000000000000000000000000000000000000000000000000000000000000000000000000000000000000000000000000000000000000000000000000000000000000000000000000000000000000000000000000000000000000002D400000E876000000000000000000000000000000000000000000000000000000
	00000000000000000000000000000000000000000000000000000000000000000000000000000000000000000000000000000000000000000000000000000000000000000000000000000000000000000000000000000000000000000000000000000000000000000000000000000000000000000000000000000000000000
	0000000000000000000000000000000000000000000000002D400000E87600000000000000000000000000000000000000000000000000000000000000000000000000000000000000000000000000000000000000000000000000000000000000000000000000000000000000000000000000000000000000000000000000
	0000000000000000000000000000000000000000000000000000000000000000000000000000000000000000000000000000000000000000000000000000000000000000000000000000000000000000002D400000CFCE00000000000100010000000000000000000000000000000000000000000000000000000000000000
	00000000000000000000000000000000000000000000000000000000000000000000000000000000000000000000000000000000000000000000000000000000000000000000000000000000000000000000000000000000000000000000000000000000000000000000000000000000000000000000000000000000000000
	0000000000800080000000000000002E450000951A00000000000000000000000000000000000000000000000000000000000000000000000000000000000000000000000000000000000000000000000000000000000000000000000000000000000000000000000000000000000000000000000000000000000000000000
	000000000000000000000000000000000000000000000000000000000000000000000000000000000000000000000000000000000000000000000000000000000000000000000000000000002E45000027C2000000000000000000000000000000000000000000000000000000000000000000000000000000000000000000
	00000000000000000000000000000040000000000000000000000000000000000000000000000000000000000000000000000000000000000000000000000000000000000000000000000000000000000000000000000000000000000000000000000000000000000000000000000000000000000000000000000000000000
	00002C46000019AA0000000000000000000000000000000000000000000000000000000000000000000008000000000000000000000000000000000000000000000000000000000000000000000000000000000000000000000000000000000000000000000000000000000000000000000000000000000000000000000000
	000000000000000000000000000000000000000000000000000000000000000000000000000000000000000000000000000000000000002C4600000C0D000000000000000000000000000000000000000000000000000000000000000000000000000000000000000000000000000000000000000000000000000000000000
	0000000000004000000000000000000000000000000000000000000000000000000000000000000000000000000000000000000000000000000000000000000000000000000000000000000000000000000000000000000000000000000000000000000000000000000000002C4600003F6100000000000000000000000000
	00000000000000000000000000000000000000000000000000000000000000000000000000000000000000000000000000000000000000000000000000400000000000000000000000000040000000000000000000000000000000000000000000000000000000000000000000000000000000000000000000000000000000
	00000000000000000000000000000000000000000000000000002A410000FEAD0000000000000000000000000000000000000000000000000000000000000000000000000000000000000000000000000000000000000000000000000000000000000000000000000000000000000000000000000000000000000000000000
	000000000000000000000000000000000000000000000000000000000000000000000000000000000000000000800000000000000000000000000000000000000000000000000000008000000000000000000000000000000000002F4F0000FEAD000000000000000000000000000000000000000000000000000000000000
	00000000000000000000000000000000000000000000000000000000000000000000000000000000000000000000000000000000000000000000000000000000000000000000000000000000000000000000000000000000000000000000000000000000000000000000000000008000000000000000000000000000000000
	00000000000000000000008000000000000000000000000000000000002F4F00005F780000000000000000000000000000000000000000000000000000000000000000000000000000000000000000000000000000000000000000000000000000000000000000000000000000000000000000000000000000000000000000
	000000000000000000000000000000000000000000000000000000000000000000000000000000000000000000000000000000000000000000000000000000000000000000000000000000000000000000000000000000000000000000002F4F00008525000000000000000100000000000000000000000000000000000000
	00000000000000000000000000000000000000000000000000000000000000000000000000000000000000000000000000000000000000000000000000000000000000000000000000000000000000000000000000000000000000000000000000000000000000000000000000000000000000000000000000000000000000
	00000000000000000000000000000000000000002C50000049E40000000000000000000000000000000000000000000000000000000000000000000000000000000000000000000000000000000000000000000000000000000000000000000000000000000000000000000000000000000000000000000000000000000000
	000000000000000000000000000000000000000000000000000000000000000000000000000000000000000000000000000000000000000000000000000000000000000000000000002C50000049E4000000000000000000000000000000000000000000000000000000000000000000000000000000000000000000000000
	0000000000000000000000000000000000000000000000000000000000000000000000000000000000000000000000000000000000000000000000000000000000000000000000000000000000000000000000000000000000000000000000000000000000000000000000000000000000000000000000000000000000002C
	500000F79E0000000000000000000000000000000000000000000000000000000000000000000000000000000000000000000000000000000000000000000000000000000000000000000000000000000000000000000000000000000000000000000018470000F79E00000000000000000000000000000000000000000000
	0000000000000000000000000000000000000000000000000000000000000000000000000000000000000000000000000000000000000000000000000000000000000000000000001847000007AE0000B52456E94A9BA956B76454A84A9ABB56A56454A8DA9E2B72A544D4AC5BBA2A52A544DDAD52BB2A52ED4495BF52A96A
	52ADD6952D52A96ED22956152D76A94AD2295F352456E94A9B2956376454A94A9BBB56A56454A9000F17480000C0550000000200400000000000084900000000000020000000002404008000000000001000001200000200400000000000084900000000000E4A000048F20000000800400000020000000000000010000000
	000000008004002001000000000000000800000000000000400000020010008000000000040000000000000020000000000100080040000002000000000000001000000000000000000018490000567B0000000000040000000000002000020000200000000000000002000000001000010000100000000000000000000180
	00080000800000000800000000000000004000040000400000000000040000000000002000020000200000000000001842000082130000000000010000000000000000000000000000000000000000000000000000000000000000000000000000000000000000000000000000000000000000000000000000000000000000
	0000000000000000000080000000000017430000EBF2000000000000000000000000000000000000000000000000000000000000000000000000000000000000000000000000000000000000000000000000000000000000000000000000000000000000000000000000000016440000C7CC00000000000000010000000000
	0000000000000000000000000000000000000000000000000000000000000000000000000000000000000000000000000000000000000000000000000000008000000000000000000016440000E17B000000000000000000000000000000000000000000000000000000000000000000000000000000000000000000000000
	000000000000000000000000000000000000000000000000000000000000000000000000000000000000174E0000E17B00000000000000000000000000000000000000000000000000000000000000000000000000000000000000000000000000000000000000000000000000000000000000000000000000000000000000
	0000000000000000000000174E00001A2600000000000000000000000000000000000000000000000000000000000000000000000000000000000000000000000000000000000000000000000000000000000000000000000000000000000000000000000000000000000000000000184D000002A100000000020012409040
	800800080000000000000000000000000100090048204020000400040000000000000000000000000480248020100010000200020000000000000000000002001240104000080008000100010000000000000000184D00001A2600000000000000000000000000000000000000000000000000000000000000000000000000
	000000000000000000000000000000000000000000000000000000000000000000000000000000000000000000000000000000000000000000184D0000FD6900000000000000000000000000000000000000000000000000000000000000000000000000000000000000000000000000000000000000000000000000000000
	0000000000000000000000000000000000000000000000000000000000000000000000000000000000000000000000000000000000000000000000000000000000000000000000000000000000000000000000000000000000000000000000000000000000000000000000000000000000002D4C0000FD6900000000000000
	00000000000000000000000000000000000000000000000000000000000000000000000000000000000000000000000000000000000000000000000000000000000000000000000000000000000000000000000000000000000000000000000000000000000000000000000000000000000000000000000000000000000000
	00000000000000000000000000000000000000000000000000000000000000000000000000000000000000002D4C0000AD7A0000000000010001000000000000000000000000000000000000000000000000000000000000000000000000000000000000000000000000000000000000000000000000000000000000000000
	0000000000000000000000000000000000000000000000000000000000000000000000000000000000000000000000000000000000000000000000000000000000000000000000000000000000000000000000000000000000000000000000000080008000000000002E4B000082F500000000000000000000000000000000
	00000000000000000000000000000000000000000000000000000000000000000000000000000000000000000000000000000000000000000000000000000000000000000000000000000000000000000000000000000000000000000000000000000000000000000000000000000000000000000000000000000000000000
	0000000000000000000000000000000000000000000000000000000000000000000000000000002E4B000082F500000000000000000000000000000000000000000000000000000000000000000000000000000000000000000000000000000000000000000000000000000000000000000000000000000000000000000000
	000000000000000000000000000000000000000000000000000000000000000000000000000000000000000000000000000000000000000000000000000000000000000000000000000000000000000000000000000000000000000000000000000000002E4B0000E876000000000000000000000000000000000000000000
	00000000000000000000000000000000000000000000000000000000000000000000000000000000000000000000000000000000000000000000000000000000000000000000000000000000000000000000000000000000000000000000000000000000000000000000000000000000000000000000000000000000000000
	0000000000000000000000000000000000000000000000000000000000002D400000397700000000000100000000000000000000000000000000000000000000000000000000000000000000000000000000000000000000000000000000000000000000000000000000000000000000000000000000000000000000000000
	0000000000000000000000000000000000000000000000000000000000000000000000000000000000000000000000000000000000000000000000000000000000000000000000000000000000000000000000000000002D400000E87600000000000000000000000000000000000000000000000000000000000000000000
	00000000000000000000000000000000000000000000000000000000000000000000000000000000000000000000000000000000000000000000000000000000000000000000000000000000000000000000000000000000000000000000000000000000000000000000000000000000000000000000000000000000000000
	00000000000000000000000000000000002D40000024B70000000000000001000000000000000000000000000000000000000000000000000000000000000000000000000000000000000000000000000000000000000000000000000000000000000000000000000000000000000000000000000000000000000000000000
	00000000000000000000000000000000000000000000000000000000000000000000000000000000000000000000000000000000000000000000000000000000000000000000000000002D400000951A0000000000000000000000000000000000000000000000000000000000000000000000000000000000000000000000
	00000000000000000000000000000000000000000000000000000000000000000000000000000000000000000000000000000000000000000000000000000000000000000000000000000000000000000000000000000000000000000000000000000000000000000000000000000000000000000000000000000000000000
	00000000000000002E450000951A0000000000000000000000000000000000000000000000000000000000000000000000000000000000000000000000000000000000000000000000000000000000000000000000000000000000000000000000000000000000000000000000000000000000000000000000000000000000
	0000000000000000000000000000000000000000000000000000000000000000000000000000000000000000000000000000000000000000000000000000000000000000002E4500001CE400000000000000000000000000000000000000000000000000000000000000000000000000000000000000000000000000000000
	00000000000000000000000000000000000000000000000000000000000000000000000000000000000000000000000000000000000000000000000000000000000000000000000000000000000000000000000000000000000000000000000000000000000000000000000000000000800000000000000000002C460000D8
	C3000000000000000000000000000000000000000000000000000000000000000000000000000000000000000000000000000000000000000000000000000000000000000000000000000000000000000000000000000000000000000000000000000000000000000000000000000000000000000000000000000000000000
	0000000000000000000000000000000000000000000000000000000000000000000000000000000000000000000000002C460000D8C300000000000000000000000000000000000000000000000000000000000000000000000000000000000000000000000000000000000000000000000000000000000000000000000000
	00000000000000000000000000000000000000000000000000000000000000000000000000000000000000000000000000000000000000000000000000000000000000000000000000000000000000000000000000000000000000000000000000000000002C4600006B350000000000000000000000000000000000000000
	00000000000000000000000000000000000000000000000000000000000000000000000000000000000000000000000000000000000000000000000000000000000000000000000000000000000000000000000000000000000000000000000000000000000000000000000000000000000000000000000000000000000000
	000000000000000000000000000000000000002A4100005F78000000000000000000000000000000000000000000000000000000000000000000000000000000000000000000000000000000000000000000000000000000000000000000000000000000000000000000000000000000000000000000000000000000000000
	0000000000000000000000000000000000000000000000000000000000000000000000000000000000000000000000000000000000000000000000000000000000000000000000000000000000000000000000002F4F0000A70D00000000000100010000000000000000000000000000000000000000000000000000000000
	00000000000000000000000000000000000000000000000000000000000000000000000000000000000000000000000000000000000000000000000000000000000000000000000000000000000000000000000000000000000000000000000000000000000000000000000000000000000000000000000000000000000000
	000000000000000000000000800080000000000000002F4F00005F78000000000000000000000000000000000000000000000000000000000000000000000000000000000000000000000000000000000000000000000000000000000000000000000000000000000000000000000000000000000000000000000000000000
	0000000000000000000000000000000000000000000000000000000000000000000000000000000000000000000000000000000000000000000000000000000000000000000000000000000000000000000000000000002F4F000049E400000000000000000000000000000000000000000000000000000000000000000000
	00000000000000000000000000000000000000000000000000000000000000000000000000000000000000000000000000000000000000000000000000000000000000000000000000000000000000000000000000000000000000000000000000000000000000000000000000000000000000000000000000000000000000
	000000000000000000000000002C50000049E4000000000000000000000000000000000000000000000000000000000000000000000000000000000000000000000000000000000000000000000000000000000000000000000000000000000000000000000000000000000000000000000000000000000000000000000000
	0000000000000000000000000000000000000000000000000000000000000000000000000000000000000000000000000000000000000000000000000000000000002C50000049E400000000000000000000000000000000000000000000000000000000000000000000000000000000000000000000000000000000000000
	00000000000000000000000000000000000000000000000000000000000000000000000000000000000000000000000000000000000000000000000000000000000000000000000000000000000000000000000000000000000000000000000000000000000000000000000000000000000000000000002C500000F79E0000
	000000000000000000000000000000000000000000000000000000000000000000000000000000000000000000000000000000000000000000000000000000000000000000000000000000000000000000000000000000000000000018470000F79E0000000000000000000000000000000000000000000000000000000000
	00000000000000000000000000000000000000000000000000000000000000000000000000000000000000000000000000000000000000000000000000000000001847000009550000B52456E84A9AA956B76454A84A9ABB56A56454A8DA9E2B72A544D4AC5BBA2A52A544DDAD52BB2A52ED4495BF52A96A52ADD6952D52A9
	6ED22956152D76A94AD2295F352456E94A9B2956376454A94A9B3B56256454A9000F17480000C0550000000200400000000000084900000000000020000000002404008000000000001000001200000200400000000000084900000000000E4A00004E9D000000080040000102000000000000001000000000000000800400
	2001000000000000000800000000000000400000020010008000000000040000000000000020000000000100080040000002000000000000009000000000000000000018490000567B000000000004000000000000200002000020000000000000000200000000100001000010000000000000000000018000080000800000
	000800000000000000004000040000400000000000040000000000002000020000200000000000001842000099BC000000000000000000000000000000000000000000000000000000000000000000000000000000000000000000000000000000000000000000000000000000000000000000000000000000000000000000
	00000000000000000017430000EBF2000000000000000000000000000000000000000000000000000000000000000000000000000000000000000000000000000000000000000000000000000000000000000000000000000000000000000000000000000016440000EBF20000000000000000000000000000000000000000
	00000000000000000000000000000000000000000000000000000000000000000000000000000000000000000000000000000000000000000000000000000000000016440000EF8000000000000100010000000000000000000000000000000000000000000000000000000000000000000000000000000000000000000000
	0000000000000000000000000000000000000000000000000000008000800000000000174E0000E17B0000000000000000000000000000000000000000000000000000000000000000000000000000000000000000000000000000000000000000000000000000000000000000000000000000000000000000000000000000
	00000000174E00001A2600000000000000000000000000000000000000000000000000000000000000000000000000000000000000000000000000000000000000000000000000000000000000000000000000000000000000000000000000000000000000000000184D000002A10000000002001240904080080008000000
	0000000000000000000100090048204020000400040000000000000000000000000480248020100010000200020000000000000000000002001240104000080008000100010000000000000000184D00001A260000000000000000000000000000000000000000000000000000000000000000000000000000000000000000
	0000000000000000000000000000000000000000000000000000000000000000000000000000000000000000000000000000184D0000FD690000000000000000000000000000000000000000000000000000000000000000000000000000000000000000000000000000000000000000000000000000000000000000000000
	00000000000000000000000000000000000000000000000000000000000000000000000000000000000000000000000000000000000000000000000000000000000000000000000000000000000000000000000000000000000000000000000000000000000000000000002D4C0000FD690000000000000000000000000000
	00000000000000000000000000000000000000000000000000000000000000000000000000000000000000000000000000000000000000000000000000000000000000000000000000000000000000000000000000000000000000000000000000000000000000000000000000000000000000000000000000000000000000
	000000000000000000000000000000000000000000000000000000000000000000000000002D4C000082F5000000000000000000000000000000000000000000000000000000000000000000000000000000000000000000000000000000000000000000000000000000000000000000000000000000000000000000000000
	00000000000000000000000000000000000000000000000000000000000000000000000000000000000000000000000000000000000000000000000000000000000000000000000000000000000000000000000000000000000000000000000000002E4B000082F50000000000000000000000000000000000000000000000
	00000000000000000000000000000000000000000000000000000000000000000000000000000000000000000000000000000000000000000000000000000000000000000000000000000000000000000000000000000000000000000000000000000000000000000000000000000000000000000000000000000000000000
	00000000000000000000000000000000000000000000000000000000000000002E4B00003BE60000000000000001000000000000000000000000000000000000000000000000000000000000000000000000000000000000000000000000000000000000000000000000000000000000000000000000000000000000000000
	0000000000000000000000000000000000000000000000000000000000000000000000000000000000000000000000000000000000000000000000000000000000000000000000000000000000000000000000000080000000000000002E4B0000E87600000000000000000000000000000000000000000000000000000000
	00000000000000000000000000000000000000000000000000000000000000000000000000000000000000000000000000000000000000000000000000000000000000000000000000000000000000000000000000000000000000000000000000000000000000000000000000000000000000000000000000000000000000
	00000000000000000000000000000000000000000000002D400000E8760000000000000000000000000000000000000000000000000000000000000000000000000000000000000000000000000000000000000000000000000000000000000000000000000000000000000000000000000000000000000000000000000000
	00000000000000000000000000000000000000000000000000000000000000000000000000000000000000000000000000000000000000000000000000000000000000000000000000000000000000002D400000E8760000000000000000000000000000000000000000000000000000000000000000000000000000000000
	00000000000000000000000000000000000000000000000000000000000000000000000000000000000000000000000000000000000000000000000000000000000000000000000000000000000000000000000000000000000000000000000000000000000000000000000000000000000000000000000000000000000000
	000000000000000000002D400000E876000000000000000000000000000000000000000000000000000000000000000000000000000000000000000000000000000000000000000000000000000000000000000000000000000000000000000000000000000000000000000000000000000000000000000000000000000000
	000000000000000000000000000000000000000000000000000000000000000000000000000000000000000000000000000000000000000000000000000000000000002D400000CFCE000000000001000100000000000000000000000000000000000000000000000000000000000000000000000000000000000000000000
	00000000000000000000000000000000000000000000000000000000000000000000000000000000000000000000000000000000000000000000000000000000000000000000000000000000000000000000000000000000000000000000000000000000000000000000000000000000000000000000800080000000000000
	002E450000951A000000000000000000000000000000000000000000000000000000000000000000000000000000000000000000000000000000000000000000000000000000000000000000000000000000000000000000000000000000000000000000000000000000000000000000000000000000000000000000000000
	00000000000000000000000000000000000000000000000000000000000000000000000000000000000000000000000000000000000000000000000000002E450000D8C30000000000000000000000000000000000000000000000000000000000000000000000000000000000000000000000000000000000000000000000
	000000000000000000000000000000000000000000000000000000000000000000000000000000000000000000000000000000000000000000000000000000000000000000000000000000000000000000000000000000000000000000000000000000000000000000000000000000000000002C460000D8C3000000000000
	00000000000000000000000000000000000000000000000000000000000000000000000000000000000000000000000000000000000000000000000000000000000000000000000000000000000000000000000000000000000000000000000000000000000000000000000000000000000000000000000000000000000000
	00000000000000000000000000000000000000000000000000000000000000000000000000000000002C460000BBD90000000000000000000000000000000000000000000000000000000000000000000000000000000000000000000000000000000000000000000000000000000000000000000000000000000000000000
	000000000000000000000000000000000000000000000000000000000000000000000000000000000000000000000000000000000000000000000000000000000000000000000000000000000000000000000000000080000000000000002C4600006B35000000000000000000000000000000000000000000000000000000
	00000000000000000000000000000000000000000000000000000000000000000000000000000000000000000000000000000000000000000000000000000000000000000000000000000000000000000000000000000000000000000000000000000000000000000000000000000000000000000000000000000000000000
	0000000000000000000000002A410000790700000000000000000000000000000000000008000000000000000000000000000000000000000000000000000000000000000000000000000000000000000000000000000000000000000000000000000000000000000000000000000000000000000000000000000000000000
	00000000000000000000000000000000000000000000000000000000000000000000000000000000000000000000000000000000000000000000000000000000000000800000000000000000002F4F00005F780000000000000000000000000000000000000000000000000000000000000000000000000000000000000000
	00000000000000000000000000000000000000000000000000000000000000000000000000000000000000000000000000000000000000000000000000000000000000000000000000000000000000000000000000000000000000000000000000000000000000000000000000000000000000000000000000000000000000
	0000000000000000000000000000002F4F00009DFF00000000000000000000000000000000080000000000000000000000000000000000000000000000000000000000000000000000000000000000000000000000000000000000000000000000000000000000000000000000000000000000000000000000000000000000
	00000000000000000000000000000000000000000000000000000000000000000000000000000000000000000000000000000000000000000000000000000000000000000000000000000000000000002F4F000085250000000000000001000000000000000000000000000000000000000000000000000000000000000000
	00000000000000000000000000000000000000000000000000000000000000000000000000000000000000000000000000000000000000000000000000000000000000000000000000000000000000000000000000000000000000000000000000000000000000000000000000000000000000000000000000000000000000
	0000000000002C50000049E400000000000000000000000000000000000000000000000000000000000000000000000000000000000000000000000000000000000000000000000000000000000000000000000000000000000000000000000000000000000000000000000000000000000000000000000000000000000000
	00000000000000000000000000000000000000000000000000000000000000000000000000000000000000000000000000000000000000000000002C50000049E40000000000000000000000000000000000000000000000000000000000000000000000000000000000000000000000000000000000000000000000000000
	000000000000000000000000000000000000000000000000000000000000000000000000000000000000000000000000000000000000000000000000000000000000000000000000000000000000000000000000000000000000000000000000000000000000000000000000000000002C500000F79E000000000000000000
	0000000000000000000000000000000000000000000000000000000000000000000000000000000000000000000000000000000000000000000000000000000000000000000000000000000000000000000000000018470000F79E000000000000000000000000000000000000000000000000000000000000000000000000
	000000000000000000000000000000000000000000000000000000000000000000000000000000000000000000000000000000000000000000001847000007AE0000B52456E94A9BA956B76454A84A9ABB56A56454A8DA9E2B72A544D4AC5BBA2A52A544DDAD52BB2A52ED4495BF52A96A52ADD6952D52A96ED22956152D76
	A94AD2295F352456E94A9B2956376454A94A9BBB56A56454A9000F17480000C0550000000200400000000000084900000000000020000000002404008000000000001000001200000200400000000000084900000000000E4A000048F200000008004000000200000000000000100000000000000080040020010000000000
	00000800000000000000400000020010008000000000040000000000000020000000000100080040000002000000000000001000000000000000000018490000567B00000000000400000000000020000200002000000000000000020000000010000100001000000000000000000001800008000080000000080000000000
	00000040000400004000000000000400000000000020000200002000000000000018420000531200000000000000000000000000000000000000000000000000000000000000000000000000000000000000000000000000000000000000000000000000000000000000000000000000000000000000000000000080000000
	000017430000EBF20000000000000000000000000000000000000000000000000000000000000000000000000000000000000000000000000000000000000000000000000000000000000000000000000000000000000000000000000000164400000B0D000000000000000000000000000000000000000000000000000000
	000000000000000000000000000000000000000000000000000000000000000000000000000000000000000000000000008000000000000000000016440000E17B0000000000000000000000000000000000000000000000000000000000000000000000000000000000000000000000000000000000000000000000000000
	00000000000000000000000000000000000000000000000000000000174E0000E17B000000000000000000000000000000000000000000000000000000000000000000000000000000000000000000000000000000000000000000000000000000000000000000000000000000000000000000000000000000000000174E00
	00D6E700000000000000010000000000000000000000000000000000000000000000000000000000000000000000000000000000000000000000000000000000000000000000000000000000000000000000000000000000000000000000000000184D000002A1000000000200124090408008000800000000000000000000
	00000100090048204020000400040000000000000000000000000480248020100010000200020000000000000000000002001240104000080008000100010000000000000000184D00001A26000000000000000000000000000000000000000000000000000000000000000000000000000000000000000000000000000000
	00000000000000000000000000000000000000000000000000000000000000000000000000000000000000184D0000FD69000000000000000000000000000000000000000000000000000000000000000000000000000000000000000000000000000000000000000000000000000000000000000000000000000000000000
	000000000000000000000000000000000000000000000000000000000000000000000000000000000000000000000000000000000000000000000000000000000000000000000000000000000000000000000000000000000000000000000000000000002D4C0000FD69000000000000000000000000000000000000000000
	00000000000000000000000000000000000000000000000000000000000000000000000000000000000000000000000000000000000000000000000000000000000000000000000000000000000000000000000000000000000000000000000000000000000000000000000000000000000000000000000000000000000000
	0000000000000000000000000000000000000000000000000000000000002D4C0000AD7A00000000000100010000000000000000000000000000000000000000000000000000000000000000000000000000000000000000000000000000000000000000000000000000000000000000000000000000000000000000000000
	000000000000000000000000000000000000000000000000000000000000000000000000000000000000000000000000000000000000000000000000000000000000000000000000000000000000000000000080008000000000002E4B000082F5000000000000000000000000000000000000000000000000000000000000
	00000000000000000000000000000000000000000000000000000000000000000000000000000000000000000000000000000000000000000000000000000000000000000000000000000000000000000000000000000000000000000000000000000000000000000000000000000000000000000000000000000000000000
	000000000000000000000000000000000000000000000000002E4B000082F5000000000000000000000000000000000000000000000000000000000000000000000000000000000000000000000000000000000000000000000000000000000000000000000000000000000000000000000000000000000000000000000000
	00000000000000000000000000000000000000000000000000000000000000000000000000000000000000000000000000000000000000000000000000000000000000000000000000000000000000000000000000002E4B0000E8760000000000000000000000000000000000000000000000000000000000000000000000
	00000000000000000000000000000000000000000000000000000000000000000000000000000000000000000000000000000000000000000000000000000000000000000000000000000000000000000000000000000000000000000000000000000000000000000000000000000000000000000000000000000000000000
	000000000000000000000000000000002D400000EE81000000000000000000000000000000000000000000000000000000000000000000000000000000000000000000000000000000000000000000000000000000000000000000000000000000000000000000000000000000000000000000000000000000000000000000
	000000000000000000000000000000000000000000000000000000000000000000000000000000000000000000000000000000000000000000000000000000000080000000000000002D400000E876000000000000000000000000000000000000000000000000000000000000000000000000000000000000000000000000
	00000000000000000000000000000000000000000000000000000000000000000000000000000000000000000000000000000000000000000000000000000000000000000000000000000000000000000000000000000000000000000000000000000000000000000000000000000000000000000000000000000000000000
	0000002D400000A13D00000000000000000000000000000000000000000000000000000000000000000000000000000000000000000000000000000000000000000000000000000000000000000000000000000000000000000000000000000000000000000000000000000000000000000000000000000000000000000000
	0000000000000000000000000000000000000000000000000000000000000000000000000000000000000000000000000000800000000000000000002D400000951A00000000000000000000000000000000000000000000000000000000000000000000000000000000000000000000000000000000000000000000000000
	000000000000000000000000000000000000000000000000000000000000000000000000000000000000000000000000000000000000000000000000000000000000000000000000000000000000000000000000000000000000000000000000000000000000000000000000000000000000000000000000002E450000951A
	00000000000000000000000000000000000000000000000000000000000000000000000000000000000000000000000000000000000000000000000000000000000000000000000000000000000000000000000000000000000000000000000000000000000000000000000000000000000000000000000000000000000000
	000000000000000000000000000000000000000000000000000000000000000000000000000000000000000000000000000000000000002E4500001402000000000000000100000000000000000000000000000000000000000000000000000000000000000000000000000000000000000000000000000000000000000000
	0000000000000000000000000000000000000000000000000000000000000000000000000000000000000000000000000000000000000000000000000000000000000000000000000000000000000000000000000000000000000000000000000000000000000000000000002C460000D8C300000000000000000000000000
	00000000000000000000000000000000000000000000000000000000000000000000000000000000000000000000000000000000000000000000000000000000000000000000000000000000000000000000000000000000000000000000000000000000000000000000000000000000000000000000000000000000000000
	000000000000000000000000000000000000000000000000000000000000000000002C460000D8C3000000000000000000000000000000000000000000000000000000000000000000000000000000000000000000000000000000000000000000000000000000000000000000000000000000000000000000000000000000
	0000000000000000000000000000000000000000000000000000000000000000000000000000000000000000000000000000000000000000000000000000000000000000000000000000000000000000000000000000002C4600006B3500000000000000000000000000000000000000000000000000000000000000000000
	00000000000000000000000000000000000000000000000000000000000000000000000000000000000000000000000000000000000000000000000000000000000000000000000000000000000000000000000000000000000000000000000000000000000000000000000000000000000000000000000000000000000000
	00000000002A410000B1650000000000000000000000000000000000000800000000000000000000000000000000000000000000000000000000000000000000000000400000000000000000000000000000000000000000000000000000000000000000000000000000000000000000000000000000000000000000000000
	000000000000000000000000000000000000000000000000000000000000000000000000000000000000000000000000000000000000000000000000000000000000000000002F4F0000A70D000000000001000100000000000000000000000000000000000000000000000000000000000000000000000000000000000000
	00000000000000000000000000000000000000000000000000000000000000000000000000000000000000000000000000000000000000000000000000000000000000000000000000000000000000000000000000000000000000000000000000000000000000000000000000000000000000000000000000000000008000
	80000000000000002F4F000012000000000000000000000000000000000008000000000000000000000000000000000000000000000000000000000000000000000000000000400000000000000000000000000000000000000000000000000000000000000000000000000000000000000000000000000000000000000000
	000000000000000000000000000000000000000000000000000000000000000000000000000000000000000000000000000000000000000000000000000000000000000000000000002F4F00000E2D000000000000000000000000000000000000000000000000000000000000000000000000000000000000000000000000
	00000000000000000000000000000000000000000000000000000000000000000000000000000000000000000000000000000000000000000000000000000000000000000000000000000000000000000000000000000000000000000000000000000000000000000000000000000000000000000000000000000000000000
	00000000000000000000002F740000E60500003060000002004480081D00000000000000000000830000001025244240880000000000010000000018300000810022400400000E0000000000000000C1800000081012222041000400000000000000000C1000084080912002000000000700000000000060C0000004008918
	10210000000200000000000006000008204448908100000000000003000000003060000082004480081C000000008001000000000300000010242442408880000000000000010000000000002F74000078F500003860000002004480001C000000000000000000008300000010242442408800000000000000000000183000
	00810022400400000E0000000000000000C1800000081012222041000400000000000000000C1000084080912002000000000700000000000060C000000400891818210000000200000000000006000808204440908100080000000003000000003860000002004480001C0000000000010000000003000000102424424088
	04000000000000010000000000002F74000062820000000000000000000000010000010000000000000100000100000000000000000000000101000000000000000000000100000000000080000000000100000000800000000000000100000000800000000000000100000000800000000001000000000000800000010000
	000000000000800000000000000000000000800000000000000000008000000000000000000080800000000000000000000000000000008000000000000000000080000000000000000000000000002F74000049E4000000000000000000000000000000000000000000000000000000000000000000000000000000000000
	00000000000000000000000000000000000000000000000000000000000000000000000000000000000000000000000000000000000000000000000000000000000000000000000000000000000000000000000000000000000000000000000000000000000000000000000000000000000000000000000000000000000000
	00000000002C50000049E40000000000000000000000000000000000000000000000000000000000000000000000000000000000000000000000000000000000000000000000000000000000000000000000000000000000000000000000000000000000000000000000000000000000000000000000000000000000000000
	000000000000000000000000000000000000000000000000000000000000000000000000000000000000000000000000000000000000000000002C50000000AF000000000000000000000000000000000000000000000000000000000000000000000000000000000000000000000000000000000000000000000000000000
	0000000000000000000000000000000000000000000000000000000000000000000000000000000000000000000000000000000000000000000000000000000000000000000000000000000000000000000000000000000000000000000000000000000000000000008000000000002C500000F79E00000000000000000000
	000000000000000000000000000000000000000000000000000000000000000000000000000000000000000000000000000000000000000000000000000000000000000000000000000000000000000000000000184700003D3000000000000000000000000000000000000000000000000000000000000000000000000000
	0000000000000000000000000000000000000000000000000000000000000000000000000000000000000000000000800000000000000000001847000009550000B52456E84A9AA956B76454A84A9ABB56A56454A8DA9E2B72A544D4AC5BBA2A52A544DDAD52BB2A52ED4495BF52A96A52ADD6952D52A96ED22956152D76A9
	4AD2295F352456E94A9B2956376454A94A9B3B56256454A9000F17480000C0550000000200400000000000084900000000000020000000002404008000000000001000001200000200400000000000084900000000000E4A000084330000000800400001020000000000000010000000000000008004002001000000000000
	000800000000000000400000020010008000000000040000000000000020000000000100080040000002000000000000001000000000000000000018490000567B0000000000040000000000002000020000200000000000000002000000001000010000100000000000000000000180000800008000000008000000000000
	00004000040000400000000000040000000000002000020000200000000000001842000099BC0000000000000000000000000000000000000000000000000000000000000000000000000000000000000000000000000000000000000000000000000000000000000000000000000000000000000000000000000000000000
	0017430000EBF2000000000000000000000000000000000000000000000000000000000000000000000000000000000000000000000000000000000000000000000000000000000000000000000000000000000000000000000000000016440000EBF200000000000000000000000000000000000000000000000000000000
	0000000000000000000000000000000000000000000000000000000000000000000000000000000000000000000000000000000000000000000016440000EF80000000000001000100000000000000000000000000000000000000000000000000000000000000000000000000000000000000000000000000000000000000
	000000000000000000000000000000000000008000800000000000174E0000E17B000000000000000000000000000000000000000000000000000000000000000000000000000000000000000000000000000000000000000000000000000000000000000000000000000000000000000000000000000000000000174E0000
	1A2600000000000000000000000000000000000000000000000000000000000000000000000000000000000000000000000000000000000000000000000000000000000000000000000000000000000000000000000000000000000000000000184D000002A100000000020012409040800800080000000000000000000000
	000100090048204020000400040000000000000000000000000480248020100010000200020000000000000000000002001240104000080008000100010000000000000000184D0000CC2600000000000000000000000000000000000000000000000000000000000000000000000000000000000000000000000000000000
	000000000000000000000000000000000000000000000000000000000000000000000000800000000000184D0000FD6900000000000000000000000000000000000000000000000000000000000000000000000000000000000000000000000000000000000000000000000000000000000000000000000000000000000000
	0000000000000000000000000000000000000000000000000000000000000000000000000000000000000000000000000000000000000000000000000000000000000000000000000000000000000000000000000000000000000000000000000000002D4C0000CFAF00000000000000000000000000000000000000000000
	00000000000000000000000000000000000000000000000000000000000000000000000000000000000000000000000000000000000000000000000000000000000000000000000000000000000000000000000000000000000000000000000000000000000000000000000000000000000000000000000000000000000000
	00000000000000000000000000000000000000000000008000000000002D4C000082F50000000000000000000000000000000000000000000000000000000000000000000000000000000000000000000000000000000000000000000000000000000000000000000000000000000000000000000000000000000000000000
	0000000000000000000000000000000000000000000000000000000000000000000000000000000000000000000000000000000000000000000000000000000000000000000000000000000000000000000000000000000000002E4B000082F500000000000000000000000000000000000000000000000000000000000000
	00000000000000000000000000000000000000000000000000000000000000000000000000000000000000000000000000000000000000000000000000000000000000000000000000000000000000000000000000000000000000000000000000000000000000000000000000000000000000000000000000000000000000
	0000000000000000000000000000000000000000000000002E4B00004E3400000000000000010000000000000000000000000000000000000000000000000000000000000000000000000000000000000000000000000000000000000000000000000000000000000000000000000000000000000000000000000000000000
	000000000000000000000000000000000000000000000000000000000000000000000000000000000000000000000000000000000000000000000000000000000000000000000000000000000000000000000000002E4B0000E876000000000000000000000000000000000000000000000000000000000000000000000000
	00000000000000000000000000000000000000000000000000000000000000000000000000000000000000000000000000000000000000000000000000000000000000000000000000000000000000000000000000000000000000000000000000000000000000000000000000000000000000000000000000000000000000
	0000000000000000000000000000002D400000E87600000000000000000000000000000000000000000000000000000000000000000000000000000000000000000000000000000000000000000000000000000000000000000000000000000000000000000000000000000000000000000000000000000000000000000000
	0000000000000000000000000000000000000000000000000000000000000000000000000000000000000000000000000000000000000000000000000000000000000000000000002D400000E87600000000000000000000000000000000000000000000000000000000000000000000000000000000000000000000000000
	00000000000000000000000000000000000000000000000000000000000000000000000000000000000000000000000000000000000000000000000000000000000000000000000000000000000000000000000000000000000000000000000000000000000000000000000000000000000000000000000000000000000000
	00002D400000E8760000000000000000000000000000000000000000000000000000000000000000000000000000000000000000000000000000000000000000000000000000000000000000000000000000000000000000000000000000000000000000000000000000000000000000000000000000000000000000000000
	00000000000000000000000000000000000000000000000000000000000000000000000000000000000000000000000000000000000000000000002D400000CFCE0000000000010001000000000000000000000000000000000000000000000000000000000000000000000000000000000000000000000000000000000000
	0000000000000000000000000000000000000000000000000000000000000000000000000000000000000000000000000000000000000000000000000000000000000000000000000000000000000000000000000000000000000000000000000000000000000000000000000000800080000000000000002E450000951A00
	00000000000000000000000000000000000000000000000000000000000000000000000000000000000000000000000000000000000000000000000000000000000000000000000000000000000000000000000000000000000000000000000000000000000000000000000000000000000000000000000000000000000000
	0000000000000000000000000000000000000000000000000000000000000000000000000000000000000000000000000000000000002E450000D8C300000000000000000000000000000000000000000000000000000000000000000000000000000000000000000000000000000000000000000000000000000000000000
	00000000000000000000000000000000000000000000000000000000000000000000000000000000000000000000000000000000000000000000000000000000000000000000000000000000000000000000000000000000000000000000000000000000000000000000002C460000D8C30000000000000000000000000000
	00000000000000000000000000000000000000000000000000000000000000000000000000000000000000000000000000000000000000000000000000000000000000000000000000000000000000000000000000000000000000000000000000000000000000000000000000000000000000000000000000000000000000
	0000000000000000000000000000000000000000000000000000000000000000002C4600006AD800000000000100000000000000000000000000000000000000000000000000000000000000000000000000000000000000000000000000000000000000000000000000000000000000000000000000000000000000000000
	00000000000000000000000000000000000000000000000000000000000000000000000000000000000000000000000000000000000000000000000000000000000000000000000000000000000080000000000000002C4600006B350000000000000000000000000000000000000000000000000000000000000000000000
	00000000000000000000000000000000000000000000000000000000000000000000000000000000000000000000000000000000000000000000000000000000000000000000000000000000000000000000000000000000000000000000000000000000000000000000000000000000000000000000000000000000000000
	000000002A410000D424000000000000000100000000000000000000000000000000000000000000000000000000000000000000000000000000000000000000000000000000000000000000000000000000000000000000000000000000000000000000000000000000000000000000000000000000000000000000000000
	0000000000000000000000000000000000000000000000000000000000000000000000000000000000000000000000000000000000000000000000800000000000000000002F4F00005F7800000000000000000000000000000000000000000000000000000000000000000000000000000000000000000000000000000000
	00000000000000000000000000000000000000000000000000000000000000000000000000000000000000000000000000000000000000000000000000000000000000000000000000000000000000000000000000000000000000000000000000000000000000000000000000000000000000000000000000000000000000
	000000000000002F4F00005F78000000000000000000000000000000000000000000000000000000000000000000000000000000000000000000000000000000000000000000000000000000000000000000000000000000000000000000000000000000000000000000000000000000000000000000000000000000000000
	0000000000000000000000000000000000000000000000000000000000000000000000000000000000000000000000000000000000000000000000000000000000000000000000002F4F000049E400000000000000000000000000000000000000000000000000000000000000000000000000000000000000000000000000
	00000000000000000000000000000000000000000000000000000000000000000000000000000000000000000000000000000000000000000000000000000000000000000000000000000000000000000000000000000000000000000000000000000000000000000000000000000000000000000000000000000000002C50
	000049E4000000000000000000000000000000000000000000000000000000000000000000000000000000000000000000000000000000000000000000000000000000000000000000000000000000000000000000000000000000000000000000000000000000000000000000000000000000000000000000000000000000
	0000000000000000000000000000000000000000000000000000000000000000000000000000000000000000000000000000002C50000049E400000000000000000000000000000000000000000000000000000000000000000000000000000000000000000000000000000000000000000000000000000000000000000000
	00000000000000000000000000000000000000000000000000000000000000000000000000000000000000000000000000000000000000000000000000000000000000000000000000000000000000000000000000000000000000000000000000000000000000002C500000F79E0000000000000000000000000000000000
	000000000000000000000000000000000000000000000000000000000000000000000000000000000000000000000000000000000000000000000000000000000000000000000000000000000018470000F79E0000000000000000000000000000000000000000000000000000000000000000000000000000000000000000
	00000000000000000000000000000000000000000000000000000000000000000000000000000000000000000000000000001847000007AE0000B52456E94A9BA956B76454A84A9ABB56A56454A8DA9E2B72A544D4AC5BBA2A52A544DDAD52BB2A52ED4495BF52A96A52ADD6952D52A96ED22956152D76A94AD2295F352456
	E94A9B2956376454A94A9BBB56A56454A9000F17480000C0550000000200400000000000084900000000000020000000002404008000000000001000001200000200400000000000084900000000000E4A000048F2000000080040000002000000000000001000000000000000800400200100000000000000080000000000
	0000400000020010008000000000040000000000000020000000000100080040000002000000000000001000000000000000000018490000567B000000000004000000000000200002000020000000000000000200000000100001000010000000000000000000018000080000800000000800000000000000004000040000
	4000000000000400000000000020000200002000000000000018420000821300000000000100000000000000000000000000000000000000000000000000000000000000000000000000000000000000000000000000000000000000000000000000000000000000000000000000000000000080000000000017430000EBF2
	000000000000000000000000000000000000000000000000000000000000000000000000000000000000000000000000000000000000000000000000000000000000000000000000000000000000000000000000000016440000C7CC0000000000000001000000000000000000000000000000000000000000000000000000
	00000000000000000000000000000000000000000000000000000000000000000000000000000000008000000000000000000016440000E17B00000000000000000000000000000000000000000000000000000000000000000000000000000000000000000000000000000000000000000000000000000000000000000000
	0000000000000000000000000000000000000000174E0000E17B000000000000000000000000000000000000000000000000000000000000000000000000000000000000000000000000000000000000000000000000000000000000000000000000000000000000000000000000000000000000174E00001A260000000000
	0000000000000000000000000000000000000000000000000000000000000000000000000000000000000000000000000000000000000000000000000000000000000000000000000000000000000000000000000000000000184D000002A10000000002001240904080080008000000000000000000000000010009004820
	4020000400040000000000000000000000000480248020100010000200020000000000000000000002001240104000080008000100010000000000000000184D00001A260000000000000000000000000000000000000000000000000000000000000000000000000000000000000000000000000000000000000000000000
	0000000000000000000000000000000000000000000000000000000000000000000000184D0000FD690000000000000000000000000000000000000000000000000000000000000000000000000000000000000000000000000000000000000000000000000000000000000000000000000000000000000000000000000000
	00000000000000000000000000000000000000000000000000000000000000000000000000000000000000000000000000000000000000000000000000000000000000000000000000000000000000000000000000000000000000002D4C0000FD690000000000000000000000000000000000000000000000000000000000
	00000000000000000000000000000000000000000000000000000000000000000000000000000000000000000000000000000000000000000000000000000000000000000000000000000000000000000000000000000000000000000000000000000000000000000000000000000000000000000000000000000000000000
	000000000000000000000000000000000000000000002D4C0000AD7A000000000001000100000000000000000000000000000000000000000000000000000000000000000000000000000000000000000000000000000000000000000000000000000000000000000000000000000000000000000000000000000000000000
	00000000000000000000000000000000000000000000000000000000000000000000000000000000000000000000000000000000000000000000000000000000000000000000000000000080008000000000002E4B000082F50000000000000000000000000000000000000000000000000000000000000000000000000000
	00000000000000000000000000000000000000000000000000000000000000000000000000000000000000000000000000000000000000000000000000000000000000000000000000000000000000000000000000000000000000000000000000000000000000000000000000000000000000000000000000000000000000
	00000000000000000000000000000000002E4B000082F50000000000000000000000000000000000000000000000000000000000000000000000000000000000000000000000000000000000000000000000000000000000000000000000000000000000000000000000000000000000000000000000000000000000000000
	0000000000000000000000000000000000000000000000000000000000000000000000000000000000000000000000000000000000000000000000000000000000000000000000000000000000002E4B0000E87600000000000000000000000000000000000000000000000000000000000000000000000000000000000000
	00000000000000000000000000000000000000000000000000000000000000000000000000000000000000000000000000000000000000000000000000000000000000000000000000000000000000000000000000000000000000000000000000000000000000000000000000000000000000000000000000000000000000
	00000000000000002D400000EE810000000000000000000000000000000000000000000000000000000000000000000000000000000000000000000000000000000000000000000000000000000000000000000000000000000000000000000000000000000000000000000000000000000000000000000000000000000000
	00000000000000000000000000000000000000000000000000000000000000000000000000000000000000000000000000000000000000000080000000000000002D400000E8760000000000000000000000000000000000000000000000000000000000000000000000000000000000000000000000000000000000000000
	00000000000000000000000000000000000000000000000000000000000000000000000000000000000000000000000000000000000000000000000000000000000000000000000000000000000000000000000000000000000000000000000000000000000000000000000000000000000000000000000000002D400000A1
	3D000000000000000000000000000000000000000000000000000000000000000000000000000000000000000000000000000000000000000000000000000000000000000000000000000000000000000000000000000000000000000000000000000000000000000000000000000000000000000000000000000000000000
	000000000000000000000000000000000000000000000000000000000000000000000000000000000000800000000000000000002D400000951A000000000000000000000000000000000000000000000000000000000000000000000000000000000000000000000000000000000000000000000000000000000000000000
	00000000000000000000000000000000000000000000000000000000000000000000000000000000000000000000000000000000000000000000000000000000000000000000000000000000000000000000000000000000000000000000000000000000000000000000000000000000002E450000951A0000000000000000
	00000000000000000000000000000000000000000000000000000000000000000000000000000000000000000000000000000000000000000000000000000000000000000000000000000000000000000000000000000000000000000000000000000000000000000000000000000000000000000000000000000000000000
	00000000000000000000000000000000000000000000000000000000000000000000000000000000000000000000002E45000003D70000000000000001000000000000000000000000000000000000000000000000000000000000000000000000000000000000000000000000000000000000000000000000000000000000
	000000000000000000000000000000000000000000000000000000000000000000000000000000000800000000000000000000000000000000000000000000000000000000000000000000000000000000000000000000000000000000000000000000002C460000D8C3000000000000000000000000000000000000000000
	00000000000000000000000000000000000000000000000000000000000000000000000000000000000000000000000000000000000000000000000000000000000000000000000000000000000000000000000000000000000000000000000000000000000000000000000000000000000000000000000000000000000000
	00000000000000000000000000000000000000000000000000002C460000D8C30000000000000000000000000000000000000000000000000000000000000000000000000000000000000000000000000000000000000000000000000000000000000000000000000000000000000000000000000000000000000000000000
	000000000000000000000000000000000000000000000000000000000000000000000000000000000000000000000000000000000000000000000000000000000000000000000000000000000000002C4600006B35000000000000000000000000000000000000000000000000000000000000000000000000000000000000
	000000000000000000000000000000000000000000000000000000000000000000000000000000000000000000000000000000000000000000000000000000000000000000000000000000000000000000000000000000000000000000000000000000000000000000000000000000000000000000000000000000002A4100
	005F7800000000000000000000000000000000000000000000000000000000000000000000000000000000000000000000000000000000000000000000000000000000000000000000000000000000000000000000000000000000000000000000000000000000000000000000000000000000000000000000000000000000
	00000000000000000000000000000000000000000000000000000000000000000000000000000000000000000000000000000000000000000000000000002F4F0000A70D0000000000010001000000000000000000000000000000000000000000000000000000000000000000000000000000000000000000000000000000
	00000000000000000000000000000000000000000000000000000000000000000000000000000000000000000000000000000000000000000000000000000000000000000000000000000000000000000000000000000000000000000000000000000000000000000000000000000000000000000080008000000000000000
	2F4F00005F7800000000000000000000000000000000000000000000000000000000000000000000000000000000000000000000000000000000000000000000000000000000000000000000000000000000000000000000000000000000000000000000000000000000000000000000000000000000000000000000000000
	00000000000000000000000000000000000000000000000000000000000000000000000000000000000000000000000000000000000000000000000000000000002F4F0000B5860000000000000000000000000000000000000000000000000000000000000000000000000000000000000000000000000000000000000000
	000000000000000000000000000000000000000000000000000000000000000000000000000000000000000000000000000000000000000000000000000000000000000000000000000000000000000000000000000000000000000000000000000000000000000000000000000010000000000000002C50000049E4000000
	00000000000000000000000000000000000000000000000000000000000000000000000000000000000000000000000000000000000000000000000000000000000000000000000000000000000000000000000000000000000000000000000000000000000000000000000000000000000000000000000000000000000000
	00000000000000000000000000000000000000000000000000000000000000000000000000000000000000002C50000000AF0000000000000000000000000000000000000000000000000000000000000000000000000000000000000000000000000000000000000000000000000000000000000000000000000000000000
	000000000000000000000000000000000000000000000000000000000000000000000000000000000000000000000000000000000000000000000000000000000000000000000000000000000000000000000000000000000000008000000000002C50000095B9000000000000000000000000000000000000000020000000
	00000000000000000000000000000000000000000000000000000000000000000000000000000000000000000000000000000000000000000000000000000000000000000000184700003D30000000000000000000000000000000000000000000000000000000000000000000000000000000000000000000000000000000
	000000000000000000000000000000000000000000000000000000000000000000800000000000000000001847000009550000B52456E84A9AA956B76454A84A9ABB56A56454A8DA9E2B72A544D4AC5BBA2A52A544DDAD52BB2A52ED4495BF52A96A52ADD6952D52A96ED22956152D76A94AD2295F352456E94A9B29563764
	54A94A9B3B56256454A9000F17480000C0550000000200400000000000084900000000000020000000002404008000000000001000001200000200400000000000084900000000000E4A0000FF9900000008004000010200000000000000100000000000000080040020010000000000000008000000000000004000000200
	100080000000000C0000000000000020000000000100080040000002000000000000001400000000000000000018490000567B00000000000400000000000020000200002000000000000000020000000010000100001000000000000000000001800008000080000000080000000000000000400004000040000000000004
	0000000000002000020000200000000000001842000099BC00000000000000000000000000000000000000000000000000000000000000000000000000000000000000000000000000000000000000000000000000000000000000000000000000000000000000000000000000000000000017430000E41200000800000000
	0000000000000000000000000000000000000000000000000000000000000000000000000000000000000000000000000000000800080000000000000000000000000000000000000000000000000016440000E772000000000800000000000000000000000000000000000000000000000000000000000000000000000000
	00000000000000000000000000000000080008000000000000000000000000000000000000000000000000001644000028050000000000010001000000000000000000000000000000000000000000000000000000000000000000000000000000000800080000000000000000000000000000000000000000000000000000
	00000000008000800000000000174E000026FE000000000000000000000000000000000000000000000000000000000000000000000000000000000000000000000000080008000000000000000000000000000000000000000000000000000000000000000000000000000000174E000019E4000000000000000000000000
	00000000000000000000000000000000000000000000000000000000000000000000000000000000000000000000000000000000000000000000000000000000000004000000000000000000000000000000184D000063B0000000000200124090408008000800000000000000000000000001000900482040200004000400
	00000000000000000000000480248020100010000200020000000000000000000002001240104000080408000100010000000000000000184D000052D9000000000001000000000000000000000000000000000000000000000000000000000000000000000000000000000000000008000000000000000000000000000000
	00000000000000000000000000000400000000000000800000000000184D0000FD69000000000000000000000000000000000000000000000000000000000000000000000000000000000000000000000000000000000000000000000000000000000000000000000000000000000000000000000000000000000000000000
	000000000000000000000000000000000000000000000000000000000000000000000000000000000000000000000000000000000000000000000000000000000000000000000000000000000000000000000000002D4C00000486000000000800080100000000000000000000000000000000000000000000000000000000
	00000000000000000000000000000000000000000000000000000000000000000000000000000000000000000000000000000000000000000000000000000000000000000000000000000000000000000000000000000000000008000000000000000000000000000000000000000000000000000000000000000000000000
	0000000000000000008000000000002D4C000046F400000800000000000000000000000000000000000000000000000000000000000000000000000000000000000000000000000000000000000000000000000000000000000000000000000000000000000000000000000000000000000000000000000000000000000000
	000000000000000000000000000000000000000008000000000000000000000000000000000000000000000000000000000000000000000000000000000000000000000000000000000000002E4B000082F5000000000000000000000000000000000000000000000000000000000000000000000000000000000000000000
	00000000000000000000000000000000000000000000000000000000000000000000000000000000000000000000000000000000000000000000000000000000000000000000000000000000000000000000000000000000000000000000000000000000000000000000000000000000000000000000000000000000000000
	000000000000000000002E4B000082F5000000000000000000000000000000000000000000000000000000000000000000000000000000000000000000000000000000000000000000000000000000000000000000000000000000000000000000000000000000000000000000000000000000000000000000000000000000
	00000000000000000000000000000000000000000000000000000000000000000000000000000000000000000000000000000000000000000000000000000000000000000000002E4B0000E8760000000000000000000000000000000000000000000000000000000000000000000000000000000000000000000000000000
	00000000000000000000000000000000000000000000000000000000000000000000000000000000000000000000000000000000000000000000000000000000000000000000000000000000000000000000000000000000000000000000000000000000000000000000000000000000000000000000000000000000000000
	002D400000E876000000000000000000000000000000000000000000000000000000000000000000000000000000000000000000000000000000000000000000000000000000000000000000000000000000000000000000000000000000000000000000000000000000000000000000000000000000000000000000000000
	000000000000000000000000000000000000000000000000000000000000000000000000000000000000000000000000000000000000000000002D4000000F1C000000000000000000000000000000000000080000000000000000000000000000000000000000000000000000000000000000000000000000000000000000
	000000000000000000000000000000000000000000000000000000000000000000000000000000000000000000000000000000000000000000000000000000000000000000000000000000000008000000000000000000000000000000000000000000000000000000000000000000000000002D400000E876000000000000
	00000000000000000000000000000000000000000000000000000000000000000000000000000000000000000000000000000000000000000000000000000000000000000000000000000000000000000000000000000000000000000000000000000000000000000000000000000000000000000000000000000000000000
	0000000000000000000000000000000000000000000000000000000000000000000000000000000000000000002D400000CFCE00000000000100010000000000000000000000000000000000000000000000000000000000000000000000000000000000000000000000000000000000000000000000000000000000000000
	000000000000000000000000000000000000000000000000000000000000000000000000000000000000000000000000000000000000000000000000000000000000000000000000000000000000000000000000000000000000000000000000800080000000000000002E450000951A000000000000000000000000000000
	00000000000000000000000000000000000000000000000000000000000000000000000000000000000000000000000000000000000000000000000000000000000000000000000000000000000000000000000000000000000000000000000000000000000000000000000000000000000000000000000000000000000000
	000000000000000000000000000000000000000000000000000000000000000000000000000000002E450000184A000000000000080000000000000000000000000000000000000000000000000000000000000000000000000000000000000000000000000000000000000000000000000000000000000000000000000000
	0000000000000000000000000000000000000000000000000000000000000000000000000000000000000000000000000000000000000000000000000000000000000000000000000000000000000000000000000000000000000000002C460000A50400000000000000000000000000000000000000000000000000000000
	00000000000000000000000000000000080000000000000000000000000004000000000000000000000000000000000000000000040000000000000000000000000000000000000000000000040000000000000000000400000000000000000000000000000000000000000000000000000000000000000000000000000000
	000000000000000000000000000000000000002C46000048C9000000000000000000000000000000000000000000000000000000000000000000000000000000000000000000000000000000000000000000000000000000000000000000000400000000000000000000000000000000000000000000000000000000000000
	0000000000000000000000000000000000000000000000000000000000000000000000000000000000000000000000000000000000000000000000000000000080000000000000002C460000F17300000000000000000000000000000800000000000000000000000000000000000000000000000000000000000000000000
	0000000800000000000000000000000400000000000000000004000000000000000000040000000000000000000000000000000000000000000000040000000000000000000000040000000000000000000000000000000000000000000000000000000000000000000000000000000000000000002A410000F2D900000000
	00000000000000000000000000000000000000000000000000000000000000000800000000000000000000000000000000000000000000000000080000000000000000000000000000000000000000000000000000000000000000000800000000000000000000000000000000000000000000000000000000000000000000
	000000000000000000000000000000000000000000000000000000000000000000000000000000000000000000800000000000000000002F4F00005F78000000000000000000000000000000000000000000000000000000000000000000000000000000000000000000000000000000000000000000000000000000000000
	0000000000000000000000000000000000000000000000000000000000000000000000000000000000000000000000000000000000000000000000000000000000000000000000000000000000000000000000000000000000000000000000000000000000000000000000000000000000000000000000002F4F0000D36600
	00000000000000000000000000000000000000000000000000000000000000000000000000080000000000000000000000000000000000000000000000080000000000000000000000000000000000000000000000000000000000000000000000080000000000000000000000000000000000000000000000000000000000
	000000000000000000000000000000000000000000000000000000000000000000000000000000000000000000000000000000000000000000002F4F0000B131000000000000000100000000000000000000000000000000000000000000000000000000000000000000000000000000000000000000000000000000000000
	0000000000000000000000000000000000000000000000000000000000000004000000000000000000000000000000000000000000000000000800000000000000080000000000000000000000000000000000000000000000000000000000000000000000000000000000000000002C5000001AF600000000000000000000
	00000000000000000000000008000000000000000000000000000000000000000000000000000000000008000800000000000000000000000000000000000000000000000000000000000000000000000000000008000000000000000000080000000000000000000000000000000000000000000000000000000000000008
	000000000000000000000000000000000000000000000000000000000000000000000000002C50000069FC000000000000000000000000000000000000000000000800000000000000000000000000000000000000000000000000000008000000000008000000000000000000000000000000000000000000000000000000
	0000000000000000000000000400000000000000080000000000000000000000000008000000000000000000000000000000080000000000000000000000000000000000000000000000000000000000000000000000000000002C500000F79E00000000000000000000000000000000000000000000000000000000000000
	0000000000000000000000000000000000000000000000000000000000000000000000000000000000000000000000000000000000000000000000000000001847000011BD00000000000000000800000000000000080000000000080000000800000000000000000004000800000000000000000000000000040000000000
	00000000000000000C0000000000000004000000000000000000000000000000000000001847000007AE0000B52456E94A9BA956B76454A84A9ABB56A56454A8DA9E2B72A544D4AC5BBA2A52A544DDAD52BB2A52ED4495BF52A96A52ADD6952D52A96ED22956152D76A94AD2295F352456E94A9B2956376454A94A9BBB56A5
	6454A9000F174800008E15000008020040000008000008490000000C000020080008002C040C8004000000001000001200040200400000000000084900000000000E4A0000AD5D00000008004000000200000008000000100000000000000088040020010000000C0008000800000000000000400000020010088000000000
	0C0000000000000020000800000104080040000002000000000000001000000000000000000018490000C0350000000000040000000000002000020000200000000000000002000000001000010000100000000000000C00080180000800008000000008000000000800080040000400084008000800080400000800000024
	0006000020000000000000184200006534000000000000000000000000000000000000000000000000080008000000000000000800000000000800040004000000000000000000000000000000080008000000000000000800000000000800080008000C008400000000001743000050A40000000000000000000008000800
	0000000008000000000000000800080000000000040000000400040000000000080008000800080004000400080008000800000004000C000000000004000400000000000000000016440000473B00000000000000000000080008000000080008000000000000000800000000000000000000000400040008000000080008
	000800080004000C00080008000800000004000C0008000800040084000000000000000000164400009E450000000000000000000000000000000000000000000000000000000008000C0004000000000000000000000004000000080008000000000000000000080000000000040004000000000000000000000000000000
	000000000000174E000009E90000000000000800000000000000080000000000000008000800080008000C000C00040004000800000000000000080008000C000C00080000000C00080004000400040004000400040000000000000000000000000000000000174E0000B06D00000000000000010800000008000800000000
	000000000008000C00000000000000000008000800000000000000000008000800000008000000000008000000000000000000000000000000000004000000000000000000000000000000184D0000E85200000800020012409040880808080800000008000000000000000100090044204C20000408040000000000000000
	04000C000C80248028100410000208020400040000000000040006001240104000080008000100010000000000000000184D0000202F0000000000000800080000000000080008000000080008000800000004000C0004000800080004000000080008000400040008000800000004000C0008000400040004000000040004
	000000000000000400000000000000040004000000184D000074C600000000080000000000000000000000000000000000000000000800000008000000080000000000080008000000000000000800000000000800000000000800000000000800080000000800040000000C00000008000000040000000800080000000800
	04000000080000000000000000000800000000000C000800000008000000080004000000080008000400000008000800000000000C000000000000000000000000000000040000000000000000002D4C0000E84C00000000080000000800000000000000000000000000080000000000080000000800080000000800000000
	000800000008000000000000000800080000000000000008000000000000000400000000000C0000000000000000000000080000000800080004000800040000000000000000000800000000000800080000000000000008000400080004000800040000000C00080000000000000000000000000004000000000000000000
	00000000000000002D4C0000951C0000000000010001000000000000000000000000000000000000000008000000080000000000000000000000000000000000000000000800000000000000000000000000080000000000000000000000000000000000000000000000000000000000000008000000000000000000000000
	0000000000000000000000000000000000080000000000000008000000000000000000080000000400000000000000000000000000000000000000000080008000000000002E4B00006B7E00000800000000000000000000000000000000000000000000000000000000000000000000000000000000000000000000000000
	00000000000000000000000000000000000000000000040000000800000000000000000000000000000000000000040000000800000000000000000000000000000000000000000000000000000000000400000000000000040008000000000000000800000000000000000000000000000000000000000000000000000000
	0000002E4B0000CD1500000000000000000000000000000000000000000000000000000000000000000000000000000000000000000000000008000000000000000000080000000000080000000000000004000000000004000000040004000000000000000800000000000000000000000000000000000000000004000800
	000000000800000000000000000000000000000008000000000000000000040000000000000000000000000000000400000000000000000000000000000000002E4B0000F42F000000000000000000000000000000000800000000000000000000000000000000000000000008000000000000000000000008000000000000
	000800000000000000000000000000000000000000000000000000000000000000000000000000000000000000000000000800040008000000000000000000000008000000040000000000000000000000000008000400000000000800040000000000000008000000000000000000000000000000040000002D40000053A6
	00000000000000000000000000000000000000000000000000000000000000000800000000000000000000000800000000000000000000000000000000000000000000000000000008000000000000000000000000000800000000000000000000000000000000000000000000000000000000000000000000000000000000
	0000000800000000000000000000000800000000000000000000000000000000000000000000000000000080000000000000002D400000AF1700000000000000000000000008000000000000000000000000000000000000000000000000000000000000000000000000000000000008000000000000000000000000000000
	0000000000000000000000000000040000000000080000000800000000000000000004000800000000000000000000000000000000000000000000000000080000000000040000000000000004000000000000000000000000000000000000000400000000000000000000002D4000005A9100000000000000000000000000
	00000000000800000000000000000000000000000008000000000000000000000000000000000000000000000000000000000000000000000000000000000000000000000000000000000000000000000000000000000000000000000000000000040000000800000000000000000000000000000000000000000000000000
	00000000040000000000000004000000080000000000000000000000800000000000000000002D40000014220000000000000000000000000000000000000000000000000000000000000800000000000000000000000000000008000000000000000000000008000000000000000000000000000000000000000000000000
	0000000000000000000000000008000000000000000000000000000000000000000000000008000000000000000000080000000000000000000000000000000000000000000000000000000800000000000000000000000000000000000000000000002E450000EB8200000000000000000000000000000000000000000000
	00000000000000000000000008000000000000000800000000000000080000000000080000000000080000000000080000000800000000000000000000000000000000000000000000000000000000000000000000000000000000000000000000000000000000000000000000000800000000000000080000000000000000
	0000000000000000000000000000000000000000000000000000000000000000002E450000FF2500000000000000010000000000000000000000000000000000000000000008000000000000000000000000000000000000000000000000000000000000000800000000000000000000000000000000000000000000000000
	00000000000000000000000000000000080000000000000000000000000000000000000000000000000000000400000000000000000000000000000000000000000000000000000000000000000000000000000000002C460000BC920000000000000000000000000000000000000000000000000000000000000000000000
	00000000000000000000000000000000000000000000000400000000000000000000000000000000000000000004000000000000000000000000000000000000000000000000000000000000000000000000000000000000000000000000000000000000000000000000000000000000000000000000000000000000000000
	0000000000000000000000002C460000924D00000000000000000000000000000000000000000000000000000000000000000000000000000000000000000000000000000000000000000000000000000000000000000800000000000000000008000000000000000000000000000000000000000000000000000000000000
	00000000000000000000000800000000000000000000000000000000000000000004000000000000000400000000000000000000000000000000000000000000002C460000A70E0000000000000000000000000000000000000000000000000000000000000000000000000000000008000000000000000000000000000000
	00000000000000000400000000000000080000000800000000000000040008000000000000000000000000000000000000000800000000000000000000000000000000000800000000000000040000000000000000000000040000000000000004000000000000000000000000002A4100002E840000000000000000000000
	00080000000000000000000000080000000000000000000000000000000000000000000000000000000000000000000000000000000000000000000000000000004000000000000000080004000000000008000000000000000000000000000000000008000000000000000800000000000000000004000000000000000000
	0000080000000000000000000800040000000000000000000000000000000000000000000000000000000000000000002F4F00005E7100000000000100010000000008000000000000000000000008000000000000000000000000000000000000000000000000000000000000000000000000000000000000000000000000
	00000040000000000000000000080000000000080000000000000000000000000000000000000000000000080000000000000000000000000000000000000000000000000008000000000000000000040000000000000000000000000000000000000000000000800080000000040000002F4F00001A180000000000000000
	00000000000000000000000000000000000000000800000000000000000000000000000000000000000000000000000000000000000000000000000000000000000000000000000000000000000000000400000000000000000000000800000000000000080000000000000000000000000000000000000000000000000000
	0000000000000000000000000000000800000000000000000000000000000000000000000000000000000000000000000000002F4F0000D6FD00000000000000000000000000000000000000000000000000000000000000000000000000000000000000000000000000000000000000000000000000000000000000000000
	00000000000000000000000000000000000000000000000000000000000000000000000000000000000000000000000000000000000000000000000000000000000000000000000000000000000000000000000000000000000000000000000004000000000000002C500000CDD90000000000000000000000000000000000
	00000000000000000000000000000000000000000000000000000000000000000000000000000000000000000000000000000004000000000000000000000000000000000000000000000000000000000000000000000000000000000000000000000000000000000000000000000000000000000000000000000000000000
	0000000000000000000000000000000000000000000000000000000000002C500000ADD800000000000100000000000000000000000000000000000000000000000000000000000000000000000000000000000000000000000000000000000000000000000000000400000000000000000000000000000000000000000000
	00000000000000000000000000000000000000000000000000000000000000000000000000000000000000000000000000000000000000000000000000000000000000000000000000000000008400000000002C500000F79E0000000000000000000000000000000000000000000000000000000000000000000000000000
	000000000000000000000000000000000000000000000000000000000000000000000000000000000000000000000000000000000000000018470000138F0000000000000001000000000000000000000000000004000000000000000000000000000400040000000000000000000000000000000000000004000000000000
	00000000000000040000000000000004000000800000000000000000001847000009550000B52456E84A9AA956B76454A84A9ABB56A56454A8DA9E2B72A544D4AC5BBA2A52A544DDAD52BB2A52ED4495BF52A96A52ADD6952D52A96ED22956152D76A94AD2295F352456E94A9B2956376454A94A9B3B56256454A9000F1748
	0000B01C0000000200400000040000084900000004000420000000002404008004000400001004001200040204400000000000084900000000000E4A00008943000000080040000002000000000000001000000000000000800400200100000004000000080000000000000040000002001000800000000004000000000000
	0020000000000100080040000002000000000000001000000000000000000018490000E10D000000000004000000000000200002000020000000000000000200000000100001000010000000000000000000018000080004800000000800000000000000004000040000400000000000040000000000002000020000200000
	00000000184200002ECA00000000000000000000000000000000000000000000000000000000000000000000000000000000000000000000000000000400000000000000000000000000000000000000000000000000000000000000000000000000000017430000B598000008000800080000000000000000000000000000
	000000000004000400000000000000000000000000000004000000000000000000000000000400040004000000000000000400040000000000040004000000000016440000C39C0000080008000000080000000000000000000000000000000000040004000000000000000000040000000400040000000000000000000000
	000004000400000004000000000004000400000000000400040000000000164400006ACE00000000000100010000000000000000000000000000000000000000000000000400040004000400040000000000000000000000000000000000000000000000000000000000000000000000000000000000800080000000000017
	4E00001A91000000000000000000000000000000000000000000000400040004000000000000000400040004000400000004000000000000000000040004000000000000000000040004000000000004000400000000000000000000000000174E0000645A0000000000000000000000000000000000000000000000000000
	0000000004000400040004000000000000000000000000000000000000000000040000000000040000000000000000000000000000000000040000000000000000000000184D000061380000000002001240904080080008000000000400040000000000010009004C20442004040404000000000000040000000000048024
	8024100410040200020000040004000400040002001640144000080008000100010000000000000000184D0000C32B0000000000010000000000000000000000000400040004000000000004000400040004000400040000000000040000000000000000000400040004000000000004000400040000000400040004000000
	0400040000000000000000000000184D0000E4960000000000000000000000000800080000000000000000000000000000000000000000000000000000000000000000000000000000000000000000000400000004000400000000000000040000000000040000000400000004000400000000000400040000000000000004
	00000000000000000000000000000000000000000000000000040000000400000004000400000004000000000000000000040000000400040000000000000000000400040000002D4C0000C8050000000000000801000000000800000008000000000000000000000000000000000000000000000000000000000000000000
	00000000000000000000000000000000040000000400000004000000000004000000040000000000040000000000000004000000040000000400000004000000000000000000000000000000000000000000000000000000040000000400000004000000040000000000000000000000040000000400000000000000000000
	002D4C00008265000000000000000000000000000000000000000000000000000000000000000000000000000000000000000000000000000000000000000000000000000004000000000000000000000000000000000000000000000000000000000000000000000000000000000000000000000000000000000000000000
	00000000000000000000000000000000000000000000000000000000000000000000000000000400000000000000000000000000000000000000000000002E4B0000D35E0000000000000000000000000000000000000000000000000000000000000000000000000000000000000000000000000000000000000000000000
	0000000000000004000000000000000000000000000000000000000000000000000000000000000400000000000000040000000000000000000000000000000000000000000000000000000000000000000400000000000000040000000000000000000000000000000400000000000000000000000000000000002E4B0000
	21850000000000000000000000000800000000000000000000000000000000000000000000000000000000000000000000000000000000000000000000000000000000000000000004000000000000000000000000000000000000000400000004000000000000000400000000000000040000000000000000000000000000
	0000000000000000000000000000000000040000000000000000000400000000000000000000000000000004000000000080000400000000002E4B0000643900000000000000000000000000000000080000000000000000000000000000000000000000000000000000000000000000000000000000000000000000000000
	0000000000000000000000000000000000000000000004000400000004000000000000000000000000000000000000000000000000000000000000000000000000000000000000000000000000000000000000000000000000000000000000000000000000000000000000000000000000002D4000001FA900000000000008
	00000000000000000000000000000000000000000000000000000000000000000000000000000000000000000000000000000000000000000000000400000000000000000000000000040000000000000000000000000000000000000000000000000000000000000000000000000000000000000000000000000000000000
	00000000000004000400000000000000000000000000000000000000000004000000000000000000000000002D40000044D70000000000000000000000000000000000000000000008000000080000000000000000000000000000000000000000000000000000000000000000000000000000000000000000000400000004
	00000000000000000000000000000000000000000000000000000004000000040000000400000004000000000000000000000000000000000000000000000000000000000000000400000000000400000004000000000000000000000004000000040000002D400000E8760000000000000000000000000000000000000000
	00000000000000000000000000000000000000000000000000000000000000000000000000000000000000000000000000000000000000000000000000000000000000000000000000000000000000000000000000000000000000000000000000000000000000000000000000000000000000000000000000000000000000
	000000000000000000000000000000000000000000000000000000000000002D4000000F8E000000000001000100000000080000000000000000000000000000000000000000000000000000000000000000000000000000000000000000000000000000000000000000000000000000000000000000000400000000000000
	00000000040000000000000000000000000000000000000000000000000000000000000000000000000000000000000000000000000000000000000000000000000000000000000000000000000000000000800080000000000000002E45000056AB0000000000000000000000000000000008000000000000000000000000
	00000000000000000000000000000000000000000000000000000000000000000000000000000000000000000000000000040000000000000004000000000000000000000000000000000000000000000000000000000000000000000000000000000000000000000000000000000000000000000004000000000000000000
	00000000000000000000000000000000000000000000000000002E4500006E9F0000000000000000000000000000000000000000000000000000000000000000000000000000000000000000000000000000000000000000000000000000000000000000000000000000000000000000000000000000000000000000000000
	000000000004000000000000000000000000000000000000000000000000000000000000000000000000000000000000000000000000000000000000000000000000000000000000000000000000002C460000D8C3000000000000000000000000000000000000000000000000000000000000000000000000000000000000
	00000000000000000000000000000000000000000000000000000000000000000000000000000000000000000000000000000000000000000000000000000000000000000000000000000000000000000000000000000000000000000000000000000000000000000000000000000000000000000000000000000000000000
	00000000002C460000DC380000000000000000000000000000000000000000000000000000000000000000000000000000000000000000000000000000000000000000000000000000000000000000000000000000000000000000000000000000000000000000000000000000000000000000000000000000000000000000
	000000000000000000000000000000000000000000000000040000000000000000000000000004000000000000000000000000000000000000002C4600009A32000000000000000000000000000000000000000000000000000000000000000000000000000000000000000000000000000000000000000000000000000000
	000000000000000000000000000000000000000000000000000000000000000000000000000000040000000000000000000000000000000000000000000000000000000000000000000000000000000000000000000000000000000400000000000000000000002A410000852D000000000000000000000800000000000000
	00000000000000000000000000000000000000000000000000000000000000000000000000000000000000000000000000000000000000000000000000000000000000000000000000000000000000000000000000000000000000000000000000000000000000000000000000000400000000000000000000000000040000
	00000000000000000000000000000000000000000000000400040000000000000000000000000000002F4F00009C6C0000000000000000000000000000000000000000000000000000000000000000000000000000000000000000000000000000000000000000000000000000000000000000000000000000000000000000
	000000000000000000000000000000000000000000000000000000000000000000000000000000000000000000000000000000000000000000000000000004000000000000000400000000000000000000000000000000000000000000000000000000000000000000002F4F00001590000000000000000008000000000000
	00000000000000000000000000000000000000000000000000000000000000000000000000000000000000000000000000000000000000000000000000000000000000000000000000000000000000000000000000000000000000000000000000000000000000000000000000000000000000000000000000000000000000
	00000000000000000000000000000000000000000000000004000000000004000000000000000000000000002F4F0000046B0000000000000001000000000000000000000000000000000000000000000000000000000000000000000000000000000000000000000000000000000000000000000000000000000000000000
	000000000000000400000000000000000000000000000000000000000000000000000000000000000000000000000000000000000000000000000000000000000000000000000000000000000000000000000000000000000080000000000000002C50000025AC000000000000000000000000000000000000000000000000
	00000000000000000000000000000000000000000000000000000000000000000000000000000000000000000000000000000000000004000000000000000000000000000000040000000000000000000000000000000000000000000000000000000000000000000000000000000000040004000000000000000000000000
	00000000000000000000000000000000000000000000002C500000F5F50000000000000000000000000000000000000000000000000000000000000000000000000000000000000000000000000000000000000000000000000000000000000000000000000000000000000000040000000400000000000000000000000400
	000000000000000000000000000000000000000000000000000000000000000000000000040000000400000000000000000000000000000000000000000000000000000000000000000000002C500000F79E000000000000000000000000000000000000000000000000000000000000000000000000000000000000000000
	0000000000000000000000000000000000000000000000000000000000000000000000000000000000000000000000000018470000BC71000000000000000000000000000000000000000000000000040004000000000004000400000000000400040000000000040004000400000000000000040004000000000000000000
	000000000000000000000000000000000000000000001847000007AE0000B52456E94A9BA956B76454A84A9ABB56A56454A8DA9E2B72A544D4AC5BBA2A52A544DDAD52BB2A52ED4495BF52A96A52ADD6952D52A96ED22956152D76A94AD2295F352456E94A9B2956376454A94A9BBB56A56454A9000F17480000A0FB000000
	0200400000000000084900000000000020000000002004008000000000041000001600040204400000000000084900000000000E4A0000526100000008004000000200000000000000100000000000000080040020010000000000000008000000000000004000000200100080000000000400000000000000200000000401
	00080040040002000000000000001400040004000000000018490000E99300000000000408000000080020000200002000000000000000020000000010000100001004000400000000000401840008000480040004080000000004000400400004000040000000000404000000000000200006000020000000000000184200
	00086D000000000000000000000000000008000000000000000000000000000000000000000400040004000400040004000400040004000000040004000400040004000400000000000400040000000400000000000400800000000000174300003BBE00000000000008000000000000000000000000000000000000000000
	00000400040000000000040004000000000004000400000000000400040000000000000004000000000004000400000004000400000000000000164400006229000000000000000008000000000000000000000000000000000004000400000000000000000000000000000000000000000000000000000000000000000004
	00000000000000040004000400800000000400000000001644000023E0000000000000000000000000000000000000000000000400040000000000040004000000000004000000000000000400040000000000040004000400000004000000000004000000000000000000000000000000000000000000174E000068C90000
	00000000000000000000000000000000000000000000000004000400000000000400040000000400040004000000000004000400000000000000040000000000040004000000000000000000000000000000040000000000174E0000FD10000000000000000100000000000000000000040004000400040000000000040004
	00000004000400040000000000040004000400000000000000000004000000000004000400000004000400040000000000040000000000000000000000184D00005E79000000000200124090408008000800000000000000000000000005000D00482040200404000400000000040004000000000000802080241004100402
	00020000000004000400040002001640144000080008000104010000000000000000184D00006085000000000000000000000000000000000000000004000000000000000000000000000000000000000000000000000000000004000400000000000000000000000400040000000000040004000000000004000400000000
	00000000000000184D0000A9D8000000000800000008000800000000000800000000000000000000000000000000000000000000000000000000000000000000000000000000000400000000000000000004000000000004000000000000000000040000000000000000000000000000000400000000000400000000000000
	040000000000000000000000000000000400000000000000000000000000000004000000000004000000040000000000000000000000000000000000000000002D4C00006F90000008000000000008000800000000000800000000000000000000000000000000000000000000000000000000000000000000000000000000
	000000000000000000000000000000000000000000000000000000000000000000000004000000000000000000000000000000000000000000000000000000000000000400000004000000000000000000040000000000000004000000040000000000000000000400000000000000040000000000000004002D4C0000DCE0
	00000000080100010000000000000000000000000000000000000000000000000000000000000000000000000000000000000000000000000000000000000000000000000000000000000000000000000000000000000000000000000000000000000000000000000000000000000000000000000000000000000000040000
	000000000000000000000000000000000000000000000000000000000000000400000000000000000000000000000080008000040000002E4B00008445000000000000000000000000000000000000000000000000000000000000000000000000000000000000000000000000000000000000000000000000000000000000
	00000000000000000000000000000000000000000000040000000000000000000000000000000000000000000000000000000000000000000000000000000000000000000000000000000000000000000000000000000000000000000000000000000000000000000000000000000000000000002E4B0000A5440000000000
	00000000000000080000000000000000000000000000000000000000000000000000000000000000000000000000000000000000000000000000000000000000000000000000000000000000000000000000000000000000000000000000000000000000000000000000000000000000000000000000000000000000000000
	00000000000000000000000000000000000000000000000000000000000000000000000000000000000004000000000000002E4B0000DBF10000000000000000000000000000000000000000080000000000000000000000000000000000000000000000000000000000000000000000000000000000000000000000000000
	00000000000000000000000000000000000000000000000000000000000000000000000000000000000000000000000000000000000000000000000400000004000000040000000000000000000000000000000000000000000400040000000000000000000000000000002D400000B8FD0000000000010000000000000000
	00000000000000000000000000000000000000000000000000000000000000000000000000000000000000000000000000000400000000000000000000000000000000000000000000000000000000000000000000000000000000000000000000000000000000000000000000000000000000000000000000000000000000
	000000000000000000000000000400000000000000000000000000000080000000000000002D400000FA01000000000000000000000000080000000000080000000000080000000000000000000000000000000000000000000000000000000000000000000000000000000000000000000000000000000000000000000000
	000000000400000000000000000000000000000000000400000000000000000000000000000004000000000000000000000000000000000000000000000000000000000000000000000000000000000000000000000000000000000000002D400000BD82000000000000000100000000000000000000000000000000000000
	00000000000000000000000000000000000000000000000000000000000000000000000000000000000000000000000400000000000000040000000000000000000000000000000000000000000000000000000000040000000000000000000000000000000000000004000000000000000000000000000000000000000000
	0000000004000000000000000000800000000000000000002D400000451F00000800000000000000000000000000000000000000000000000000000000000000000000000000000000000000000000000000000000000000000000000000000000000000000000000000000000000000000000000000000000000000000000
	000000000000000000000000000000000000000000000000000000000000000400000000000000000000000000000000000000000000000000000000000400000000000400000004000400000000000400000000002E450000141D000000000000000000000000000008000000000000000000000000000000000000000000
	00000000000000000000000000000000000000000000000000000000000000000000000000000000000000000000000000000000000000000000000000000000000000000000000000000000000000000000000000000000040000000000040000000000000000000000040000000000000004000000000000000000000000
	000000000000000000000000000000000000002E4500005FBE000000000000000000000000000000000000000000000000000000000000000000000000000000000000000000000000000000000000000000000000000000000000040000000000000000000000000000000000000000000000000000000000000004000000
	0000000000000000000000000000000000000000000000000000000000000000000000000000000000000000000000000000000000000000000000000000000000000000000000002C460000D8C300000000000000000000000000000000000000000000000000000000000000000000000000000000000000000000000000
	00000000000000000000000000000000000000000000000000000000000000000000000000000000000000000000000000000000000000000000000000000000000000000000000000000000000000000000000000000000000000000000000000000000000000000000000000000000000000000000000000000000002C46
	00007AE0000000000000000000000000000000000000000000000000000000000000000000000000000000000000000000000000000000000000000000000000000000000000000000000000000000000000000004000000000000000000000000000000000000000000000000000000000000000000000000000000040000
	0000000000000000000000000000000000000000000000000000000000000000000000000000000000000000000000000000002C460000BADF00000000000000000000000000000000000000000000000000000000000000000000000000000000000000000000000000000000000000000000000000000000000000000000
	0000040000000000000000000000040000000000000000000000000000000000000004000000000000000000000000000000000000000000000000000000000000000000000000000000000000000000000000000000000000000000000000002A410000CF9B00000000000008000000000000000000000000000000000000
	00000000000000000000000000000000000000000000000000000000000000000004000000000000000000000000000000000000000000000000000000000000000000000000000000000000000000040000000000000000000000000000000000000000000000000000000400040000000400000004000000000000000400
	000000000000000000000000000000000000000004000000040000000000040000002F4F0000667C000000000001000100000000000000000000000000000000000000000000000000000000000000000000000000000000000000000000000000000000000000000000000000000000000000000000000000000000000000
	0000000000000000000000000000000000000000000000000000000000000000000000000000000000040000000000000000000000000000000000000000000000000000000000000000000000000000000000000000000000800080000000000000002F4F0000D44300000000000008000000000000000000000000000000
	00000000000000000000000000000000000000000000000000000000000000000000000004000000000000000000000000000000000000000000000000000000000000000000000000000000000000000000040000000000000000000000000000000000000000000000000000000400040000000000040004000000000000
	000400000000000000000000000000000000000000000004000400000000000000040000002F4F0000FE6A000000000800080000000000000000000000000000000000000000000000000000000000000000000000000000000000000000000000000000000000000000000000000000000400000000000000000000000000
	0000000000000000000000000000000000000000000000000000040000000000000000000400000000000000000000000000000004000000040000000000000000000000000000000000000000000000000000000400000000002C50000049E400000000000000000000000000000000000000000000000000000000000000
	00000000000000000000000000000000000000000000000000000000000000000000000000000000000000000000000000000000000000000000000000000000000000000000000000000000000000000000000000000000000000000000000000000000000000000000000000000000000000000000000000000000000000
	000000000000000000000000000000002C5000001721000000000801080000000000000000000000000000000000000000000000000000000000000000000000000000000000000000000000000000000000000000000000000000000400000000000000000000000000000000000000000000000000000000000000000000
	0000000000040000000000000000000400000000000000000000000000000004000400000000000000000000000000000000000000000000000000000000000400000000002C500000F79E00000000000000000000000000000000000000000000000000000000000000000000000000000000000000000000000000000000
	00000000000000000000000000000000000000000000000000000000000000000000000000000000000018470000391800000000000000010000000000000000000000000000000000000000000000000000000000000000000000000400000000000000000000000000000000000000000000000000000000000000000000
	0000000000000000000000000000001847000009550000B52456E84A9AA956B76454A84A9ABB56A56454A8DA9E2B72A544D4AC5BBA2A52A544DDAD52BB2A52ED4495BF52A96A52ADD6952D52A96ED22956152D76A94AD2295F352456E94A9B2956376454A94A9B3B56256454A9000F1748000046CC00000002004000000400
	04084D00000000000420000000002404008000000400001000001200000200400000000000084900000000000E4A000043BE0000000800400000020000000000000010000000000000008004002001000000000000000800000000000000400000020410008000000000040000000000000020000400000100080040000006
	00000000000000900000000000000000001849000071D800000000000400000000000020000200002000000000000000020000000010000100001004000000000000000001800008000080000000080000000000000000400004000040000000000004040004000400200002000020000000000000184200004FC000000000
	00000000000000000000000000000000000000000000000000000000000004000000000004000000000000000000000000000000000000000000000000000000000000000000000000000400040000000000000000001743000007080000080008000000000000000000000000000000000000000000040004000400000000
	00040000000000000004000000000000000000000000000000000004000400000000000000000000000000040004000000000016440000E13700000000000000000000000000000000000000000000000000000400040000000400040004000000000004000400000000000000000000000000000000000400040000000000
	00000000000000000400000000000000164400005E21000000000001000100000000000000000000000000000000000000000000000000000000000000000400040004000000000000000000040000000000040004000400000000000000000004000400000000008400840000000000174E0000C374000000000000000000
	000000000000000000000000000400000000000400000000000400040004000000040004000000000000000000000004000000000000000400000000000000000004000400040000000400040000000000174E00004F0500000000000000000000000000000000000004000400040000000400040000000000000000000400
	040000000400040004000400000004000400000004000000000000000000000004000400040004000400040004000000000000000000184D0000201F000000000200124090408008000800000000040004000000040005000D0048204020000404040400040000000000040004000480248024100410000200020000000000
	000000040002001640144004080008040104010000000000000000184D0000A68700000000000000000000000000000000000000000400040000000000040004000000040004000400000000000400040000000000000004000400040004000000040000000000000004000400040004000400040000000000000000000000
	184D000004C400000000000008000000000000000000080000000000000000000000000000000000000000000000000000000000000000000000000000000000040000000000000000000400040000000400000000000400040000000000040004000000000004000000000000000000000000000400000000000000000004
	0000000000000000000000000000000400040000000000040004000000000004000000000000000000000000000000000000000000000004002D4C0000496400000800000000000000000000000000000000000000000000000000000000000000000000000000000000000000000000000000000000000000000000000000
	0400000004000000000004000000000000000000000000000400040000000000000000000000000000000000000000000400000000000000000000000400000000000400000000000000040000000000000004000000000004000000000000000000000004000400000000000400000000002D4C0000645C00000000080000
	00000000000000080000000000000000000000000000000000000000000000000000000000000000000000000000000000000000000000000000000000000000000000000000000000000000000400000000000000000000000000000000000000000000000000000000000000000000000000000000000000000000000000
	0000000000000000040000000000000004000000000000000000000000000000000000000000000000000000000000002E4B0000109100000000000000000000000000000000000000000000000000000000000000000000000000000000000000000000000000000000000000000000000000000000000000000000000000
	000000000000000000000000000000000000000000000000000000000000000400000000000000000000000000000000000000000000000000000000000000000000000000000000000000000000000000000000000000000000000400040000000000000004000000000000002E4B00007DD7000008000000000000000000
	00000000000000000000000000000000000000000000000000000000000000000000000000000000000000000000040000000000000000000000000000000000040000000000000000000000000000000000000000000000000004000000000000000000000000000400000000000000000000000000000000000000040000
	000000000000000000000000000000000000000000000000000000000000000000040080000000000000002E4B00006F59000000000000000000000000000000000000000000000000000000000000000000000000000000000000000000000000000000000000000000000000000000000000000000000000000000000000
	000000000400000000000000040000000000040000000000000000000000000000000000000000000000000000000000000000000000000000000000000000000000000004000000000000000000040000000000000000000000000000000000000000002D400000116E000000000000000000000000000000000000000000
	00000000000000000000000000000000000000000000000000000000000000000000000000000000000000000000000000000004000000040000000000000000000000000000000000000000000000040000000000000000000000000000000400000000000000000000000000000000000000000000000000000000000000
	0000000000000000000000000000000000000000000000000000000000002D400000070E00000000000000000000000000000000000000000000000000000000000000000000000000000000000000000000000000000000000000000000000000000000000000000000000000000000040000000000000000000000000000
	0000000000000000000000000000000000000000000000040000000000000000000000000000000000000000000000000000000000000000000000000000000000000004000000000000000000000000000000000000002D40000003E500000000000000000000000000000000000000000000000000000000000000000000
	00000000000000000000000000000000000000000000000000000000000000000000040000000000000000000000000000000000000000000000000000000000000000000000000000000000000000000000000000000000000000000000000000000000000000000000000000000000000000000000000000000000000000
	00000000000000000000000000040000002D40000060E20000000000000800000000000000000000000000000000000000000000000000000000000000000000000000000000000000000000000000000000000000000000000000040000000000000004000000000000000000000004000000040000000000000000000000
	0000000000000000000000000000000000000000000000000400000000000000040000000000000004000000000000000400000000000000000000000000000000000000800080000000000000002E450000658600000000000000000000000000000000000000000000000000000000000000000000000000000000000000
	00000000000000000000000000000000000400000000000000000000000000000000000000040000000000000000000000000000000000000000000000000000000000000000000400000000000000040004000000000000000000000000000000000000000000000000000000000000000000000000000000000000000000
	0000000000000400000000002E450000270700000000000000000000000000000000000000000000000000000000000000000000000000000000000000000000000000000000000000000000000000000000000000000000000000000000000000000000000000000000000000000000000000000000000000000000000000
	00000000000000000000000000001000000000000000000000000000000000000000000000000000000000000000000000000000000000000000000000000000002C4600003FA50000000000000000000000000000000000000000000000000000000000000000000000000000000000000000000000000000000000000000
	000000000000000000000000000000000000000000000000000000000000000000000000000000000000000000000000000000000000000000000000040000000000000000000000000000000000000000000000008000000000000000000000000000000000000000000000000000000000000000002C46000009CE000000
	00000000000000000000000000000000000000000000000000000000000000000000000000000000000000000000000000000000000000000000000000000004000000000000000000000000000000000000000000000000000000000000000000000000000000000000000000000000000000000004000000000000000000
	00000000000000000000040000000000000000000000000000000400000000000000000080000000000000002C46000071000000000000000000000000000000000000000000000000000000000000000000000000000000000000000000000000000000000000000000000000000000000000000000000000000400000000
	00000000000000000000000000000000000000000000000000000000000000001000000000000000000400000000000000000000000000008000000000000000000000000000000000000000000400000000000000000000002A410000CA750000000000000000000000000000000000000000000000000000000000000000
	00000000000000000000000000000000000000000000040000000000000004000000000000000000000000000000000000000000040004000000040000000000000000000000000000000000000000000000000000000000000000000000000000000000000000000000000000000000000000000000000000000000000000
	0000000000040000000000000000000000800000000000000000002F4F000098C900000000000000000000000000000000000000000000000000000000000000000000000000000000000000000000000000000000000004000000000000000000040000000000000000000000000000000000040000000000040004000000
	00000000000000000000000000000000000000000000000000000000000000000000040000000000000000000000000000000000000000000000000000000000000000000000040000000000000000000000000000000000000000002F4F000055270000000000000000000000000000000000000000000000000000000000
	00000000000000000000000000000000000000000000000000000000000000000000000000000000000000000000000000000000000000000000000000000000000000000000000000000000000000000000000000000000000000000000000000000000000000000000000000000000000000000000000000000000000000
	0000000000000000000000000400000000000000000000000000040000002F4F000049E400000000000000000000000000000000000000000000000000000000000000000000000000000000000000000000000000000000000000000000000000000000000000000000000000000000000000000000000000000000000000
	00000000000000000000000000000000000000000000000000000000000000000000000000000000000000000000000000000000000000000000000000000000000000000000000000000000000000000000002C50000049E40000000000000000000000000000000000000000000000000000000000000000000000000000
	00000000000000000000000000000000000000000000000000000000000000000000000000000000000000000000000000000000000000000000000000000000000000000000000000000000000000000000000000000000000000000000000000000000000000000000000000000000000000000000000000000000000000
	0000000000000000002C50000049E400000000000000000000000000000000000000000000000000000000000000000000000000000000000000000000000000000000000000000000000000000000000000000000000000000000000000000000000000000000000000000000000000000000000000000000000000000000
	00000000000000000000000000000000000000000000000000000000000000000000000000000000000000000000000000000000000000000000000000002C500000F79E0000000000000000000000000000000000000000000000000000000000000000000000000000000000000000000000000000000000000000000000
	000000000000000000000000000000000000000000000000000000000000000000000018470000F79E0000000000000000000000000000000000000000000000000000000000000000000000000000000000000000000000000000000000000000000000000000000000000000000000000000000000000000000000000000
	0000000000000000184700001A6E0000B52456E84A9AA956B76454A84A9ABB56A56454A8DA9E2B72A544D4AC5BBA2A52A544DDAD52BB2A52ED4495BF52A96A52ADD6952D52A96ED22956152D76A94AD2295F352456E94A9B2956376454A94A9BBB56A56454A9000F17480000C0550000000200400000000000084900000000
	000020000000002404008000000000001000001200000200400000000000084900000000000E4A000048F2000000080040000002000000000000001000000000000000800400200100000000000000080000000000000040000002001000800000000004000000000000002000000000010008004000000200000000000000
	1000000000000000000018490000567B000000000004000000000000200002000020000000000000000200000000100001000010000000000000000000018000080000800000000800000000000000004000040000400000000000040000000000002000020000200000000000001842000053120000000000000000000000
	0000000000000000000000000000000000000000000000000000000000000000000000000000000000000000000000000000000000000000000000000000000000000000000000000080000000000017430000EBF2000000000000000000000000000000000000000000000000000000000000000000000000000000000000
	0000000000000000000000000000000000000000000000000000000000000000000000000000000000000000164400000B0D0000000000000000000000000000000000000000000000000000000000000000000000000000000000000000000000000000000000000000000000000000000000000000000000000000000080
	00000000000000000016440000E17B000000000000000000000000000000000000000000000000000000000000000000000000000000000000000000000000000000000000000000000000000000000000000000000000000000000000000000000000000000000000174E0000E17B00000000000000000000000000000000
	0000000000000000000000000000000000000000000000000000000000000000000000000000000000000000000000000000000000000000000000000000000000000000000000000000174E00001A260000000000000000000000000000000000000000000000000000000000000000000000000000000000000000000000
	0000000000000000000000000000000000000000000000000000000000000000000000000000000000000000000000184D000002A10000000002001240904080080008000000000000000000000000010009004820402000040004000000000000000000000000048024802010001000020002000000000000000000000200
	1240104000080008000100010000000000000000184D00001A2600000000000000000000000000000000000000000000000000000000000000000000000000000000000000000000000000000000000000000000000000000000000000000000000000000000000000000000000000000000000000000000184D0000FD6900
	00000000000000000000000000000000000000000000000000000000000000000000000000000000000000000000000000000000000000000000000000000000000000000000000000000000000000000000000000000000000000000000000000000000000000000000000000000000000000000000000000000000000000
	00000000000000000000000000000000000000000000000000000000000000000000000000000000000000000000000000002D4C0000FD690000000000000000000000000000000000000000000000000000000000000000000000000000000000000000000000000000000000000000000000000000000000000000000000
	00000000000000000000000000000000000000000000000000000000000000000000000000000000000000000000000000000000000000000000000000000000000000000000000000000000000000000000000000000000000000000000000000000000000000000000002D4C0000B0BA0000000000000000000000000000
	00000000000000000000000000000000000000000000000000000000000000000000000000000000000000000000000000000000000000000000000000000000000000000000000000000000000000000000000000000000000000000000000000000000000000000000000000000000000000000000000000000000000000
	00000000000000000000000000000000000000000000000000000000000000000080008000000000002E4B000082F50000000000000000000000000000000000000000000000000000000000000000000000000000000000000000000000000000000000000000000000000000000000000000000000000000000000000000
	0000000000000000000000000000000000000000000000000000000000000000000000000000000000000000000000000000000000000000000000000000000000000000000000000000000000000000000000000000000000000000000000000000000000002E4B000082F500000000000000000000000000000000000000
	00000000000000000000000000000000000000000000000000000000000000000000000000000000000000000000000000000000000000000000000000000000000000000000000000000000000000000000000000000000000000000000000000000000000000000000000000000000000000000000000000000000000000
	0000000000000000000000000000000000000000000000000000000000000000000000002E4B0000E87600000000000000000000000000000000000000000000000000000000000000000000000000000000000000000000000000000000000000000000000000000000000000000000000000000000000000000000000000
	0000000000000000000000000000000000000000000000000000000000000000000000000000000000000000000000000000000000000000000000000000000000000000000000000000000000000000000000000000000000000000002D400000E87600000000000000000000000000000000000000000000000000000000
	00000000000000000000000000000000000000000000000000000000000000000000000000000000000000000000000000000000000000000000000000000000000000000000000000000000000000000000000000000000000000000000000000000000000000000000000000000000000000000000000000000000000000
	00000000000000000000000000000000000000000000002D400000E8760000000000000000000000000000000000000000000000000000000000000000000000000000000000000000000000000000000000000000000000000000000000000000000000000000000000000000000000000000000000000000000000000000
	00000000000000000000000000000000000000000000000000000000000000000000000000000000000000000000000000000000000000000000000000000000000000000000000000000000000000002D400000E8760000000000000000000000000000000000000000000000000000000000000000000000000000000000
	00000000000000000000000000000000000000000000000000000000000000000000000000000000000000000000000000000000000000000000000000000000000000000000000000000000000000000000000000000000000000000000000000000000000000000000000000000000000000000000000000000000000000
	000000000000000000002D400000951A000000000000000000000000000000000000000000000000000000000000000000000000000000000000000000000000000000000000000000000000000000000000000000000000000000000000000000000000000000000000000000000000000000000000000000000000000000
	00000000000000000000000000000000000000000000000000000000000000000000000000000000000000000000000000000000000000000000000000000000000000000000002E450000951A0000000000000000000000000000000000000000000000000000000000000000000000000000000000000000000000000000
	00000000000000000000000000000000000000000000000000000000000000000000000000000000000000000000000000000000000000000000000000000000000000000000000000000000000000000000000000000000000000000000000000000000000000000000000000000000000000000000000000000000000000
	00000000002E4500001CE40000000000000000000000000000000000000000000000000000000000000000000000000000000000000000000000000000000000000000000000000000000000000000000000000000000000000000000000000000000000000000000000000000000000000000000000000000000000000000
	000000000000000000000000000000000000000000000000000000000000000000000000000000000000000000000000800000000000000000002C460000D8C3000000000000000000000000000000000000000000000000000000000000000000000000000000000000000000000000000000000000000000000000000000
	0000000000000000000000000000000000000000000000000000000000000000000000000000000000000000000000000000000000000000000000000000000000000000000000000000000000000000000000000000000000000000000000000000000000000000000000000000002C460000D8C300000000000000000000
	00000000000000000000000000000000000000000000000000000000000000000000000000000000000000000000000000000000000000000000000000000000000000000000000000000000000000000000000000000000000000000000000000000000000000000000000000000000000000000000000000000000000000
	000000000000000000000000000000000000000000000000000000000000000000000000002C4600006B35000000000000000000000000000000000000000000000000000000000000000000000000000000000000000000000000000000000000000000000000000000000000000000000000000000000000000000000000
	000000000000000000000000000000000000000000000000000000000000000000000000000000000000000000000000000000000000000000000000000000000000000000000000000000000000000000002A4100005F78000000000000000000000000000000000000000000000000000000000000000000000000000000
	00000000000000000000000000000000000000000000000000000000000000000000000000000000000000000000000000000000000000000000000000000000000000000000000000000000000000000000000000000000000000000000000000000000000000000000000000000000000000000000000000000000000000
	00000000000000000000000000000000000000002F4F0000BACD0000000000000000000000000000000000000000000000000000000000000000000000000000000000000000000000000000000000000000000000000000000000000000000000000000000000000000000000000000000000000000000000000000000000
	000000000000000000000000000000000000000000000000000000000000000000000000000000000000000000000000000000000000000000000000000000000000000000000000000000800080000000000000002F4F00005F78000000000000000000000000000000000000000000000000000000000000000000000000
	00000000000000000000000000000000000000000000000000000000000000000000000000000000000000000000000000000000000000000000000000000000000000000000000000000000000000000000000000000000000000000000000000000000000000000000000000000000000000000000000000000000000000
	00000000000000000000000000000000000000000000002F4F00001B3F0000000000000000000000000000000000000000000000000000000000000000000000000000000000000000000000000000000000000000000000000000000000000000000000000000000000000000000000000000000000000000000000000000
	0000000000000000000000000000000000000000000000000000000000000000000000000000000000000000000000000000000000000000000000000000000000000000000000002B7200001B3F00000000000000000000000000000000000000000000000000000000000000000000000000000000000000000000000000
	000000000000000000000000000000000000000000000000000000000000000000000000000000000000000000000000000000000000000000000000000000000000000000000000000000000000000000000000000000000000000000000000000000000000000000000000000000000000000000000000002B7200001B3F
	00000000000000000000000000000000000000000000000000000000000000000000000000000000000000000000000000000000000000000000000000000000000000000000000000000000000000000000000000000000000000000000000000000000000000000000000000000000000000000000000000000000000000
	000000000000000000000000000000000000000000000000000000000000000000000000000000000000002B7200003374000000000000000000000000000000000000000000000000000000000000000000000000000000000000000000000000000000000000000000000000000000000000000000000000000000000000
	000000000000000000000000175600005F7800000000000000000000000000000000000000000000000000000000000000000000000000000000000000000000000000000000000000000000000000000000000000000000000000000000000000000000000000000000000000000000000000000000000000000000000000
	00000000000000000000000000000000000000000000000000000000000000000000000000000000000000000000000000000000000000000000000000000000000000000000000000000000002F4F00005F780000000000000000000000000000000000000000000000000000000000000000000000000000000000000000
	00000000000000000000000000000000000000000000000000000000000000000000000000000000000000000000000000000000000000000000000000000000000000000000000000000000000000000000000000000000000000000000000000000000000000000000000000000000000000000000000000000000000000
	0000000000000000000000000000002F4F00005F7800000000000000000000000000000000000000000000000000000000000000000000000000000000000000000000000000000000000000000000000000000000000000000000000000000000000000000000000000000000000000000000000000000000000000000000
	00000000000000000000000000000000000000000000000000000000000000000000000000000000000000000000000000000000000000000000000000000000000000000000000000000000000000002F4F00005F780000000000000000000000000000000000000000000000000000000000000000000000000000000000
	00000000000000000000000000000000000000000000000000000000000000000000000000000000000000000000000000000000000000000000000000000000000000000000000000000000000000000000000000000000000000000000000000000000000000000000000000000000000000000000000000000000000000
	0000000000000000000000000000000000002F4F00003F7400000000000000000000000000000000000000000000000000000000000000000000000000000000000000000000000000000000000000000000000000000000000000000000000000000000000000000000000000000000000000000000000000000000000000
	0000000000000000000000000000000000000000000000000000000000000000000000000000000000000000000000000000000000000000000000295800003F740000000000000000000000000000000000000000000000000000000000000000000000000000000000000000000000000000000000000000000000000000
	00000000000000000000000000000000000000000000000000000000000000000000000000000000000000000000000000000000000000000000000000000000000000000000000000000000000000000000000000000000000000000000000000000000295800003F74000000000000000000000000000000000000000000
	00000000000000000000000000000000000000000000000000000000000000000000000000000000000000000000000000000000000000000000000000000000000000000000000000000000000000000000000000000000000000000000000000000000000000000000000000000000000000000000000000000000000000
	0000000000000000000000000000295800008CB300001830210884C31890480C8009800001800C401018C2840C612448C0064004000006C00820610C8642123060242003000203000460301043860921301890120001010102801830210884C31890480C80098000018000400000175900004A760000000000000080080000
	0880000000000000000000000004400000400400000000000000000000020000202000000200000000000000000100000010100000000100000000000000000080080000088000000000000000000017590000FED300002108854214D05814410D844111104444101142840AA12C68A00AC286082022888822210885421650
	50346105044311104444101142840BA12828B01A82820821228888222108854214D05814410D844111104444001100001759000022A900000000000000000000000000000000000000000000000000000000000000000000000000000000000000000000000000000000000000000000000000000000000000000000000000
	00000000000000000000000000000000000000000000000000000000000000000000000000000000000000000000000000000000000000000000000000225A000022A9000000000000000000000000000000000000000000000000000000000000000000000000000000000000000000000000000000000000000000000000
	0000000000000000000000000000000000000000000000000000000000000000000000000000000000000000000000000000000000000000000000000000000000000000000000000000225A000022A90000000000000000000000000000000000000000000000000000000000000000000000000000000000000000000000
	000000000000000000000000000000000000000000000000000000000000000000000000000000000000000000000000000000000000000000000000000000000000000000000000000000000000000000000000000000225A0000FE9D00000000000000000000000000000000000000000200002020000002000000000000
	0000000000000000000000000000010000001010000000010000000000000000000000000000000000000000008008000008800000000000000000000000000000000000000000000000044000004004000000000000000000000000000000000000000000000200002020000002000000000000265B0000A1730000000000
	00000000000000000000000000020002202220202220020002000000000000000000000000000000000100010011101010101100010001000000000000000000000000000000000080088008888808800880000000000000000000000000000000000000000440044044444004400400000000000000000000000000000000
	000002000220222020222002000200000000265B0000332100000000000000000000000000000000000000000000020000202000000200000000000000000000000000000000000000000100000010100000000100000000000000000000000000000000000000000080080000088000000000000000000000000000000000
	0000000000000004400000400400000000000000000000000000000000000000000000020000202000000200000000265B0000FE9D0000000000000000000000000000000000000000020000202000000200000000000000000000000000000000000000000100000010100000000100000000000000000000000000000000
	00000000008008000008800000000000000000000000000000000000000000000000044000004004000000000000000000000000000000000000000000000200002020000002000000000000265B0000F4C2000000000000000000000000000000000000020002202020220200222000000200000000000000000000000000
	000100010010101110000110110000000100000000000000000000000000000080088008088088880000088000000000000000000000000000000000000440044040044444000040040000000000000000000000000000000002000220202022020022200000020000265B0000AFD700000000000000000000000000000000
	00000000000000000000000000000000000000000000000000000000000000000000000000000000000000000000000000000000000000000000000000000000000000000000000000000000000000000000000000000000000000000000000000000000000000000000000000000000000000000000000000000000000000
	00000000000000265B0000D2A0000000004004000000000000000000000000020002202020200200020200002020000002000000000000000000000100010010101010000101010000101000000001000000000000000000000080088008088008800000800800000880000000000000000000000000000440044040044004
	000004400000400400000000000000000000000002000220202020020002020000200000265B000040F200000000400400000000000000000000000000000000000000000000020000202000000200000000000000000000000000000000000000000100000010100000000100000000000000000000000000000000000000
	0000800800000880000000000000000000000000000000000000000000000004400000400400000000000000000000000000000000000000000000020000200000265B0000AFD70000000000000000000000000000000000000000000000000000000000000000000000000000000000000000000000000000000000000000
	00000000000000000000000000000000000000000000000000000000000000000000000000000000000000000000000000000000000000000000000000000000000000000000000000000000000000000000000000000000000000000000265B00003574000000000000000000000000000000000000000000000000000000
	00000000000000000000000000000000000000000000000000000000000000000000000000000000000000000000000000000000000000000000000000000000000000000000000000000000000000000000000000000000000000000000000000000000000000000000000000000000000000000000000000000000000000
	000000000000000000000000000000002B5F0000E94D000000000000000000000000000000000000000000000000000000000000000000000000000000000000000000000000000000000000000000000000000000000000000000000000000000000000000000000000000000000000000000000000000000000000000000
	000000000000000000000000000000000000000000000000000000000000000000000000000000000000000000000000000000000000000000000000000000000000000000000000002D730000E94D000000000000000000000000000000000000000000000000000000000000000000000000000000000000000000000000
	00000000000000000000000000000000000000000000000000000000000000000000000000000000000000000000000000000000000000000000000000000000000000000000000000000000000000000000000000000000000000000000000000000000000000000000000000000000000000000000000000000000000000
	0000002D730000E94D00000000000000000000000000000000000000000000000000000000000000000000000000000000000000000000000000000000000000000000000000000000000000000000000000000000000000000000000000000000000000000000000000000000000000000000000000000000000000000000
	0000000000000000000000000000000000000000000000000000000000000000000000000000000000000000000000000000000000000000000000002D7300001B3F00000000000000000000000000000000000000000000000000000000000000000000000000000000000000000000000000000000000000000000000000
	000000000000000000000000000000000000000000000000000000000000000000000000000000000000000000000000000000000000000000000000000000000000000000000000000000000000000000000000000000000000000000000000000000000000000000000000002B7200001B3F000000000000000000000000
	00000000000000000000000000000000000000000000000000000000000000000000000000000000000000000000000000000000000000000000000000000000000000000000000000000000000000000000000000000000000000000000000000000000000000000000000000000000000000000000000000000000000000
	000000000000000000000000000000000000000000000000000000000000002B7200001B3F000000000000000000000000000000000000000000000000000000000000000000000000000000000000000000000000000000000000000000000000000000000000000000000000000000000000000000000000000000000000
	00000000000000000000000000000000000000000000000000000000000000000000000000000000000000000000000000000000000000000000000000000000000000000000000000000000000000002B720000FCDA0000000000000000000000000000000000000000000000000000000000000000000000000000000000
	0000000000000000000000000000000000000000000000000000000000000000000000000000000000000000000000000000000000000000000000000000000000000000000000000000000000000000000000000000000000000000000000000000000000000000000000000000000000000000000000000029710000E94D
	00000000000000000000000000000000000000000000000000000000000000000000000000000000000000000000000000000000000000000000000000000000000000000000000000000000000000000000000000000000000000000000000000000000000000000000000000000000000000000000000000000000000000
	0000000000000000000000000000000000000000000000000000000000000000000000000000000000000000000000000000002D730000E94D00000000000000000000000000000000000000000000000000000000000000000000000000000000000000000000000000000000000000000000000000000000000000000000
	0000000000000000000000000000000000000000000000000000000000000000000000000000000000000000000000000000000000000000000000000000000000000000000000000000000000000000000000000000000000000000000000000000000000000000000000002D730000E94D00000000000000000000000000
	00000000000000000000000000000000000000000000000000000000000000000000000000000000000000000000000000000000000000000000000000000000000000000000000000000000000000000000000000000000000000000000000000000000000000000000000000000000000000000000000000000000000000
	00000000000000000000000000000000000000000000000000000000000000000000000000002D73000049E40000000000000000000000000000000000000000000000000000000000000000000000000000000000000000000000000000000000000000000000000000000000000000000000000000000000000000000000
	000000000000000000000000000000000000000000000000000000000000000000000000000000000000000000000000000000000000000000000000000000000000000000000000000000000000000000000000000000000000002C50000049E4000000000000000000000000000000000000000000000000000000000000
	00000000000000000000000000000000000000000000000000000000000000000000000000000000000000000000000000000000000000000000000000000000000000000000000000000000000000000000000000000000000000000000000000000000000000000000000000000000000000000000000000000000000000
	00000000000000000000000000000000002C50000049E40000000000000000000000000000000000000000000000000000000000000000000000000000000000000000000000000000000000000000000000000000000000000000000000000000000000000000000000000000000000000000000000000000000000000000
	000000000000000000000000000000000000000000000000000000000000000000000000000000000000000000000000000000000000000000000000000000000000000000002C500000F79E000000000000000000000000000000000000000000000000000000000000000000000000000000000000000000000000000000
	0000000000000000000000000000000000000000000000000000000000000000000000000000000000000018470000F79E000000000000000000000000000000000000000000000000000000000000000000000000000000000000000000000000000000000000000000000000000000000000000000000000000000000000
	000000000000000000000000000000001847000009550000B52456E84A9AA956B76454A84A9ABB56A56454A8DA9E2B72A544D4AC5BBA2A52A544DDAD52BB2A52ED4495BF52A96A52ADD6952D52A96ED22956152D76A94AD2295F352456E94A9B2956376454A94A9B3B56256454A9000F17480000C055000000020040000000
	0000084900000000000020000000002404008000000000001000001200000200400000000000084900000000000E4A0000825C00000008004000000200000000000000100000000000000080040020010000000000000008000000000000004000000200100080000000000400000000000000200000000001000800400000
	02000000000000009000000000000000000018490000567B000000000004000000000000200002000020000000000000000200000000100001000010000000000000000000018000080000800000000800000000000000004000040000400000000000040000000000002000020000200000000000001842000099BC000000
	00000000000000000000000000000000000000000000000000000000000000000000000000000000000000000000000000000000000000000000000000000000000000000000000000000000000000000000000000000017430000EBF200000000000000000000000000000000000000000000000000000000000000000000
	0000000000000000000000000000000000000000000000000000000000000000000000000000000000000000000000000000000016440000EBF2000000000000000000000000000000000000000000000000000000000000000000000000000000000000000000000000000000000000000000000000000000000000000000
	000000000000000000000000000000000016440000F240000000000000000000000000000000000000000000000000000000000000000000000000000000000000000000000000000000000000000000000000000000000000000000000000000000000000000000008000800000000000174E0000E17B0000000000000000
	00000000000000000000000000000000000000000000000000000000000000000000000000000000000000000000000000000000000000000000000000000000000000000000000000000000000000000000174E00001A26000000000000000000000000000000000000000000000000000000000000000000000000000000
	00000000000000000000000000000000000000000000000000000000000000000000000000000000000000000000000000000000000000184D000002A1000000000200124090408008000800000000000000000000000001000900482040200004000400000000000000000000000004802480201000100002000200000000
	00000000000002001240104000080008000100010000000000000000184D0000CC26000000000000000000000000000000000000000000000000000000000000000000000000000000000000000000000000000000000000000000000000000000000000000000000000000000000000000000000000000000008000000000
	00184D0000FD69000000000000000000000000000000000000000000000000000000000000000000000000000000000000000000000000000000000000000000000000000000000000000000000000000000000000000000000000000000000000000000000000000000000000000000000000000000000000000000000000
	000000000000000000000000000000000000000000000000000000000000000000000000000000000000000000000000000000000000000000002D4C0000CFAF000000000000000000000000000000000000000000000000000000000000000000000000000000000000000000000000000000000000000000000000000000
	000000000000000000000000000000000000000000000000000000000000000000000000000000000000000000000000000000000000000000000000000000000000000000000000000000000000000000000000000000000000000000000000000000000000000000000000008000000000002D4C000082F5000000000000
	00000000000000000000000000000000000000000000000000000000000000000000000000000000000000000000000000000000000000000000000000000000000000000000000000000000000000000000000000000000000000000000000000000000000000000000000000000000000000000000000000000000000000
	000000000000000000000000000000000000000000000000000000000000000000000000000000000000000000000000002E4B000082F5000000000000000000000000000000000000000000000000000000000000000000000000000000000000000000000000000000000000000000000000000000000000000000000000
	00000000000000000000000000000000000000000000000000000000000000000000000000000000000000000000000000000000000000000000000000000000000000000000000000000000000000000000000000000000000000000000000000000000000000000000000000002E4B000082F50000000000000000000000
	00000000000000000000000000000000000000000000000000000000000000000000000000000000000000000000000000000000000000000000000000000000000000000000000000000000000000000000000000000000000000000000000000000000000000000000000000000000000000000000000000000000000000
	00000000000000000000000000000000000000000000000000000000000000000000000000000000000000002E4B0000E8760000000000000000000000000000000000000000000000000000000000000000000000000000000000000000000000000000000000000000000000000000000000000000000000000000000000
	00000000000000000000000000000000000000000000000000000000000000000000000000000000000000000000000000000000000000000000000000000000000000000000000000000000000000000000000000000000000000000000000000000000002D400000E8760000000000000000000000000000000000000000
	00000000000000000000000000000000000000000000000000000000000000000000000000000000000000000000000000000000000000000000000000000000000000000000000000000000000000000000000000000000000000000000000000000000000000000000000000000000000000000000000000000000000000
	000000000000000000000000000000000000000000000000000000000000002D400000E876000000000000000000000000000000000000000000000000000000000000000000000000000000000000000000000000000000000000000000000000000000000000000000000000000000000000000000000000000000000000
	000000000000000000000000000000000000000000000000000000000000000000000000000000000000000000000000000000000000000000000000000000000000000000000000000000000000000000000000000000002D400000E876000000000000000000000000000000000000000000000000000000000000000000
	00000000000000000000000000000000000000000000000000000000000000000000000000000000000000000000000000000000000000000000000000000000000000000000000000000000000000000000000000000000000000000000000000000000000000000000000000000000000000000000000000000000000000
	0000000000000000000000000000000000002D400000D20E00000000000000000000000000000000000000000000000000000000000000000000000000000000000000000000000000000000000000000000000000000000000000000000000000000000000000000000000000000000000000000000000000000000000000
	000000000000000000000000000000000000000000000000000000000000000000000000000000000000000000000000000000000000000000000000000000000000000000800080000000000000002E450000951A000000000000000000000000000000000000000000000000000000000000000000000000000000000000
	00000000000000000000000000000000000000000000000000000000000000000000000000000000000000000000000000000000000000000000000000000000000000000000000000000000000000000000000000000000000000000000000000000000000000000000000000000000000000000000000000000000000000
	000000000000000000000000002E450000D8C3000000000000000000000000000000000000000000000000000000000000000000000000000000000000000000000000000000000000000000000000000000000000000000000000000000000000000000000000000000000000000000000000000000000000000000000000
	0000000000000000000000000000000000000000000000000000000000000000000000000000000000000000000000000000000000000000000000000000000000002C460000D8C300000000000000000000000000000000000000000000000000000000000000000000000000000000000000000000000000000000000000
	00000000000000000000000000000000000000000000000000000000000000000000000000000000000000000000000000000000000000000000000000000000000000000000000000000000000000000000000000000000000000000000000000000000000000000000000000000000000000000000002C460000BBD90000
	00000000000000000000000000000000000000000000000000000000000000000000000000000000000000000000000000000000000000000000000000000000000000000000000000000000000000000000000000000000000000000000000000000000000000000000000000000000000000000000000000000000000000
	0000000000000000000000000000000000000000000000000000000000000000000000000080000000000000002C4600006B3500000000000000000000000000000000000000000000000000000000000000000000000000000000000000000000000000000000000000000000000000000000000000000000000000000000
	0000000000000000000000000000000000000000000000000000000000000000000000000000000000000000000000000000000000000000000000000000000000000000000000000000000000000000000000000000000000002A41000018E500000000000000000000000000000000000000000000000000000000000000
	00000000000000000000000000000000000000000000000000000000000000000000000000000000000000000000000000000000000000000000000000000000000000000000000000000000000000000000000000000000000000000000000000000000000000000000000000000000000000000000000000000000000000
	000000000000000000000000000000000000800000000000000000002F4F00005F78000000000000000000000000000000000000000000000000000000000000000000000000000000000000000000000000000000000000000000000000000000000000000000000000000000000000000000000000000000000000000000
	0000000000000000000000000000000000000000000000000000000000000000000000000000000000000000000000000000000000000000000000000000000000000000000000000000000000000000000000000000000000000000002F4F00005F7800000000000000000000000000000000000000000000000000000000
	00000000000000000000000000000000000000000000000000000000000000000000000000000000000000000000000000000000000000000000000000000000000000000000000000000000000000000000000000000000000000000000000000000000000000000000000000000000000000000000000000000000000000
	000000000000000000000000000000000000000000000000000000000000002F4F000049E4000000000000000000000000000000000000000000000000000000000000000000000000000000000000000000000000000000000000000000000000000000000000000000000000000000000000000000000000000000000000
	0000000000000000000000000000000000000000000000000000000000000000000000000000000000000000000000000000000000000000000000000000000000000000000000000000000000000000000000002C50000049E400000000000000000000000000000000000000000000000000000000000000000000000000
	00000000000000000000000000000000000000000000000000000000000000000000000000000000000000000000000000000000000000000000000000000000000000000000000000000000000000000000000000000000000000000000000000000000000000000000000000000000000000000000000000000000000000
	000000000000000000002C50000049E4000000000000000000000000000000000000000000000000000000000000000000000000000000000000000000000000000000000000000000000000000000000000000000000000000000000000000000000000000000000000000000000000000000000000000000000000000000
	0000000000000000000000000000000000000000000000000000000000000000000000000000000000000000000000000000000000000000000000000000002C500000F79E00000000000000000000000000000000000000000000000000000000000000000000000000000000000000000000000000000000000000000000
	00000000000000000000000000000000000000000000000000000000000000000000000018470000F79E00000000000000000000000000000000000000000000000000000000000000000000000000000000000000000000000000000000000000000000000000000000000000000000000000000000000000000000000000
	000000000000000000184700001A6E0000B52456E84A9AA956B76454A84A9ABB56A56454A8DA9E2B72A544D4AC5BBA2A52A544DDAD52BB2A52ED4495BF52A96A52ADD6952D52A96ED22956152D76A94AD2295F352456E94A9B2956376454A94A9BBB56A56454A9000F17480000C05500000002004000000000000849000000
	00000020000000002404008000000000001000001200000200400000000000084900000000000E4A000048F20000000800400000020000000000000010000000000000008004002001000000000000000800000000000000400000020010008000000000040000000000000020000000000100080040000002000000000000
	001000000000000000000018490000567B000000000004000000000000200002000020000000000000000200000000100001000010000000000000000000018000080000800000000800000000000000004000040000400000000000040000000000002000020000200000000000001842000099BC00000000000000000000
	000000000000000000000000000000000000000000000000000000000000000000000000000000000000000000000000000000000000000000000000000000000000000000000000000000000000000017430000EBF20000000000000000000000000000000000000000000000000000000000000000000000000000000000
	00000000000000000000000000000000000000000000000000000000000000000000000000000000000000000016440000EBF200000000000000000000000000000000000000000000000000000000000000000000000000000000000000000000000000000000000000000000000000000000000000000000000000000000
	0000000000000000000016440000E17B000000000000000000000000000000000000000000000000000000000000000000000000000000000000000000000000000000000000000000000000000000000000000000000000000000000000000000000000000000000000174E0000E17B000000000000000000000000000000
	000000000000000000000000000000000000000000000000000000000000000000000000000000000000000000000000000000000000000000000000000000000000000000000000000000174E00001A2600000000000000000000000000000000000000000000000000000000000000000000000000000000000000000000
	000000000000000000000000000000000000000000000000000000000000000000000000000000000000000000000000184D000002A100000000020012409040800800080000000000000000000000000100090048204020000400040000000000000000000000000480248020100010000200020000000000000000000002
	001240104000080008000100010000000000000000184D00001A2600000000000000000000000000000000000000000000000000000000000000000000000000000000000000000000000000000000000000000000000000000000000000000000000000000000000000000000000000000000000000000000184D0000FD69
	00000000000000000000000000000000000000000000000000000000000000000000000000000000000000000000000000000000000000000000000000000000000000000000000000000000000000000000000000000000000000000000000000000000000000000000000000000000000000000000000000000000000000
	0000000000000000000000000000000000000000000000000000000000000000000000000000000000000000000000000000002D4C0000FD6900000000000000000000000000000000000000000000000000000000000000000000000000000000000000000000000000000000000000000000000000000000000000000000
	0000000000000000000000000000000000000000000000000000000000000000000000000000000000000000000000000000000000000000000000000000000000000000000000000000000000000000000000000000000000000000000000000000000000000000000000002D4C000082F500000000000000000000000000
	00000000000000000000000000000000000000000000000000000000000000000000000000000000000000000000000000000000000000000000000000000000000000000000000000000000000000000000000000000000000000000000000000000000000000000000000000000000000000000000000000000000000000
	0000000000000000000000000000000000000000000000000000000000000000000000000000000000002E4B000082F500000000000000000000000000000000000000000000000000000000000000000000000000000000000000000000000000000000000000000000000000000000000000000000000000000000000000
	000000000000000000000000000000000000000000000000000000000000000000000000000000000000000000000000000000000000000000000000000000000000000000000000000000000000000000000000000000000000000000000000000000000000002E4B000082F5000000000000000000000000000000000000
	00000000000000000000000000000000000000000000000000000000000000000000000000000000000000000000000000000000000000000000000000000000000000000000000000000000000000000000000000000000000000000000000000000000000000000000000000000000000000000000000000000000000000
	000000000000000000000000000000000000000000000000000000000000000000000000002E4B0000E876000000000000000000000000000000000000000000000000000000000000000000000000000000000000000000000000000000000000000000000000000000000000000000000000000000000000000000000000
	000000000000000000000000000000000000000000000000000000000000000000000000000000000000000000000000000000000000000000000000000000000000000000000000000000000000000000000000000000000000000000002D400000E876000000000000000000000000000000000000000000000000000000
	00000000000000000000000000000000000000000000000000000000000000000000000000000000000000000000000000000000000000000000000000000000000000000000000000000000000000000000000000000000000000000000000000000000000000000000000000000000000000000000000000000000000000
	0000000000000000000000000000000000000000000000002D400000E87600000000000000000000000000000000000000000000000000000000000000000000000000000000000000000000000000000000000000000000000000000000000000000000000000000000000000000000000000000000000000000000000000
	0000000000000000000000000000000000000000000000000000000000000000000000000000000000000000000000000000000000000000000000000000000000000000000000000000000000000000002D400000E87600000000000000000000000000000000000000000000000000000000000000000000000000000000
	00000000000000000000000000000000000000000000000000000000000000000000000000000000000000000000000000000000000000000000000000000000000000000000000000000000000000000000000000000000000000000000000000000000000000000000000000000000000000000000000000000000000000
	00000000000000000000002D400000951A0000000000000000000000000000000000000000000000000000000000000000000000000000000000000000000000000000000000000000000000000000000000000000000000000000000000000000000000000000000000000000000000000000000000000000000000000000
	0000000000000000000000000000000000000000000000000000000000000000000000000000000000000000000000000000000000000000000000000000000000000000000000002E450000951A00000000000000000000000000000000000000000000000000000000000000000000000000000000000000000000000000
	00000000000000000000000000000000000000000000000000000000000000000000000000000000000000000000000000000000000000000000000000000000000000000000000000000000000000000000000000000000000000000000000000000000000000000000000000000000000000000000000000000000000000
	0000000000002E450000D8C300000000000000000000000000000000000000000000000000000000000000000000000000000000000000000000000000000000000000000000000000000000000000000000000000000000000000000000000000000000000000000000000000000000000000000000000000000000000000
	00000000000000000000000000000000000000000000000000000000000000000000000000000000000000000000000000000000000000000000002C460000D8C30000000000000000000000000000000000000000000000000000000000000000000000000000000000000000000000000000000000000000000000000000
	000000000000000000000000000000000000000000000000000000000000000000000000000000000000000000000000000000000000000000000000000000000000000000000000000000000000000000000000000000000000000000000000000000000000000000000000000000002C460000D8C3000000000000000000
	00000000000000000000000000000000000000000000000000000000000000000000000000000000000000000000000000000000000000000000000000000000000000000000000000000000000000000000000000000000000000000000000000000000000000000000000000000000000000000000000000000000000000
	00000000000000000000000000000000000000000000000000000000000000000000000000002C4600006B350000000000000000000000000000000000000000000000000000000000000000000000000000000000000000000000000000000000000000000000000000000000000000000000000000000000000000000000
	00000000000000000000000000000000000000000000000000000000000000000000000000000000000000000000000000000000000000000000000000000000000000000000000000000000000000000000002A4100005F780000000000000000000000000000000000000000000000000000000000000000000000000000
	00000000000000000000000000000000000000000000000000000000000000000000000000000000000000000000000000000000000000000000000000000000000000000000000000000000000000000000000000000000000000000000000000000000000000000000000000000000000000000000000000000000000000
	0000000000000000000000000000000000000000002F4F00005F7800000000000000000000000000000000000000000000000000000000000000000000000000000000000000000000000000000000000000000000000000000000000000000000000000000000000000000000000000000000000000000000000000000000
	00000000000000000000000000000000000000000000000000000000000000000000000000000000000000000000000000000000000000000000000000000000000000000000000000000000000000000000000000002F4F00005F780000000000000000000000000000000000000000000000000000000000000000000000
	00000000000000000000000000000000000000000000000000000000000000000000000000000000000000000000000000000000000000000000000000000000000000000000000000000000000000000000000000000000000000000000000000000000000000000000000000000000000000000000000000000000000000
	0000000000000000000000000000000000000000000000002F4F000049E400000000000000000000000000000000000000000000000000000000000000000000000000000000000000000000000000000000000000000000000000000000000000000000000000000000000000000000000000000000000000000000000000
	00000000000000000000000000000000000000000000000000000000000000000000000000000000000000000000000000000000000000000000000000000000000000000000000000000000002C50000049E40000000000000000000000000000000000000000000000000000000000000000000000000000000000000000
	00000000000000000000000000000000000000000000000000000000000000000000000000000000000000000000000000000000000000000000000000000000000000000000000000000000000000000000000000000000000000000000000000000000000000000000000000000000000000000000000000000000000000
	0000002C50000049E400000000000000000000000000000000000000000000000000000000000000000000000000000000000000000000000000000000000000000000000000000000000000000000000000000000000000000000000000000000000000000000000000000000000000000000000000000000000000000000
	00000000000000000000000000000000000000000000000000000000000000000000000000000000000000000000000000000000000000002C500000F79E0000000000000000000000000000000000000000000000000000000000000000000000000000000000000000000000000000000000000000000000000000000000
	000000000000000000000000000000000000000000000000000000000018470000F79E0000000000000000000000000000000000000000000000000000000000000000000000000000000000000000000000000000000000000000000000000000000000000000000000000000000000000000000000000000000000000000
	00001847000009550000B52456E84A9AA956B76454A84A9ABB56A56454A8DA9E2B72A544D4AC5BBA2A52A544DDAD52BB2A52ED4495BF52A96A52ADD6952D52A96ED22956152D76A94AD2295F352456E94A9B2956376454A94A9B3B56256454A9000F17480000C0550000000200400000000000084900000000000020000000
	002404008000000000001000001200000200400000000000084900000000000E4A000048F2000000080040000002000000000000001000000000000000800400200100000000000000080000000000000040000002001000800000000004000000000000002000000000010008004000000200000000000000100000000000
	0000000018490000567B000000000004000000000000200002000020000000000000000200000000100001000010000000000000000000018000080000800000000800000000000000004000040000400000000000040000000000002000020000200000000000001842000099BC0000000000000000000000000000000000
	0000000000000000000000000000000000000000000000000000000000000000000000000000000000000000000000000000000000000000000000000000000000000000000000000017430000EBF2000000000000000000000000000000000000000000000000000000000000000000000000000000000000000000000000
	000000000000000000000000000000000000000000000000000000000000000000000000000016440000EBF20000000000000000000000000000000000000000000000000000000000000000000000000000000000000000000000000000000000000000000000000000000000000000000000000000000000000000000000
	00000016440000E17B000000000000000000000000000000000000000000000000000000000000000000000000000000000000000000000000000000000000000000000000000000000000000000000000000000000000000000000000000000000000174E0000E17B00000000000000000000000000000000000000000000
	0000000000000000000000000000000000000000000000000000000000000000000000000000000000000000000000000000000000000000000000000000000000000000174E00001A260000000000000000000000000000000000000000000000000000000000000000000000000000000000000000000000000000000000
	0000000000000000000000000000000000000000000000000000000000000000000000000000000000184D000002A10000000002001240904080080008000000000000000000000000010009004820402000040004000000000000000000000000048024802010001000020002000000000000000000000200124010400008
	0008000100010000000000000000184D00001A2600000000000000000000000000000000000000000000000000000000000000000000000000000000000000000000000000000000000000000000000000000000000000000000000000000000000000000000000000000000000000000000184D0000FD6900000000000000
	00000000000000000000000000000000000000000000000000000000000000000000000000000000000000000000000000000000000000000000000000000000000000000000000000000000000000000000000000000000000000000000000000000000000000000000000000000000000000000000000000000000000000
	00000000000000000000000000000000000000000000000000000000000000000000000000000000000000002D4C0000FD690000000000000000000000000000000000000000000000000000000000000000000000000000000000000000000000000000000000000000000000000000000000000000000000000000000000
	00000000000000000000000000000000000000000000000000000000000000000000000000000000000000000000000000000000000000000000000000000000000000000000000000000000000000000000000000000000000000000000000000000000002D4C000082F50000000000000000000000000000000000000000
	00000000000000000000000000000000000000000000000000000000000000000000000000000000000000000000000000000000000000000000000000000000000000000000000000000000000000000000000000000000000000000000000000000000000000000000000000000000000000000000000000000000000000
	00000000000000000000000000000000000000000000000000000000000000000000002E4B000082F50000000000000000000000000000000000000000000000000000000000000000000000000000000000000000000000000000000000000000000000000000000000000000000000000000000000000000000000000000
	0000000000000000000000000000000000000000000000000000000000000000000000000000000000000000000000000000000000000000000000000000000000000000000000000000000000000000000000000000000000000000000000002E4B000082F500000000000000000000000000000000000000000000000000
	00000000000000000000000000000000000000000000000000000000000000000000000000000000000000000000000000000000000000000000000000000000000000000000000000000000000000000000000000000000000000000000000000000000000000000000000000000000000000000000000000000000000000
	0000000000000000000000000000000000000000000000000000000000002E4B0000E87600000000000000000000000000000000000000000000000000000000000000000000000000000000000000000000000000000000000000000000000000000000000000000000000000000000000000000000000000000000000000
	0000000000000000000000000000000000000000000000000000000000000000000000000000000000000000000000000000000000000000000000000000000000000000000000000000000000000000000000000000002D400000E87600000000000000000000000000000000000000000000000000000000000000000000
	00000000000000000000000000000000000000000000000000000000000000000000000000000000000000000000000000000000000000000000000000000000000000000000000000000000000000000000000000000000000000000000000000000000000000000000000000000000000000000000000000000000000000
	00000000000000000000000000000000002D400000E8760000000000000000000000000000000000000000000000000000000000000000000000000000000000000000000000000000000000000000000000000000000000000000000000000000000000000000000000000000000000000000000000000000000000000000
	00000000000000000000000000000000000000000000000000000000000000000000000000000000000000000000000000000000000000000000000000000000000000000000000000002D400000E8760000000000000000000000000000000000000000000000000000000000000000000000000000000000000000000000
	00000000000000000000000000000000000000000000000000000000000000000000000000000000000000000000000000000000000000000000000000000000000000000000000000000000000000000000000000000000000000000000000000000000000000000000000000000000000000000000000000000000000000
	000000002D400000951A000000000000000000000000000000000000000000000000000000000000000000000000000000000000000000000000000000000000000000000000000000000000000000000000000000000000000000000000000000000000000000000000000000000000000000000000000000000000000000
	00000000000000000000000000000000000000000000000000000000000000000000000000000000000000000000000000000000000000000000000000000000002E450000951A0000000000000000000000000000000000000000000000000000000000000000000000000000000000000000000000000000000000000000
	0000000000000000000000000000000000000000000000000000000000000000000000000000000000000000000000000000000000000000000000000000000000000000000000000000000000000000000000000000000000000000000000000000000000000000000000000000000000000000000000000000000000002E
	450000D8C30000000000000000000000000000000000000000000000000000000000000000000000000000000000000000000000000000000000000000000000000000000000000000000000000000000000000000000000000000000000000000000000000000000000000000000000000000000000000000000000000000
	000000000000000000000000000000000000000000000000000000000000000000000000000000000000000000000000000000002C460000D8C3000000000000000000000000000000000000000000000000000000000000000000000000000000000000000000000000000000000000000000000000000000000000000000
	0000000000000000000000000000000000000000000000000000000000000000000000000000000000000000000000000000000000000000000000000000000000000000000000000000000000000000000000000000000000000000000000000000000000000000002C460000D8C300000000000000000000000000000000
	00000000000000000000000000000000000000000000000000000000000000000000000000000000000000000000000000000000000000000000000000000000000000000000000000000000000000000000000000000000000000000000000000000000000000000000000000000000000000000000000000000000000000
	000000000000000000000000000000000000000000000000000000000000002C4600006B35000000000000000000000000000000000000000000000000000000000000000000000000000000000000000000000000000000000000000000000000000000000000000000000000000000000000000000000000000000000000
	000000000000000000000000000000000000000000000000000000000000000000000000000000000000000000000000000000000000000000000000000000000000000000000000000000002A4100005F78000000000000000000000000000000000000000000000000000000000000000000000000000000000000000000
	00000000000000000000000000000000000000000000000000000000000000000000000000000000000000000000000000000000000000000000000000000000000000000000000000000000000000000000000000000000000000000000000000000000000000000000000000000000000000000000000000000000000000
	00000000000000000000000000002F4F00005F780000000000000000000000000000000000000000000000000000000000000000000000000000000000000000000000000000000000000000000000000000000000000000000000000000000000000000000000000000000000000000000000000000000000000000000000
	000000000000000000000000000000000000000000000000000000000000000000000000000000000000000000000000000000000000000000000000000000000000000000000000000000000000002F4F00005F78000000000000000000000000000000000000000000000000000000000000000000000000000000000000
	00000000000000000000000000000000000000000000000000000000000000000000000000000000000000000000000000000000000000000000000000000000000000000000000000000000000000000000000000000000000000000000000000000000000000000000000000000000000000000000000000000000000000
	00000000000000000000000000000000002F4F000049E40000000000000000000000000000000000000000000000000000000000000000000000000000000000000000000000000000000000000000000000000000000000000000000000000000000000000000000000000000000000000000000000000000000000000000
	000000000000000000000000000000000000000000000000000000000000000000000000000000000000000000000000000000000000000000000000000000000000000000002C50000049E4000000000000000000000000000000000000000000000000000000000000000000000000000000000000000000000000000000
	0000000000000000000000000000000000000000000000000000000000000000000000000000000000000000000000000000000000000000000000000000000000000000000000000000000000000000000000000000000000000000000000000000000000000000000000000000000000000000000000000000002C500000
	49E40000000000000000000000000000000000000000000000000000000000000000000000000000000000000000000000000000000000000000000000000000000000000000000000000000000000000000000000000000000000000000000000000000000000000000000000000000000000000000000000000000000000
	000000000000000000000000000000000000000000000000000000000000000000000000000000000000000000000000002C500000F79E000000000000000000000000000000000000000000000000000000000000000000000000000000000000000000000000000000000000000000000000000000000000000000000000
	0000000000000000000000000000000000000000000018470000F79E000000000000000000000000000000000000000000000000000000000000000000000000000000000000000000000000000000000000000000000000000000000000000000000000000000000000000000000000000000000000000000001847000009
	550000B52456E84A9AA956B76454A84A9ABB56A56454A8DA9E2B72A544D4AC5BBA2A52A544DDAD52BB2A52ED4495BF52A96A52ADD6952D52A96ED22956152D76A94AD2295F352456E94A9B2956376454A94A9B3B56256454A9000F17480000C055000000020040000000000008490000000000002000000000240400800000
	0000001000001200000200400000000000084900000000000E4A000048F200000008004000000200000000000000100000000000000080040020010000000000000008000000000000004000000200100080000000000400000000000000200000000001000800400000020000000000000010000000000000000000184900
	00567B000000000004000000000000200002000020000000000000000200000000100001000010000000000000000000018000080000800000000800000000000000004000040000400000000000040000000000002000020000200000000000001842000099BC000000000000000000000000000000000000000000000000
	00000000000000000000000000000000000000000000000000000000000000000000000000000000000000000000000000000000000000000000000000000000000017430000EBF200000000000000000000000000000000000000000000000000000000000000000000000000000000000000000000000000000000000000
	0000000000000000000000000000000000000000000000000000000000000016440000EBF2000000000000000000000000000000000000000000000000000000000000000000000000000000000000000000000000000000000000000000000000000000000000000000000000000000000000000000000000000016440000
	E17B000000000000000000000000000000000000000000000000000000000000000000000000000000000000000000000000000000000000000000000000000000000000000000000000000000000000000000000000000000000000174E0000E17B0000000000000000000000000000000000000000000000000000000000
	00000000000000000000000000000000000000000000000000000000000000000000000000000000000000000000000000000000000000000000000000174E00001A26000000000000000000000000000000000000000000000000000000000000000000000000000000000000000000000000000000000000000000000000
	00000000000000000000000000000000000000000000000000000000000000000000184D000002A1000000000200124090408008000800000000000000000000000001000900482040200004000400000000000000000000000004802480201000100002000200000000000000000000020012401040000800080001000100
	00000000000000184D00001A2600000000000000000000000000000000000000000000000000000000000000000000000000000000000000000000000000000000000000000000000000000000000000000000000000000000000000000000000000000000000000000000184D0000FD690000000000000000000000000000
	00000000000000000000000000000000000000000000000000000000000000000000000000000000000000000000000000000000000000000000000000000000000000000000000000000000000000000000000000000000000000000000000000000000000000000000000000000000000000000000000000000000000000
	000000000000000000000000000000000000000000000000000000000000000000000000002D4C0000FD69000000000000000000000000000000000000000000000000000000000000000000000000000000000000000000000000000000000000000000000000000000000000000000000000000000000000000000000000
	000000000000000000000000000000000000000000000000000000000000000000000000000000000000000000000000000000000000000000000000000000000000000000000000000000000000000000000000000000000000000000002D4C000082F5000000000000000000000000000000000000000000000000000000
	00000000000000000000000000000000000000000000000000000000000000000000000000000000000000000000000000000000000000000000000000000000000000000000000000000000000000000000000000000000000000000000000000000000000000000000000000000000000000000000000000000000000000
	000000000000000000000000000000000000000000000000000000002E4B000082F5000000000000000000000000000000000000000000000000000000000000000000000000000000000000000000000000000000000000000000000000000000000000000000000000000000000000000000000000000000000000000000
	00000000000000000000000000000000000000000000000000000000000000000000000000000000000000000000000000000000000000000000000000000000000000000000000000000000000000000000000000000000002E4B000082F50000000000000000000000000000000000000000000000000000000000000000
	00000000000000000000000000000000000000000000000000000000000000000000000000000000000000000000000000000000000000000000000000000000000000000000000000000000000000000000000000000000000000000000000000000000000000000000000000000000000000000000000000000000000000
	00000000000000000000000000000000000000000000002E4B0000E8760000000000000000000000000000000000000000000000000000000000000000000000000000000000000000000000000000000000000000000000000000000000000000000000000000000000000000000000000000000000000000000000000000
	00000000000000000000000000000000000000000000000000000000000000000000000000000000000000000000000000000000000000000000000000000000000000000000000000000000000000002D400000E8760000000000000000000000000000000000000000000000000000000000000000000000000000000000
	00000000000000000000000000000000000000000000000000000000000000000000000000000000000000000000000000000000000000000000000000000000000000000000000000000000000000000000000000000000000000000000000000000000000000000000000000000000000000000000000000000000000000
	000000000000000000002D400000E876000000000000000000000000000000000000000000000000000000000000000000000000000000000000000000000000000000000000000000000000000000000000000000000000000000000000000000000000000000000000000000000000000000000000000000000000000000
	000000000000000000000000000000000000000000000000000000000000000000000000000000000000000000000000000000000000000000000000000000000000002D400000E876000000000000000000000000000000000000000000000000000000000000000000000000000000000000000000000000000000000000
	000000000000000000000000000000000000000000000000000000000000000000000000000000000000000000000000000000000000000000000000000000000000000000000000000000000000000000000000000000000000000000000000000000000000000000000000000000000000000000000000000000002D4000
	00951A00000000000000000000000000000000000000000000000000000000000000000000000000000000000000000000000000000000000000000000000000000000000000000000000000000000000000000000000000000000000000000000000000000000000000000000000000000000000000000000000000000000
	000000000000000000000000000000000000000000000000000000000000000000000000000000000000000000000000000000000000000000002E450000951A000000000000000000000000000000000000000000000000000000000000000000000000000000000000000000000000000000000000000000000000000000
	00000000000000000000000000000000000000000000000000000000000000000000000000000000000000000000000000000000000000000000000000000000000000000000000000000000000000000000000000000000000000000000000000000000000000000000000000000000000000000000002E450000D8C30000
	00000000000000000000000000000000000000000000000000000000000000000000000000000000000000000000000000000000000000000000000000000000000000000000000000000000000000000000000000000000000000000000000000000000000000000000000000000000000000000000000000000000000000
	0000000000000000000000000000000000000000000000000000000000000000000000000000000000000000002C460000D8C300000000000000000000000000000000000000000000000000000000000000000000000000000000000000000000000000000000000000000000000000000000000000000000000000000000
	00000000000000000000000000000000000000000000000000000000000000000000000000000000000000000000000000000000000000000000000000000000000000000000000000000000000000000000000000000000000000000000000000002C460000D8C30000000000000000000000000000000000000000000000
	00000000000000000000000000000000000000000000000000000000000000000000000000000000000000000000000000000000000000000000000000000000000000000000000000000000000000000000000000000000000000000000000000000000000000000000000000000000000000000000000000000000000000
	0000000000000000000000000000000000000000000000002C4600006B3500000000000000000000000000000000000000000000000000000000000000000000000000000000000000000000000000000000000000000000000000000000000000000000000000000000000000000000000000000000000000000000000000
	0000000000000000000000000000000000000000000000000000000000000000000000000000000000000000000000000000000000000000000000000000000000000000002A4100005F7800000000000000000000000000000000000000000000000000000000000000000000000000000000000000000000000000000000
	00000000000000000000000000000000000000000000000000000000000000000000000000000000000000000000000000000000000000000000000000000000000000000000000000000000000000000000000000000000000000000000000000000000000000000000000000000000000000000000000000000000000000
	000000000000002F4F00005F78000000000000000000000000000000000000000000000000000000000000000000000000000000000000000000000000000000000000000000000000000000000000000000000000000000000000000000000000000000000000000000000000000000000000000000000000000000000000
	0000000000000000000000000000000000000000000000000000000000000000000000000000000000000000000000000000000000000000000000000000000000000000000000002F4F00005F7800000000000000000000000000000000000000000000000000000000000000000000000000000000000000000000000000
	00000000000000000000000000000000000000000000000000000000000000000000000000000000000000000000000000000000000000000000000000000000000000000000000000000000000000000000000000000000000000000000000000000000000000000000000000000000000000000000000000000000000000
	000000000000000000002F4F00001B3F000000000000000000000000000000000000000000000000000000000000000000000000000000000000000000000000000000000000000000000000000000000000000000000000000000000000000000000000000000000000000000000000000000000000000000000000000000
	00000000000000000000000000000000000000000000000000000000000000000000000000000000000000000000000000000000000000000000002B7200001B3F0000000000000000000000000000000000000000000000000000000000000000000000000000000000000000000000000000000000000000000000000000
	0000000000000000000000000000000000000000000000000000000000000000000000000000000000000000000000000000000000000000000000000000000000000000000000000000000000000000000000000000000000000000000000000000000000000000000000002B7200001B3F00000000000000000000000000
	00000000000000000000000000000000000000000000000000000000000000000000000000000000000000000000000000000000000000000000000000000000000000000000000000000000000000000000000000000000000000000000000000000000000000000000000000000000000000000000000000000000000000
	0000000000000000000000000000000000000000000000000000000000002B720000337400000000000000000000000000000000000000000000000000000000000000000000000000000000000000000000000000000000000000000000000000000000000000000000000000000000000000000000000000000000000017
	5600003374000000000000000000000000000000000000000000000000000000000000000000000000000000000000000000000000000000000000000000000000000000000000000000000000000000000000000000000000000000000000175600003E160000000000000000000000000000000000000000000000000000
	000000000000000000000000000000000000000000000000000000000000000000000010000000000000000000000000000000000000000015550000F6A40000000000000000000000000000000000000000000000000000000000000000000000000000000000000000000000000000000000000000000000000000000000
	000000000000000000000000000000000000000000000000000000000000000000000000000000000000000000000000000000000000000000000000000000000000000000000000000000000000000000000000000000000000000000285E0000F6A400000000000000000000000000000000000000000000000000000000
	00000000000000000000000000000000000000000000000000000000000000000000000000000000000000000000000000000000000000000000000000000000000000000000000000000000000000000000000000000000000000000000000000000000000000000000000000000000000000000000000000000000000000
	000000285E0000F6A400000000000000000000000000000000000000000000000000000000000000000000000000000000000000000000000000000000000000000000000000000000000000000000000000000000000000000000000000000000000000000000000000000000000000000000000000000000000000000000
	00000000000000000000000000000000000000000000000000000000000000000000000000000000285E0000FCDA000000000000000000000000000000000000000000000000000000000000000000000000000000000000000000000000000000000000000000000000000000000000000000000000000000000000000000
	00000000000000000000000000000000000000000000000000000000000000000000000000000000000000000000000000000000000000000000000000000000000000000000000000000000000000000029710000FCDA00000000000000000000000000000000000000000000000000000000000000000000000000000000
	000000000000000000000000000000000000000000000000000000000000000000000000000000000000000000000000000000000000000000000000000000000000000000000000000000000000000000000000000000000000000000000000000000000000000000000000000000000000000000000000000029710000FC
	DA000000000000000000000000000000000000000000000000000000000000000000000000000000000000000000000000000000000000000000000000000000000000000000000000000000000000000000000000000000000000000000000000000000000000000000000000000000000000000000000000000000000000
	00000000000000000000000000000000000000000000000000000000000000000000000029710000FCDA00000000000000000000000000000000000000000000000000000000000000000000000000000000000000000000000000000000000000000000000000000000000000000000000000000000000000000000000000
	000000000000000000000000000000000000000000000000000000000000000000000000000000000000000000000000000000000000000000000000000000000000000000000000000000000029710000FCDA0000000000000000000000000000000000000000000000000000000000000000000000000000000000000000
	0000000000000000000000000000000000000000000000000000000000000000000000000000000000000000000000000000000000000000000000000000000000000000000000000000000000000000000000000000000000000000000000000000000000000000000000000000000000000000000029710000FCDA000000
	00000000000000000000000000000000000000000000000000000000000000000000000000000000000000000000000000000000000000000000000000000000000000000000000000000000000000000000000000000000000000000000000000000000000000000000000000000000000000000000000000000000000000
	000000000000000000000000000000000000000000000000000000000000000029710000FCDA0000000000000000000000000000000000000000000000000000000000000000000000000000000000000000000000000000000000000000000000000000000000000000000000000000000000000000000000000000000000
	0000000000000000000000000000000000000000000000000000000000000000000000000000000000000000000000000000000000000000000000000000000000000000000000000029710000FCDA000000000000000000000000000000000000000000000000000000000000000000000000000000000000000000000000
	00000000000000000000000000000000000000000000000000000000000000000000000000000000000000000000000000000000000000000000000000000000000000000000000000000000000000000000000000000000000000000000000000000000000000000000000000000000000029710000E94D00000000000000
	00000000000000000000000000000000000000000000000000000000000000000000000000000000000000000000000000000000000000000000000000000000000000000000000000000000000000000000000000000000000000000000000000000000000000000000000000000000000000000000000000000000000000
	00000000000000000000000000000000000000000000000000000000000000000000000000000000000000002D730000D3E5000030100002000000000000000000000000000000000000000000000000000001000280183020080002000000000000000000000000000000000000000000000000000003800C203008000400
	0000000000000000000000000000000000000000000000000001000400182020040000000000000000000000000000000000000000000000000000000001000C203010000200010000000000000000000000000000000000000000000000000100040000102D730000F98F0000000000000000000000000000000000000300
	0B603878701E4007000100000000000100000000000000000000000000000000010103C01AF0783C600E000200000000000000000001000000010000000000000000000003800FA03C38301E0006000100010000000000000000000000000000000000000000010005811CB0383D200E000200000000000000000000000000
	000000000000000000000001800DA03C38301E0007000100000000000000002D73000036C6000000400000400400000000000000000000000000000001000100000000000000010000004000004004000000000001000000000000000000000000000000000000000000000001000000100002000000000000000000000000
	000000010001000000000000000000000080001000080002000000010001000000000000000000000000000000000000000000800000000800040000000000000000000000000000000000000000000000000000000000802D730000CFD0000008203018000200000000000000000000000000000000000000000000000000
	0001000280183020080002000000000000000000000000000000000000000000000000000003800C2030080004000000000000000000000000000000000000000000000000000001000400182020040000000000000000000000000000000000000000000000000000000001000C2030100002000100000000000000000000
	0000000000000000000000000000010000002D730000E94D00000000000000000000000000000000000000000000000000000000000000000000000000000000000000000000000000000000000000000000000000000000000000000000000000000000000000000000000000000000000000000000000000000000000000
	0000000000000000000000000000000000000000000000000000000000000000000000000000000000000000000000000000000000000000000000000000000000000000000000000000002D730000E94D00000000000000000000000000000000000000000000000000000000000000000000000000000000000000000000
	00000000000000000000000000000000000000000000000000000000000000000000000000000000000000000000000000000000000000000000000000000000000000000000000000000000000000000000000000000000000000000000000000000000000000000000000000000000000000000000000000000000000000
	00000000002D730000E94D0000000000000000000000000000000000000000000000000000000000000000000000000000000000000000000000000000000000000000000000000000000000000000000000000000000000000000000000000000000000000000000000000000000000000000000000000000000000000000
	00000000000000000000000000000000000000000000000000000000000000000000000000000000000000000000000000000000000000000000000000002D730000E94D0000000000000000000000000000000000000000000000000000000000000000000000000000000000000000000000000000000000000000000000
	00000000000000000000000000000000000000000000000000000000000000000000000000000000000000000000000000000000000000000000000000000000000000000000000000000000000000000000000000000000000000000000000000000000000000000000000000000000000000000000002D730000DDC60000
	00000000000000000000000000000000000000000000000000000000000000000000000000000000000000000000000000000000000000000000000000000000000000000000000000000000000000000000000000000000000000000000000000000000000000000000001000000000000000000000000000000000000000
	000000000000000000000000000000000000000000000000000000000000000000000000000000000000000000000000002D730000E94D000000000000000000000000000000000000000000000000000000000000000000000000000000000000000000000000000000000000000000000000000000000000000000000000
	000000000000000000000000000000000000000000000000000000000000000000000000000000000000000000000000000000000000000000000000000000000000000000000000000000000000000000000000000000000000000000000000000000000000000000002D730000E94D000000000000000000000000000000
	00000000000000000000000000000000000000000000000000000000000000000000000000000000000000000000000000000000000000000000000000000000000000000000000000000000000000000000000000000000000000000000000000000000000000000000000000000000000000000000000000000000000000
	0000000000000000000000000000000000000000000000000000000000000000000000002D7300000EFC00000000000000000000000000000000000000000000000000000000000000000000000000000000000000000000000000000000000000000000000000000000000000000000000000000000000000000000000000
	0000000000000000000000000000000000000000000000001000008000000000000000000000000000000000000000000000000000000000000000000000000000000000000000000000000000000000000000000000000000000000002D730000FFFFFFFFFFFFFFFFFFFFFFFFFFFFFFFFFFFFFFFFFFFFFFFFFFFFFFFFFFFF
	FFFFFFFFFFFFFFFFFFFFFFFFFFFFFFFFFFFFFFFFFFFFFFFFFFFFFFFFFFFFFFFFFFFF919100000000000000000000000000000000000000000000000000000000000000000000000000000000000000000000000000000000000000000000000000000000000000000000000000000000000000000000000000000000000000
	0000000000000000000000000000000000000000000000000000000000000000000000000000000000000000000000000000000000000000000000000000000000000088888888888888888888888888888888880000000077000000FFFF0000000000000000000000CFCFCFCFCFCFCFCFCFCFCFCFCFCFCFCFCF0000000010
	000000FFFF0000000000000000000000CFCFCFCFCFCFCFCFCFCFCFCFCFCFCFCFCF0000000010000000000000FFE6000000FFFF000000000000000000000088888888888888888888888888888888880000000075020000FDFD000000000000000C000000C8C8C8C8C8C8C8C8C8C8C8C8C8C8C8C8C80000000027000000FFFF
	0000000000000000000000CFCFCFCFCFCFCFCFCFCFCFCFCFCFCFCFCF0000000000000000FFFF0000000000000000000000CFCFCFCFCFCFCFCFCFCFCFCFCFCFCFCFCF0000000000000000FFFF0000000000000000000000C8C8C8C8C8C8C8C8C8C8C8C8C8C8C8C8C80000000027000000FFFF000000000000000C0000004A4A
	4A4A4A4A4A4A4A4A4A4A4A4A4A4A4A00000000A5000000FFFF0000000000000000000000CFCFCFCFCFCFCFCFCFCFCFCFCFCF0000000083390000CFCFCF0000000000000000FFFF0000000000000000000000CDCDCDCDCDCDCDCDCDCDCDCDCDCDCDCDCD0000000002000000FFFF00000000000000000000004A4A4A4A4A4A4A
	4A4A4A4A4A4A4A4A4A4A00000000A5000000FFFF000000000000000C0000004E4E4E4E4E4E4E4E4E4E4E4E4E4E4E4E4E0000000081000000FFFF0000000000000000000000CFCFCFCFCFCFCFCFCFCFCFCFCFCFCFCFCF0000000000000000FFFF00000000000000000000004F4F4F4F4F4F4F4F4F4F4F4F4F4F4F4F4F000000
	0080000000FFFF0000000000000000000000CECECECECECECECECECECECECECECECECE0000000001000000FFFF000000000000000C0000004646464600000000DE5100004646464646464646464646464600000000090000007F7F00000000000000000000004F4F4F4F4F4F4F4F4F4F4F4F4F4F4F4F4F0000000080000000
	FFFF000000000000000000000047474747474747474747474747474747470000000088000000FFFF00000000000000000000004F4F4F4F4F4F4F4F4F4F4F4F4F4F4F4F4F0000000000000000FFFF800000000000000C0000004E4E4E4E4E4E4E4E4E4E4E4E4E4E4E4E4E0000000080000000FFFF0100000000000000000000
	CFCFCFCFCFCFCFCFCFCFCFCFCFCFCFCFCF0000000000000000FFFF0000000000000000000000CECECECECECECECECECECECECECECECECE0000000001000000FFFF000000000000000000828800000000000000004E4E4E4E4E4E4E4E4E4E4E4E4E4E4E4E4E0000000081000000FFFF010000000000000C0000004343434342
	42424243424243434342424200010000BC000000FEFE0000000000000000000000CFCFCFCFCFCFCFCFCFCFCFCFCFCFCFCFCF0000000030000000FFFF00000000000000000000004F4F4F4F4F4F4F4F4F4F4F4F4F4F4F4F4F0000000090000000FFFF0000000000000000000000424242424242424242424242424242424200
	000000BD000000FFFF010000000000000C0000004A4A4A4E4A4E4A4A4A4A4E4E4A4A4E4A4A0004000021000000FBFB8000000000000000000000CFCFCFCFCFCFCFCFCFCFCFCFCFCFCFCFCF000000002000000000E3FE0000000000FFFF0000000000000000000000CBCBCBCBCBCBCBCBCBCBCBCBCBCBCBCBCB000000002400
	0000FFFF000000000000000000000042424246424642424242464642424642420004000029000000FBFB800000000000000C0000004C4C4C4C4C4C4C4C4C4C4C4C4C4C4C4C4C0000000092010000FEFE0000000000000000000000CFCFCFCFCFCFCFCFCFCFCFCFCFCFCFCFCF0000000010000000FFFF000000000000000000
	00008F8F8F8F8F8F8F8F8F8F8F8F8F8F8F8F8F0000000050000000FFFF00000000000000000000004848484C484C484848484C4C48484C48480004000093000000FBFB000000000000000C00000049C9494D494D494949494F4D0000000045BF00004B494D49490004000000000000797900000000000000000000004D4D4D
	4D4D4D4D4D4D4D4D4D4D4D4D4D4D00000000000000007D7D00000000000000000000004D4D4D4D4D4D4D4D4D4D4D4D4D4D4D4D4D00000000000000007D7D0000000000000000000000090909090909090989098909890989098902000200C68082007F7D000080020202000C0000000A08088C080C080808080C0C0A080C08
	080004000040000000686800000000000000000000004C4C4C4C4C4C4C4C4C4C4C4C4C4C4C4C4C00000000000000006C6C00000000000000000000004C4C4C4C4C4C4C4C4C4C4C4C4C4C4C4C4C00000000000000006C6C0000000000000000000000484800000000BDAA0000484C484C484848484C4C48484C484800040000
	000000006868000000000000000C0000004848484C484C484848484C4C48484C48480004000000000000686800000000000000000000004C4C4C4C4C4C4C4C4C4C4C4C4C4C4C4C4C00000000000000006C6C80000000008000000000004C4C4C4C4C4C4C4C4C4C4C4C4C4CCCCC4C00000080000000006C6C80000000008000
	000000004848484C484C484848484C4C4848CCC84800040080000000006868000000000000000C00000048484848484848484848484848484848480000000000000000686800000000000000000000004848484848484848484848484848484848000000000000000068680000000000000069070000000000000000000048
	48484848484848484848484848484848000000000000000068680000000000000000000000484848484848484848484848484848484800000000000000006868000000000000000800000040404040404040404040404040404040400000000008000000686800000000000000000000004848484848484848484848484848
	48484800000000000000006868000000000000000000000048484848484848484848484848484848480000000000000000686800000000000000000000004040404040404040404040404040404040000000000800000068680000000000000008000000404040404040404040404840484040404000000000000000A81600
	00002000000060600000000000000000000000404040404040404040404040404040404000000000000000006060000000000000000000000040404040404040404040404040404040400000000000000000606000000000000000000000004040404040404040404040404040404040080008002800080068600000000808
	08000000000008000000000000000000200028000000000000000040000000404000000000000000000000004040404040404040404040404040404040000000000000000040400000000000000000000000404040404040404040404040404040404000000000000000004040000000000000000000000000000000000000
	000000000000009BBD00000000000000000020002000600020006040000000202020000000000020000000000000000000000020000000000000000000000000000000000000000000000000000000000000000000000000000000000000000000000000000000000000000000000000000000000000000000000000080800
	00000000000000000000000000000000000000000000000000000000000000000000000000000000000000000000000000000000000000000000000000000000000000000000000000000000000000000000000000000000000000000000000000000000000000000000000000000000000000000000000000000000000000
	00000000000000000000FFFFFF00000000FFFFFFFFFFFFFFFFFFFFFFFFFFFFFFFF40C30000FFFFFFDCFFFFFFC6FFFFFFDEFFFFFFDEFFFFFFD4FFFFFFD4FFFFFFFCFFFFFFECFFFFFFC4FFFFFFECFFFFFFC4FFFFFFE7FFFFFFE4FFFFFFC5FFFFFFCDFFFFFFC4FFFFFFE6FFFFFFC4FFFFFFCDFFFFFFCDFFFFFFF4FFFFFFE4FFFF
	FFDDFFFFFFFDFFFFFFFDFFFFFFECFFFFFFFEFFFFFFFEFFFFFFEFFFFFFFFFFFFFFFFEFFFFFFCFFFFFFFCFFFFFFFFFFFFFFFCFFFFFFFFFFFFFFFFFFFFFFF9F6A6A6A6AFFFFFFFFFFFFFFFFFFFFFFFFFFFFFFFFFFFFFFFFFFFFFFFFFFFFFFFFFFFFFFFFFFFFFFFFFFFFFFFFFFFFFFFFFFFFFFFFFFFFFFFFFFFFFFFFFFFFFFFFFF
	FFFFFFFFFFFFFFFFFFFFFFFFFFFFFFFFFFFFFFFFFFFFFFFFFFFFFFFFFFFFFFFFFFFFFFFFFFFFFFFFFFFFFFFFFFFFFFFFFFFFFFFFFFFFFFFFFFFFFFFFFFFFFFFFFFFFFFFFFFFFFFFFFFFFFFFFFFFFFFFFFFFFFFFFFFFFFFFFFF);
SIR 10 TDI (004);
RUNTEST 125 TCK;
SDR 1140 TDI (0000000000000000000000000000000000000000000000000000000000000000000000000000000000000000000000000000000000000000000000000000000000000000000000000000000000000000000000000000000000000000000000000000000000000000000000000000000000000000000000000
	00000000000000000000000000000000000000000000) TDO (00000000000000000000000000000000000000000000000000000000000000000000000000000000000000000000000000000000000000000000000000000000000000000000000000000000000000000000000000000000000000000000000000000000000
	0000000000000000000000000000000000000000000000000000000000000000000000000000002000) MASK (000000000000000000000000000000000000000000000000000000000000000000000000000000000000000000000000000000000000000000000000000000000000000000000000000000000000000000000
	000000000000000000000000000000000000000000000000000000000000000000000000000000000000000000000000000000000000000000002000);
SIR 10 TDI (003);
RUNTEST 102400 TCK;
RUNTEST 512 TCK;
SIR 10 TDI (3FF);
RUNTEST 25000 TCK;
STATE IDLE;
